# Blender 4.5.3 LTS
# www.blender.org
o SK_Fox.001
v 0.000000 0.214500 -0.111535
v -0.019300 0.216000 -0.109435
v 0.000000 0.217600 -0.136735
v -0.014500 0.215500 -0.145035
v -0.000000 0.232600 -0.160935
v -0.013600 0.229500 -0.163635
v -0.000000 0.247300 -0.175335
v -0.009600 0.247000 -0.180335
v -0.028200 0.225900 -0.178735
v -0.005700 0.266900 -0.187535
v -0.000000 0.265800 -0.184935
v -0.000000 0.282800 -0.192935
v -0.021700 0.245900 -0.189035
v -0.019100 0.262700 -0.195935
v -0.014500 0.278700 -0.200635
v -0.043600 0.246300 -0.193335
v -0.045100 0.227300 -0.183835
v -0.039600 0.261900 -0.200935
v -0.038600 0.281000 -0.205435
v -0.061800 0.247000 -0.186435
v -0.061900 0.227900 -0.176735
v -0.063000 0.263900 -0.192635
v -0.060900 0.280400 -0.197135
v -0.074800 0.247400 -0.161535
v -0.074200 0.229000 -0.156735
v -0.074700 0.266000 -0.166435
v -0.081100 0.248700 -0.133135
v -0.078400 0.229400 -0.131235
v -0.081600 0.268700 -0.135535
v -0.084000 0.249600 -0.103235
v -0.082700 0.227400 -0.105435
v -0.077300 0.226600 -0.084535
v -0.075100 0.284500 -0.173735
v -0.079300 0.250600 -0.075235
v -0.081600 0.288900 -0.140035
v -0.086100 0.271000 -0.102035
v -0.068700 0.249200 -0.065535
v -0.065500 0.225800 -0.073735
v -0.053200 0.231100 -0.075335
v -0.084400 0.271800 -0.068435
v -0.088300 0.291700 -0.103635
v -0.083200 0.290000 -0.067235
v -0.077300 0.272500 -0.050235
v -0.079700 0.289300 -0.053035
v -0.083600 0.313300 -0.072335
v -0.078700 0.313600 -0.052935
v -0.087100 0.314800 -0.109035
v -0.081400 0.310300 -0.147235
v -0.077200 0.341900 -0.083635
v -0.071100 0.302700 -0.183635
v -0.084700 0.340900 -0.117235
v -0.077100 0.334400 -0.154035
v -0.055900 0.297900 -0.202235
v -0.063300 0.325300 -0.190935
v -0.036000 0.296600 -0.207535
v -0.045100 0.322500 -0.204635
v -0.016300 0.305300 -0.202435
v -0.000000 0.309000 -0.194635
v -0.000000 0.328800 -0.195535
v -0.018900 0.331300 -0.198735
v -0.032000 0.352300 -0.208135
v -0.043300 0.356100 -0.193335
v -0.020800 0.368400 -0.202335
v -0.058200 0.347600 -0.184535
v -0.029300 0.387600 -0.164735
v -0.000000 0.392400 -0.164135
v -0.000000 0.376000 -0.203535
v -0.053600 0.375800 -0.162135
v -0.068900 0.357600 -0.157435
v -0.073000 0.362900 -0.123335
v -0.033300 0.397200 -0.124435
v 0.000000 0.403700 -0.119535
v -0.056800 0.380600 -0.123735
v -0.071700 0.361700 -0.096535
v -0.034500 0.395600 -0.089635
v 0.000000 0.404700 -0.092135
v -0.059100 0.374500 -0.085235
v 0.000000 0.401600 -0.059335
v -0.069200 0.351100 -0.060735
v -0.055000 0.375100 -0.057435
v -0.031900 0.395500 -0.058135
v -0.030500 0.395500 -0.026235
v 0.000000 0.402200 -0.024735
v -0.072200 0.347600 -0.025035
v -0.054900 0.374700 -0.025635
v -0.030300 0.393800 0.005465
v 0.000000 0.400100 0.004565
v 0.000000 0.399700 0.029665
v -0.056700 0.375800 0.007365
v -0.030100 0.392000 0.036965
v 0.000000 0.400900 0.071865
v -0.074100 0.348300 0.008865
v -0.030000 0.392600 0.072065
v 0.000000 0.403400 0.102265
v -0.054600 0.373300 0.041065
v -0.030300 0.396400 0.104265
v 0.000000 0.411800 0.131665
v -0.054100 0.373500 0.075665
v -0.072700 0.347100 0.043965
v -0.029800 0.404100 0.133265
v 0.000000 0.417600 0.155765
v -0.055300 0.377300 0.109165
v -0.027700 0.410800 0.158265
v 0.000000 0.424400 0.176265
v -0.055500 0.388000 0.138865
v -0.025300 0.419300 0.179965
v 0.000000 0.433700 0.198565
v -0.050900 0.394900 0.165165
v -0.074900 0.361100 0.149265
v -0.023300 0.430000 0.200365
v -0.046200 0.403600 0.187765
v -0.021300 0.441600 0.220465
v 0.000000 0.444700 0.221965
v -0.042700 0.414800 0.208665
v -0.067600 0.370100 0.175965
v -0.019500 0.455700 0.236765
v 0.000000 0.461400 0.235565
v 0.000000 0.472300 0.250865
v -0.042500 0.430500 0.226565
v -0.017000 0.468400 0.252865
v -0.040000 0.446600 0.242065
v -0.058500 0.412100 0.241065
v -0.059500 0.435600 0.251165
v -0.036500 0.462000 0.255865
v -0.015300 0.485200 0.266365
v 0.000000 0.485200 0.263665
v 0.000000 0.496200 0.288065
v -0.042500 0.478800 0.267265
v -0.055700 0.452100 0.263165
v -0.059300 0.469200 0.274165
v -0.032200 0.493000 0.277965
v -0.049200 0.483300 0.275665
v -0.067800 0.482600 0.288565
v -0.054100 0.496300 0.288065
v -0.073100 0.471000 0.295565
v -0.038400 0.502900 0.291565
v -0.070000 0.458400 0.280765
v -0.074000 0.464000 0.300765
v -0.016400 0.497500 0.286365
v -0.026300 0.506600 0.301165
v -0.014500 0.503000 0.307165
v -0.020300 0.508800 0.312765
v 0.000000 0.501300 0.307565
v -0.011700 0.500100 0.324265
v 0.000000 0.497800 0.322465
v -0.007800 0.493500 0.339465
v -0.018600 0.499200 0.341665
v 0.000000 0.494000 0.341965
v -0.005900 0.486600 0.356065
v 0.000000 0.486700 0.354665
v -0.021000 0.487800 0.352765
v 0.000000 0.475700 0.365865
v -0.023150 0.478466 0.361908
v -0.009556 0.474882 0.368218
v -0.006461 0.464378 0.374977
v -0.000000 0.464400 0.373365
v 0.000000 0.457000 0.383265
v -0.017344 0.467352 0.371798
v -0.006000 0.457200 0.382865
v -0.036632 0.478597 0.356551
v -0.039200 0.487400 0.349265
v -0.051500 0.481200 0.342865
v -0.048161 0.473852 0.349279
v -0.063100 0.468600 0.334765
v -0.034067 0.470431 0.362912
v -0.043238 0.467140 0.357170
v -0.056700 0.463000 0.344865
v -0.024987 0.470002 0.367265
v -0.039137 0.462924 0.360479
v -0.032673 0.463162 0.364597
v -0.025339 0.463391 0.367912
v -0.047937 0.459652 0.351887
v -0.033438 0.458598 0.363352
v -0.041226 0.457585 0.358773
v -0.049292 0.450863 0.350108
v -0.025921 0.457708 0.366363
v -0.019569 0.460942 0.370817
v -0.013002 0.461044 0.375880
v -0.019914 0.455201 0.367333
v -0.015930 0.456355 0.373172
v -0.011216 0.454908 0.380712
v -0.021569 0.453587 0.366340
v -0.017458 0.452507 0.368581
v -0.014526 0.451334 0.376496
v -0.016306 0.448902 0.370879
v -0.019547 0.450741 0.367080
v -0.026389 0.456128 0.365688
v -0.021883 0.452716 0.365303
v -0.033696 0.456518 0.363043
v -0.026582 0.454782 0.364529
v -0.037001 0.454410 0.361249
v -0.032986 0.455263 0.362673
v -0.035071 0.453281 0.360440
v -0.041712 0.449947 0.357486
v -0.036831 0.450955 0.360642
v -0.032107 0.453285 0.361962
v -0.033664 0.451761 0.360642
v -0.026693 0.453384 0.363540
v -0.029992 0.451446 0.360545
v -0.032572 0.448299 0.362838
v -0.022631 0.452288 0.363787
v -0.026663 0.450089 0.361452
v -0.020108 0.450423 0.364194
v -0.022604 0.450280 0.362368
v -0.020275 0.448413 0.364374
v -0.023107 0.447998 0.363202
v -0.026726 0.446783 0.364252
v -0.020716 0.446519 0.365396
v -0.018705 0.448276 0.367741
v -0.018213 0.445873 0.367071
v -0.022880 0.443244 0.368071
v -0.017280 0.445135 0.372683
v -0.021517 0.441913 0.372865
v -0.015668 0.446882 0.380829
v -0.028045 0.443924 0.365873
v -0.011900 0.449100 0.387165
v -0.035454 0.445722 0.362457
v -0.027457 0.440267 0.372761
v -0.033320 0.440560 0.368141
v -0.040271 0.442642 0.362714
v -0.025711 0.439045 0.385183
v -0.035782 0.433513 0.379338
v -0.020034 0.443147 0.384486
v -0.042313 0.433542 0.373608
v -0.015400 0.443013 0.392920
v -0.021200 0.437643 0.393917
v -0.030200 0.432600 0.386863
v -0.007100 0.450700 0.391465
v 0.000000 0.451400 0.391965
v 0.000000 0.445351 0.401188
v -0.009600 0.443168 0.400332
v -0.017300 0.436048 0.401757
v -0.008200 0.439610 0.409142
v 0.000000 0.440385 0.409828
v -0.014600 0.434439 0.408444
v -0.025900 0.431462 0.394253
v -0.022800 0.430072 0.401173
v -0.008000 0.435729 0.417036
v 0.000000 0.437772 0.416330
v -0.013600 0.431317 0.415075
v -0.007800 0.431766 0.422907
v 0.000000 0.434844 0.423684
v -0.020600 0.428378 0.407610
v -0.007400 0.430966 0.428207
v 0.000000 0.433466 0.428907
v -0.012800 0.426466 0.421607
v -0.006600 0.430066 0.431807
v 0.000000 0.430666 0.433607
v 0.000000 0.427866 0.434507
v -0.009200 0.426466 0.426807
v -0.008100 0.428066 0.431307
v -0.005000 0.427666 0.433307
v -0.003800 0.425966 0.433407
v 0.000000 0.423666 0.433707
v -0.006700 0.426066 0.431507
v -0.002800 0.423766 0.432807
v 0.000000 0.419866 0.431607
v -0.004600 0.424366 0.430307
v -0.004100 0.422166 0.431107
v -0.006900 0.423166 0.430707
v -0.008700 0.424566 0.429007
v -0.007300 0.420066 0.429906
v 0.000000 0.414496 0.428167
v -0.011377 0.419664 0.426986
v -0.006427 0.413400 0.428185
v -0.006483 0.412801 0.426350
v 0.000000 0.413954 0.425838
v -0.011015 0.412978 0.426654
v -0.009640 0.412052 0.424231
v -0.015215 0.419184 0.422577
v -0.014721 0.412327 0.422191
v -0.013146 0.411395 0.420899
v -0.016998 0.423765 0.417307
v -0.018481 0.418695 0.417108
v -0.017450 0.412593 0.416148
v -0.014477 0.411791 0.414810
v -0.020369 0.419639 0.411606
v -0.018500 0.425946 0.412975
v -0.019560 0.413563 0.410281
v -0.016580 0.412461 0.409224
v -0.017788 0.413428 0.405172
v -0.020676 0.415670 0.405370
v -0.020100 0.415562 0.398508
v -0.021600 0.421471 0.406034
v -0.023000 0.416966 0.399093
v -0.022600 0.416453 0.390883
v -0.024400 0.423069 0.400184
v -0.026400 0.417765 0.392741
v -0.024600 0.416504 0.384850
v -0.027300 0.424365 0.393741
v -0.029600 0.418205 0.386347
v -0.026200 0.416200 0.380065
v -0.031700 0.425003 0.387155
v -0.032500 0.417400 0.379965
v -0.027800 0.415500 0.374365
v -0.037200 0.424900 0.380565
v -0.036800 0.415600 0.374965
v -0.031364 0.413500 0.369265
v -0.045600 0.423100 0.373465
v -0.034682 0.409900 0.363565
v -0.030412 0.411701 0.359965
v -0.033133 0.406831 0.361063
v -0.045228 0.409700 0.365665
v -0.038504 0.401490 0.360359
v -0.047956 0.433901 0.368640
v -0.053200 0.420800 0.361165
v -0.055008 0.432669 0.359469
v -0.051572 0.442582 0.353864
v -0.062500 0.427000 0.347165
v -0.061100 0.451400 0.343965
v -0.062300 0.441600 0.344565
v -0.070900 0.454100 0.334065
v -0.070800 0.464700 0.321365
v -0.072500 0.441000 0.333265
v -0.078500 0.452200 0.319365
v -0.079700 0.452400 0.308865
v -0.071800 0.465800 0.311165
v -0.078700 0.437900 0.321165
v -0.074800 0.451800 0.295065
v -0.080300 0.435500 0.307365
v -0.072300 0.426000 0.329665
v -0.080600 0.420900 0.316165
v -0.078900 0.428800 0.297165
v -0.077200 0.446200 0.286665
v -0.068100 0.443500 0.266965
v -0.070500 0.434200 0.272565
v -0.062600 0.427900 0.260665
v -0.065600 0.419700 0.267665
v -0.056200 0.411400 0.255865
v -0.072700 0.416400 0.281365
v -0.063100 0.383600 0.252065
v -0.060700 0.394900 0.268065
v -0.068100 0.409000 0.275965
v -0.060100 0.395400 0.219265
v -0.059400 0.379500 0.198765
v -0.064400 0.366800 0.232765
v -0.078600 0.341300 0.185665
v -0.069800 0.349300 0.211265
v -0.083300 0.335600 0.159565
v -0.083800 0.308900 0.190065
v -0.063500 0.337200 0.246165
v -0.082800 0.328800 0.138765
v -0.070000 0.303600 0.220065
v -0.085200 0.308600 0.161465
v -0.083200 0.278100 0.183665
v -0.074900 0.344300 0.118365
v -0.083000 0.307900 0.136765
v -0.068600 0.343700 0.080565
v -0.077300 0.312800 0.111265
v -0.085900 0.281800 0.156965
v -0.081300 0.284800 0.132465
v -0.075000 0.315700 0.078465
v -0.070900 0.287800 0.107565
v -0.079900 0.318000 0.044365
v -0.071300 0.290200 0.075965
v -0.081600 0.317600 0.010565
v -0.076800 0.291400 0.043065
v -0.079800 0.312300 -0.021535
v -0.080100 0.291600 0.010265
v -0.078800 0.290900 -0.022435
v -0.068400 0.267700 0.041065
v -0.071300 0.269200 0.009965
v -0.074400 0.270000 -0.022535
v -0.062800 0.266300 0.073965
v -0.059100 0.246900 -0.022135
v -0.066700 0.261300 0.102765
v -0.048000 0.241100 0.069865
v -0.053700 0.246800 0.037265
v -0.057400 0.248100 0.011365
v -0.025100 0.229400 0.005365
v -0.023600 0.225600 0.037965
v -0.059400 0.245100 -0.052235
v -0.030000 0.230200 -0.023735
v -0.029100 0.225600 -0.058735
v -0.038600 0.229500 -0.086835
v 0.000000 0.227800 -0.022035
v 0.000000 0.227300 0.005365
v 0.000000 0.225100 -0.052335
v 0.000000 0.220400 0.042665
v 0.000000 0.219400 -0.082635
v 0.000000 0.214200 0.063565
v -0.023600 0.223500 -0.083335
v -0.019300 0.216000 -0.109435
v 0.000000 0.214500 -0.111535
v -0.023800 0.216200 0.069765
v 0.000000 0.200600 0.096865
v -0.022500 0.202800 0.097265
v 0.000000 0.197500 0.121065
v -0.017200 0.198300 0.124465
v -0.030100 0.202300 0.125965
v -0.039600 0.211300 0.097165
v -0.048600 0.220700 0.092965
v -0.052200 0.233700 0.098265
v -0.060200 0.233900 0.102865
v -0.075600 0.233800 0.117065
v -0.080500 0.259900 0.126065
v -0.080100 0.232200 0.139465
v -0.083600 0.255600 0.149265
v -0.079700 0.225900 0.160865
v -0.082300 0.248700 0.173465
v -0.062100 0.235400 0.192665
v -0.065800 0.215200 0.177965
v -0.065200 0.267400 0.207665
v -0.049200 0.215000 0.177365
v -0.046500 0.232300 0.194665
v -0.037800 0.216800 0.173265
v -0.044900 0.257000 0.214165
v -0.048600 0.285700 0.227565
v -0.021600 0.228000 0.194365
v -0.023500 0.249300 0.213765
v -0.035100 0.261900 0.221765
v -0.020300 0.213300 0.172165
v -0.035900 0.202700 0.149665
v 0.000000 0.247900 0.216465
v 0.000000 0.226900 0.193965
v 0.000000 0.267400 0.237265
v 0.000000 0.210600 0.170065
v -0.021600 0.277800 0.239565
v 0.000000 0.287500 0.260565
v -0.018000 0.199100 0.149465
v -0.030100 0.202300 0.125965
v 0.000000 0.199400 0.148665
v -0.017200 0.198300 0.124465
v 0.000000 0.197500 0.121065
v -0.040000 0.284400 0.241865
v -0.028200 0.293100 0.252865
v -0.035800 0.301600 0.250565
v -0.020800 0.306900 0.263765
v 0.000000 0.303000 0.262465
v -0.045500 0.315000 0.257165
v -0.019600 0.331800 0.282265
v 0.000000 0.331100 0.286965
v 0.000000 0.345206 0.297038
v -0.041200 0.340700 0.274765
v -0.018900 0.348053 0.294448
v 0.000000 0.358957 0.304669
v -0.060000 0.358200 0.265265
v -0.037900 0.358412 0.287764
v -0.058900 0.374300 0.280565
v -0.016700 0.361504 0.305166
v -0.036200 0.371158 0.301115
v -0.067100 0.390900 0.280165
v -0.053600 0.380500 0.290865
v -0.070200 0.396900 0.286165
v -0.045700 0.381654 0.306135
v -0.075000 0.404800 0.293365
v -0.064700 0.388200 0.297265
v -0.080400 0.413600 0.304965
v -0.075900 0.397500 0.300465
v -0.080400 0.400100 0.311965
v -0.075500 0.409400 0.322765
v -0.072600 0.384000 0.308265
v -0.075400 0.393400 0.317765
v -0.064800 0.413500 0.337365
v -0.069700 0.397900 0.333965
v -0.058600 0.415200 0.349865
v -0.058100 0.404100 0.346565
v -0.051800 0.408300 0.356365
v -0.050300 0.396569 0.347854
v -0.044488 0.401395 0.354258
v -0.056800 0.393807 0.338358
v -0.040492 0.388903 0.340779
v -0.037201 0.391637 0.353010
v -0.070900 0.381300 0.328865
v -0.045400 0.384899 0.329886
v -0.073800 0.375100 0.319965
v -0.055000 0.383851 0.328935
v -0.064200 0.379320 0.319163
v -0.068500 0.377400 0.311465
v -0.053900 0.383513 0.311651
v -0.032300 0.378185 0.317921
v -0.025500 0.383778 0.325782
v -0.017100 0.374358 0.320263
v 0.000000 0.369321 0.322652
v -0.015400 0.376191 0.331735
v 0.000000 0.373130 0.331532
v -0.024921 0.383839 0.340184
v -0.016049 0.376727 0.340852
v 0.000031 0.374370 0.343362
v -0.017284 0.375125 0.350428
v 0.000058 0.371889 0.351279
v 0.000058 0.370225 0.358265
v -0.028082 0.384888 0.357486
v -0.017502 0.372812 0.361035
v 0.000013 0.367374 0.370165
v -0.032663 0.393869 0.361061
v -0.014033 0.365882 0.376010
v -0.031790 0.400066 0.363155
v -0.025791 0.402006 0.364754
v 0.000000 0.359911 0.382800
v -0.025900 0.391148 0.369199
v -0.021974 0.393785 0.371469
v -0.023017 0.377026 0.369407
v -0.022759 0.383597 0.378211
v -0.020278 0.385641 0.381330
v -0.019400 0.368579 0.381609
v -0.020600 0.376822 0.385935
v -0.018900 0.379535 0.387733
v -0.017900 0.371789 0.395207
v -0.017800 0.368957 0.394290
v -0.016100 0.366868 0.401759
v -0.012200 0.359690 0.384950
v -0.016800 0.361856 0.390407
v -0.009000 0.356514 0.390881
v 0.000000 0.355935 0.391336
v -0.015000 0.358722 0.397696
v -0.007800 0.355068 0.396833
v 0.000000 0.354719 0.395911
v -0.016100 0.365319 0.400992
v -0.011100 0.356249 0.401849
v -0.004200 0.353286 0.401865
v 0.000000 0.352530 0.402222
v -0.012900 0.362309 0.407353
v -0.013000 0.363229 0.408863
v -0.004900 0.354802 0.405956
v 0.000000 0.354141 0.406709
v -0.006600 0.360549 0.411876
v -0.006500 0.361415 0.412904
v 0.000000 0.359884 0.413350
v 0.000000 0.361059 0.414425
v 0.000000 0.217600 -0.136735
v 0.019300 0.216000 -0.109435
v 0.000000 0.214500 -0.111535
v 0.014500 0.215500 -0.145035
v -0.000000 0.232600 -0.160935
v 0.013600 0.229500 -0.163635
v -0.000000 0.247300 -0.175335
v 0.009600 0.247000 -0.180335
v 0.028200 0.225900 -0.178735
v 0.005700 0.266900 -0.187535
v -0.000000 0.265800 -0.184935
v -0.000000 0.282800 -0.192935
v 0.021700 0.245900 -0.189035
v 0.019100 0.262700 -0.195935
v 0.014500 0.278700 -0.200635
v 0.043600 0.246300 -0.193335
v 0.045100 0.227300 -0.183835
v 0.039600 0.261900 -0.200935
v 0.061800 0.247000 -0.186435
v 0.061900 0.227900 -0.176735
v 0.063000 0.263900 -0.192635
v 0.038600 0.281000 -0.205435
v 0.060900 0.280400 -0.197135
v 0.074700 0.266000 -0.166435
v 0.074800 0.247400 -0.161535
v 0.074200 0.229000 -0.156735
v 0.075100 0.284500 -0.173735
v 0.081100 0.248700 -0.133135
v 0.078400 0.229400 -0.131235
v 0.081600 0.268700 -0.135535
v 0.084000 0.249600 -0.103235
v 0.082700 0.227400 -0.105435
v 0.077300 0.226600 -0.084535
v 0.081600 0.288900 -0.140035
v 0.086100 0.271000 -0.102035
v 0.079300 0.250600 -0.075235
v 0.068700 0.249200 -0.065535
v 0.065500 0.225800 -0.073735
v 0.053200 0.231100 -0.075335
v 0.084400 0.271800 -0.068435
v 0.088300 0.291700 -0.103635
v 0.083200 0.290000 -0.067235
v 0.077300 0.272500 -0.050235
v 0.079700 0.289300 -0.053035
v 0.059400 0.245100 -0.052235
v 0.029100 0.225600 -0.058735
v 0.038600 0.229500 -0.086835
v 0.059100 0.246900 -0.022135
v 0.023600 0.223500 -0.083335
v 0.019300 0.216000 -0.109435
v 0.000000 0.219400 -0.082635
v 0.000000 0.214500 -0.111535
v 0.000000 0.225100 -0.052335
v 0.030000 0.230200 -0.023735
v 0.000000 0.227800 -0.022035
v 0.025100 0.229400 0.005365
v 0.000000 0.227300 0.005365
v 0.057400 0.248100 0.011365
v 0.023600 0.225600 0.037965
v 0.000000 0.220400 0.042665
v 0.000000 0.214200 0.063565
v 0.053700 0.246800 0.037265
v 0.071300 0.269200 0.009965
v 0.023800 0.216200 0.069765
v 0.000000 0.200600 0.096865
v 0.048000 0.241100 0.069865
v 0.022500 0.202800 0.097265
v 0.000000 0.197500 0.121065
v 0.017200 0.198300 0.124465
v 0.030100 0.202300 0.125965
v 0.039600 0.211300 0.097165
v 0.048600 0.220700 0.092965
v 0.052200 0.233700 0.098265
v 0.066700 0.261300 0.102765
v 0.060200 0.233900 0.102865
v 0.075600 0.233800 0.117065
v 0.068400 0.267700 0.041065
v 0.062800 0.266300 0.073965
v 0.080500 0.259900 0.126065
v 0.080100 0.232200 0.139465
v 0.071300 0.290200 0.075965
v 0.083600 0.255600 0.149265
v 0.079700 0.225900 0.160865
v 0.070900 0.287800 0.107565
v 0.081300 0.284800 0.132465
v 0.082300 0.248700 0.173465
v 0.085900 0.281800 0.156965
v 0.077300 0.312800 0.111265
v 0.083000 0.307900 0.136765
v 0.075000 0.315700 0.078465
v 0.076800 0.291400 0.043065
v 0.079900 0.318000 0.044365
v 0.080100 0.291600 0.010265
v 0.081600 0.317600 0.010565
v 0.068600 0.343700 0.080565
v 0.072700 0.347100 0.043965
v 0.079800 0.312300 -0.021535
v 0.074900 0.344300 0.118365
v 0.078800 0.290900 -0.022435
v 0.082800 0.328800 0.138765
v 0.074400 0.270000 -0.022535
v 0.078700 0.313600 -0.052935
v 0.072200 0.347600 -0.025035
v 0.083600 0.313300 -0.072335
v 0.069200 0.351100 -0.060735
v 0.087100 0.314800 -0.109035
v 0.077200 0.341900 -0.083635
v 0.081400 0.310300 -0.147235
v 0.084700 0.340900 -0.117235
v 0.071100 0.302700 -0.183635
v 0.077100 0.334400 -0.154035
v 0.055900 0.297900 -0.202235
v 0.063300 0.325300 -0.190935
v 0.036000 0.296600 -0.207535
v 0.045100 0.322500 -0.204635
v 0.016300 0.305300 -0.202435
v -0.000000 0.309000 -0.194635
v -0.000000 0.328800 -0.195535
v 0.018900 0.331300 -0.198735
v 0.032000 0.352300 -0.208135
v 0.043300 0.356100 -0.193335
v 0.020800 0.368400 -0.202335
v 0.058200 0.347600 -0.184535
v -0.000000 0.376000 -0.203535
v -0.000000 0.392400 -0.164135
v 0.068900 0.357600 -0.157435
v 0.029300 0.387600 -0.164735
v 0.053600 0.375800 -0.162135
v 0.033300 0.397200 -0.124435
v 0.000000 0.403700 -0.119535
v 0.073000 0.362900 -0.123335
v 0.056800 0.380600 -0.123735
v 0.071700 0.361700 -0.096535
v 0.059100 0.374500 -0.085235
v 0.034500 0.395600 -0.089635
v 0.000000 0.404700 -0.092135
v 0.000000 0.401600 -0.059335
v 0.055000 0.375100 -0.057435
v 0.031900 0.395500 -0.058135
v 0.030500 0.395500 -0.026235
v 0.000000 0.402200 -0.024735
v 0.054900 0.374700 -0.025635
v 0.030300 0.393800 0.005465
v 0.000000 0.400100 0.004565
v 0.000000 0.399700 0.029665
v 0.056700 0.375800 0.007365
v 0.030100 0.392000 0.036965
v 0.000000 0.400900 0.071865
v 0.074100 0.348300 0.008865
v 0.054600 0.373300 0.041065
v 0.030000 0.392600 0.072065
v 0.000000 0.403400 0.102265
v 0.054100 0.373500 0.075665
v 0.030300 0.396400 0.104265
v 0.000000 0.411800 0.131665
v 0.055300 0.377300 0.109165
v 0.029800 0.404100 0.133265
v 0.000000 0.417600 0.155765
v 0.074900 0.361100 0.149265
v 0.027700 0.410800 0.158265
v 0.000000 0.424400 0.176265
v 0.055500 0.388000 0.138865
v 0.025300 0.419300 0.179965
v 0.000000 0.433700 0.198565
v 0.050900 0.394900 0.165165
v 0.023300 0.430000 0.200365
v 0.046200 0.403600 0.187765
v 0.067600 0.370100 0.175965
v 0.021300 0.441600 0.220465
v 0.000000 0.444700 0.221965
v 0.042700 0.414800 0.208665
v 0.019500 0.455700 0.236765
v 0.000000 0.461400 0.235565
v 0.000000 0.472300 0.250865
v 0.042500 0.430500 0.226565
v 0.060100 0.395400 0.219265
v 0.040000 0.446600 0.242065
v 0.059400 0.379500 0.198765
v 0.058500 0.412100 0.241065
v 0.059500 0.435600 0.251165
v 0.017000 0.468400 0.252865
v 0.036500 0.462000 0.255865
v 0.015300 0.485200 0.266365
v 0.000000 0.485200 0.263665
v 0.000000 0.496200 0.288065
v 0.042500 0.478800 0.267265
v 0.055700 0.452100 0.263165
v 0.016400 0.497500 0.286365
v 0.059300 0.469200 0.274165
v 0.032200 0.493000 0.277965
v 0.049200 0.483300 0.275665
v 0.067800 0.482600 0.288565
v 0.054100 0.496300 0.288065
v 0.073100 0.471000 0.295565
v 0.038400 0.502900 0.291565
v 0.026300 0.506600 0.301165
v 0.070000 0.458400 0.280765
v 0.074000 0.464000 0.300765
v 0.014500 0.503000 0.307165
v 0.020300 0.508800 0.312765
v 0.000000 0.501300 0.307565
v 0.011700 0.500100 0.324265
v 0.000000 0.497800 0.322465
v 0.007800 0.493500 0.339465
v 0.018600 0.499200 0.341665
v 0.000000 0.494000 0.341965
v 0.005900 0.486600 0.356065
v 0.000000 0.486700 0.354665
v 0.021000 0.487800 0.352765
v 0.000000 0.475700 0.365865
v 0.023149 0.478466 0.361908
v 0.009555 0.474882 0.368218
v 0.006459 0.464378 0.374977
v -0.000000 0.464400 0.373365
v 0.000000 0.457000 0.383265
v 0.017343 0.467352 0.371798
v 0.036632 0.478597 0.356551
v 0.039200 0.487400 0.349265
v 0.051500 0.481200 0.342865
v 0.048162 0.473852 0.349279
v 0.063100 0.468600 0.334765
v 0.034067 0.470431 0.362912
v 0.043239 0.467140 0.357170
v 0.056700 0.463000 0.344865
v 0.024987 0.470002 0.367265
v 0.039137 0.462924 0.360479
v 0.032673 0.463162 0.364597
v 0.025339 0.463391 0.367912
v 0.047939 0.459652 0.351887
v 0.033438 0.458598 0.363352
v 0.041226 0.457586 0.358773
v 0.049294 0.450863 0.350108
v 0.025921 0.457708 0.366363
v 0.019569 0.460942 0.370817
v 0.013001 0.461044 0.375880
v 0.019914 0.455201 0.367333
v 0.006000 0.457200 0.382865
v 0.015929 0.456355 0.373172
v 0.011215 0.454908 0.380712
v 0.007100 0.450700 0.391465
v 0.000000 0.451400 0.391965
v 0.000000 0.445351 0.401188
v 0.011900 0.449100 0.387165
v 0.014525 0.451334 0.376496
v 0.015666 0.446882 0.380829
v 0.015400 0.443013 0.392920
v 0.020033 0.443147 0.384486
v 0.017279 0.445135 0.372683
v 0.009600 0.443168 0.400332
v 0.016306 0.448902 0.370879
v 0.021516 0.441913 0.372865
v 0.018212 0.445873 0.367071
v 0.017458 0.452507 0.368581
v 0.018705 0.448276 0.367741
v 0.021569 0.453587 0.366340
v 0.019547 0.450741 0.367080
v 0.026389 0.456128 0.365688
v 0.021883 0.452716 0.365303
v 0.033696 0.456518 0.363043
v 0.026582 0.454782 0.364529
v 0.032986 0.455263 0.362673
v 0.037001 0.454410 0.361249
v 0.035071 0.453281 0.360440
v 0.032107 0.453285 0.361962
v 0.041712 0.449947 0.357486
v 0.036831 0.450955 0.360642
v 0.033664 0.451761 0.360642
v 0.029992 0.451446 0.360545
v 0.032572 0.448299 0.362838
v 0.026693 0.453384 0.363540
v 0.026663 0.450089 0.361452
v 0.022631 0.452288 0.363787
v 0.022604 0.450280 0.362368
v 0.020108 0.450423 0.364194
v 0.020275 0.448413 0.364374
v 0.023107 0.447998 0.363202
v 0.020716 0.446519 0.365396
v 0.026726 0.446783 0.364252
v 0.022880 0.443244 0.368071
v 0.028045 0.443924 0.365873
v 0.027457 0.440267 0.372761
v 0.035454 0.445722 0.362457
v 0.033321 0.440560 0.368141
v 0.040271 0.442642 0.362714
v 0.025711 0.439045 0.385183
v 0.035782 0.433513 0.379338
v 0.021200 0.437643 0.393917
v 0.030200 0.432600 0.386863
v 0.042314 0.433542 0.373608
v 0.017300 0.436048 0.401757
v 0.025900 0.431462 0.394253
v 0.037200 0.424900 0.380565
v 0.031700 0.425003 0.387155
v 0.022800 0.430072 0.401173
v 0.027300 0.424365 0.393741
v 0.014600 0.434439 0.408444
v 0.008200 0.439610 0.409142
v 0.000000 0.440385 0.409828
v 0.020600 0.428378 0.407610
v 0.008000 0.435729 0.417036
v 0.000000 0.437772 0.416330
v 0.013600 0.431317 0.415075
v 0.007800 0.431766 0.422907
v 0.000000 0.434844 0.423684
v 0.024400 0.423069 0.400184
v 0.007400 0.430966 0.428207
v 0.000000 0.433466 0.428907
v 0.023000 0.416966 0.399093
v 0.006600 0.430066 0.431807
v 0.000000 0.430666 0.433607
v 0.000000 0.427866 0.434507
v 0.008100 0.428066 0.431307
v 0.005000 0.427666 0.433307
v 0.003800 0.425966 0.433407
v 0.000000 0.423666 0.433707
v 0.006700 0.426066 0.431507
v 0.009200 0.426466 0.426807
v 0.002800 0.423766 0.432807
v 0.000000 0.419866 0.431607
v 0.004600 0.424366 0.430307
v 0.004100 0.422166 0.431107
v 0.006900 0.423166 0.430707
v 0.008700 0.424566 0.429007
v 0.007300 0.420066 0.429906
v 0.000000 0.414496 0.428167
v 0.011378 0.419664 0.426986
v 0.006427 0.413400 0.428185
v 0.006483 0.412801 0.426350
v 0.000000 0.413954 0.425838
v 0.011015 0.412978 0.426654
v 0.009640 0.412052 0.424231
v 0.015215 0.419184 0.422577
v 0.014721 0.412327 0.422191
v 0.013147 0.411395 0.420899
v 0.012800 0.426466 0.421607
v 0.017450 0.412593 0.416148
v 0.014477 0.411791 0.414810
v 0.018481 0.418695 0.417108
v 0.016998 0.423765 0.417307
v 0.020369 0.419639 0.411606
v 0.018500 0.425946 0.412975
v 0.021600 0.421471 0.406034
v 0.020676 0.415670 0.405370
v 0.019560 0.413563 0.410281
v 0.016580 0.412461 0.409224
v 0.017788 0.413428 0.405172
v 0.020100 0.415562 0.398508
v 0.022600 0.416453 0.390883
v 0.026400 0.417765 0.392741
v 0.024600 0.416504 0.384850
v 0.029600 0.418205 0.386347
v 0.026200 0.416200 0.380065
v 0.032500 0.417400 0.379965
v 0.027800 0.415500 0.374365
v 0.036800 0.415600 0.374965
v 0.031370 0.413500 0.369265
v 0.045600 0.423100 0.373465
v 0.034604 0.409900 0.363565
v 0.030435 0.411701 0.359965
v 0.033200 0.406830 0.361063
v 0.044700 0.409700 0.365665
v 0.037557 0.401505 0.360358
v 0.047958 0.433901 0.368640
v 0.053200 0.420800 0.361165
v 0.055009 0.432669 0.359469
v 0.051575 0.442582 0.353864
v 0.062500 0.427000 0.347165
v 0.061100 0.451400 0.343965
v 0.062300 0.441600 0.344565
v 0.070900 0.454100 0.334065
v 0.070800 0.464700 0.321365
v 0.072500 0.441000 0.333265
v 0.078500 0.452200 0.319365
v 0.079700 0.452400 0.308865
v 0.071800 0.465800 0.311165
v 0.078700 0.437900 0.321165
v 0.074800 0.451800 0.295065
v 0.080300 0.435500 0.307365
v 0.072300 0.426000 0.329665
v 0.080600 0.420900 0.316165
v 0.078900 0.428800 0.297165
v 0.077200 0.446200 0.286665
v 0.068100 0.443500 0.266965
v 0.070500 0.434200 0.272565
v 0.062600 0.427900 0.260665
v 0.065600 0.419700 0.267665
v 0.056200 0.411400 0.255865
v 0.063100 0.383600 0.252065
v 0.060700 0.394900 0.268065
v 0.072700 0.416400 0.281365
v 0.068100 0.409000 0.275965
v 0.067100 0.390900 0.280165
v 0.070200 0.396900 0.286165
v 0.075000 0.404800 0.293365
v 0.058900 0.374300 0.280565
v 0.053600 0.380500 0.290865
v 0.064700 0.388200 0.297265
v 0.080400 0.413600 0.304965
v 0.075900 0.397500 0.300465
v 0.080400 0.400100 0.311965
v 0.075500 0.409400 0.322765
v 0.072600 0.384000 0.308265
v 0.075400 0.393400 0.317765
v 0.064800 0.413500 0.337365
v 0.069700 0.397900 0.333965
v 0.058600 0.415200 0.349865
v 0.058100 0.404100 0.346565
v 0.051800 0.408300 0.356365
v 0.050300 0.396569 0.347854
v 0.043400 0.401419 0.354257
v 0.056800 0.393807 0.338358
v 0.040552 0.388899 0.340779
v 0.037450 0.391624 0.353010
v 0.070900 0.381300 0.328865
v 0.045400 0.384899 0.329886
v 0.073800 0.375100 0.319965
v 0.055000 0.383851 0.328935
v 0.064200 0.379320 0.319163
v 0.068500 0.377400 0.311465
v 0.053900 0.383513 0.311651
v 0.045700 0.381654 0.306135
v 0.036200 0.371158 0.301115
v 0.032300 0.378185 0.317921
v 0.025500 0.383778 0.325782
v 0.016700 0.361504 0.305166
v 0.024941 0.383838 0.340184
v 0.017100 0.374358 0.320263
v 0.015400 0.376191 0.331735
v 0.000000 0.369321 0.322652
v 0.000000 0.358957 0.304669
v 0.000000 0.373130 0.331532
v 0.018900 0.348053 0.294448
v 0.016096 0.376727 0.340852
v 0.000031 0.374370 0.343362
v 0.000000 0.345206 0.297038
v 0.017400 0.375125 0.350428
v 0.000058 0.371889 0.351279
v 0.000058 0.370225 0.358265
v 0.028198 0.384883 0.357486
v 0.017618 0.372811 0.361035
v 0.000013 0.367374 0.370165
v 0.032779 0.393866 0.361061
v 0.014036 0.365882 0.376010
v 0.000000 0.359911 0.382800
v 0.031906 0.400064 0.363156
v 0.025907 0.402006 0.364754
v 0.026016 0.391148 0.369201
v 0.022090 0.393786 0.371469
v 0.023041 0.377026 0.369407
v 0.022811 0.383597 0.378211
v 0.020331 0.385640 0.381330
v 0.019400 0.368579 0.381609
v 0.020600 0.376822 0.385935
v 0.018900 0.379534 0.387733
v 0.017900 0.371788 0.395207
v 0.017800 0.368956 0.394290
v 0.016100 0.366868 0.401759
v 0.012200 0.359690 0.384950
v 0.016800 0.361856 0.390407
v 0.009000 0.356513 0.390881
v 0.000000 0.355935 0.391336
v 0.015000 0.358722 0.397696
v 0.007800 0.355068 0.396833
v 0.000000 0.354719 0.395911
v 0.016100 0.365319 0.400992
v 0.011100 0.356249 0.401849
v 0.004200 0.353286 0.401865
v 0.000000 0.352530 0.402222
v 0.012900 0.362309 0.407353
v 0.013000 0.363229 0.408863
v 0.004900 0.354802 0.405956
v 0.000000 0.354141 0.406709
v 0.006600 0.360549 0.411876
v 0.006500 0.361415 0.412904
v 0.000000 0.359884 0.413350
v 0.000000 0.361059 0.414425
v 0.000000 0.366379 0.410462
v 0.000000 0.366621 0.414931
v 0.001000 0.367169 0.414460
v 0.004000 0.366842 0.413741
v 0.004300 0.366508 0.409694
v 0.005900 0.366159 0.412417
v 0.005900 0.367843 0.410202
v 0.005800 0.367369 0.408523
v 0.006600 0.367741 0.413004
v 0.007500 0.368004 0.409582
v 0.007900 0.367496 0.407202
v 0.006400 0.369029 0.411444
v 0.007300 0.370713 0.414074
v 0.009300 0.366619 0.408099
v 0.007000 0.371467 0.413154
v 0.008200 0.372833 0.414181
v 0.007800 0.369032 0.411205
v 0.008600 0.367121 0.410224
v 0.008300 0.371572 0.412812
v 0.008800 0.370990 0.413423
v 0.008100 0.370474 0.414352
v 0.007300 0.370713 0.414074
v 0.006600 0.367741 0.413004
v 0.008700 0.367982 0.412085
v 0.008100 0.367038 0.413284
v 0.005900 0.366159 0.412417
v 0.008700 0.365988 0.411083
v 0.009000 0.364533 0.410482
v 0.007700 0.365112 0.412066
v 0.006000 0.364189 0.411931
v 0.004400 0.366002 0.414704
v 0.000000 0.363836 0.413569
v 0.004000 0.366842 0.413741
v 0.001300 0.366433 0.415466
v 0.000000 0.366183 0.415362
v 0.001000 0.367169 0.414460
v 0.000000 0.366621 0.414931
v 0.000391 0.407726 0.424148
v 0.000000 0.408428 0.424510
v 0.000000 0.410954 0.423500
v 0.001465 0.411264 0.422602
v 0.000975 0.407279 0.424173
v 0.002520 0.408113 0.423411
v 0.002818 0.411834 0.421220
v 0.002993 0.409499 0.421634
v 0.003079 0.407654 0.421839
v 0.003463 0.406461 0.422595
v 0.003918 0.405223 0.420618
v 0.004415 0.409473 0.420931
v 0.004641 0.412096 0.420331
v 0.006107 0.412410 0.421972
v 0.003829 0.407837 0.420725
v 0.005471 0.408932 0.422094
v 0.004878 0.407224 0.421658
v 0.005020 0.408529 0.423657
v 0.005573 0.413063 0.424257
v 0.004604 0.406469 0.422652
v 0.003463 0.406461 0.422595
v 0.003010 0.408353 0.424150
v 0.002520 0.408113 0.423411
v 0.000975 0.407279 0.424173
v 0.000588 0.408046 0.425199
v 0.000000 0.413954 0.425838
v 0.000391 0.407726 0.424148
v 0.000000 0.408465 0.424996
v 0.000000 0.408428 0.424510
v 0.000000 0.366379 0.410462
v -0.001000 0.367169 0.414460
v 0.000000 0.366621 0.414931
v -0.004000 0.366842 0.413741
v -0.004300 0.366508 0.409694
v -0.005900 0.366159 0.412417
v -0.005900 0.367843 0.410202
v -0.005800 0.367369 0.408523
v -0.006600 0.367741 0.413004
v -0.007500 0.368004 0.409582
v -0.007900 0.367496 0.407202
v -0.006400 0.369029 0.411444
v -0.007300 0.370713 0.414074
v -0.009300 0.366619 0.408099
v -0.007000 0.371467 0.413154
v -0.008200 0.372833 0.414181
v -0.007800 0.369032 0.411205
v -0.008600 0.367121 0.410224
v -0.008300 0.371572 0.412812
v -0.008800 0.370990 0.413423
v -0.008100 0.370474 0.414352
v -0.007300 0.370713 0.414074
v -0.006600 0.367741 0.413004
v -0.008700 0.367982 0.412085
v -0.008100 0.367038 0.413284
v -0.005900 0.366159 0.412417
v -0.008700 0.365988 0.411083
v -0.009000 0.364533 0.410482
v -0.007700 0.365112 0.412066
v -0.006000 0.364189 0.411931
v -0.004400 0.366002 0.414704
v -0.004000 0.366842 0.413741
v 0.000000 0.363836 0.413569
v -0.001300 0.366433 0.415466
v -0.001000 0.367169 0.414460
v 0.000000 0.366183 0.415362
v 0.000000 0.366621 0.414931
v -0.000391 0.407726 0.424148
v 0.000000 0.410954 0.423500
v 0.000000 0.408428 0.424510
v -0.001465 0.411264 0.422602
v -0.000975 0.407279 0.424173
v -0.002520 0.408113 0.423411
v -0.002817 0.411834 0.421220
v -0.002992 0.409499 0.421634
v -0.003079 0.407654 0.421839
v -0.003463 0.406461 0.422595
v -0.003918 0.405223 0.420618
v -0.004415 0.409473 0.420931
v -0.004641 0.412096 0.420331
v -0.003829 0.407837 0.420725
v -0.006107 0.412410 0.421972
v -0.005471 0.408932 0.422094
v -0.004878 0.407224 0.421658
v -0.005020 0.408529 0.423657
v -0.005573 0.413063 0.424257
v -0.004604 0.406469 0.422652
v -0.003463 0.406461 0.422595
v -0.003010 0.408353 0.424150
v -0.002520 0.408113 0.423411
v -0.000975 0.407279 0.424173
v -0.000588 0.408046 0.425199
v 0.000000 0.413954 0.425838
v -0.000391 0.407726 0.424148
v 0.000000 0.408465 0.424996
v 0.000000 0.408428 0.424510
v 0.017200 0.198300 0.124465
v 0.000000 0.199400 0.148665
v 0.000000 0.197500 0.121065
v 0.018000 0.199100 0.149465
v 0.030100 0.202300 0.125965
v 0.000000 0.210600 0.170065
v 0.035900 0.202700 0.149665
v 0.020300 0.213300 0.172165
v 0.000000 0.226900 0.193965
v 0.037800 0.216800 0.173265
v 0.021600 0.228000 0.194365
v 0.000000 0.247900 0.216465
v 0.046500 0.232300 0.194665
v 0.049200 0.215000 0.177365
v 0.023500 0.249300 0.213765
v 0.000000 0.267400 0.237265
v 0.062100 0.235400 0.192665
v 0.065800 0.215200 0.177965
v 0.044900 0.257000 0.214165
v 0.065200 0.267400 0.207665
v 0.021600 0.277800 0.239565
v 0.000000 0.287500 0.260565
v 0.035100 0.261900 0.221765
v 0.048600 0.285700 0.227565
v 0.040000 0.284400 0.241865
v 0.028200 0.293100 0.252865
v 0.020800 0.306900 0.263765
v 0.000000 0.303000 0.262465
v 0.035800 0.301600 0.250565
v 0.019600 0.331800 0.282265
v 0.000000 0.331100 0.286965
v 0.045500 0.315000 0.257165
v 0.041200 0.340700 0.274765
v 0.070000 0.303600 0.220065
v 0.063500 0.337200 0.246165
v 0.037900 0.358412 0.287764
v 0.060000 0.358200 0.265265
v 0.064400 0.366800 0.232765
v 0.069800 0.349300 0.211265
v 0.078600 0.341300 0.185665
v 0.083800 0.308900 0.190065
v 0.083300 0.335600 0.159565
v 0.085200 0.308600 0.161465
v 0.083200 0.278100 0.183665
v 0.080300 0.493700 0.296865
v 0.073100 0.471000 0.295565
v 0.067800 0.482600 0.288565
v 0.066800 0.497300 0.290765
v 0.081700 0.505600 0.298965
v 0.054100 0.496300 0.288065
v 0.069300 0.513300 0.294065
v 0.080800 0.517900 0.301565
v 0.049200 0.521800 0.303665
v 0.038400 0.502900 0.291565
v 0.070500 0.530300 0.303765
v 0.079000 0.528400 0.305865
v 0.078200 0.540200 0.309465
v 0.041000 0.523600 0.310665
v 0.026300 0.506600 0.301165
v 0.020300 0.508800 0.312765
v 0.071800 0.543300 0.309265
v 0.078400 0.549000 0.313165
v 0.056900 0.535200 0.308265
v 0.071800 0.550600 0.313665
v 0.075900 0.555600 0.316965
v 0.063600 0.545300 0.312465
v 0.072600 0.557200 0.319765
v 0.066900 0.551700 0.316165
v 0.059200 0.547500 0.317065
v 0.049500 0.537500 0.315665
v 0.064400 0.553200 0.321365
v 0.057800 0.548000 0.324265
v 0.042900 0.533100 0.325165
v 0.049700 0.541000 0.325565
v 0.059300 0.545200 0.327365
v 0.066600 0.551100 0.324665
v 0.052000 0.537300 0.329465
v 0.033900 0.522900 0.328565
v 0.045600 0.530000 0.331265
v 0.060400 0.540500 0.323565
v 0.019000 0.511900 0.326665
v 0.011700 0.500100 0.324265
v 0.018600 0.499200 0.341665
v 0.029800 0.511600 0.338665
v 0.038300 0.519400 0.334965
v 0.027400 0.501100 0.343865
v 0.021000 0.487800 0.352765
v 0.039200 0.487400 0.349265
v 0.040400 0.500900 0.337465
v 0.048400 0.490900 0.334865
v 0.051500 0.481200 0.342865
v 0.044700 0.511700 0.327565
v 0.058100 0.480900 0.329465
v 0.063100 0.468600 0.334765
v 0.070800 0.464700 0.321365
v 0.044900 0.500400 0.327465
v 0.047000 0.488200 0.316365
v 0.055200 0.479400 0.314065
v 0.069600 0.475300 0.307465
v 0.071800 0.465800 0.311165
v 0.063200 0.487300 0.307765
v 0.053600 0.497500 0.310265
v 0.075100 0.472400 0.303765
v 0.074000 0.464000 0.300765
v 0.073100 0.471000 0.295565
v 0.076600 0.491700 0.307065
v 0.081000 0.491400 0.301965
v 0.080300 0.493700 0.296865
v 0.068700 0.504200 0.308665
v 0.082300 0.504100 0.303265
v 0.081700 0.505600 0.298965
v 0.078600 0.504500 0.308565
v 0.066400 0.512900 0.309765
v 0.048800 0.508100 0.315365
v 0.080700 0.516100 0.308565
v 0.082000 0.517100 0.305665
v 0.080800 0.517900 0.301565
v 0.079000 0.528400 0.305865
v 0.080700 0.527600 0.309565
v 0.077100 0.526400 0.313865
v 0.055800 0.517500 0.314865
v 0.060200 0.527100 0.317365
v 0.049100 0.523000 0.329065
v 0.054100 0.532600 0.326365
v 0.066300 0.536200 0.317665
v 0.074100 0.536900 0.316265
v 0.069000 0.543100 0.318765
v 0.079200 0.537800 0.313465
v 0.078200 0.540200 0.309465
v 0.075100 0.545400 0.317965
v 0.078900 0.548300 0.316065
v 0.078400 0.549000 0.313165
v 0.075900 0.555600 0.316965
v 0.074700 0.550000 0.319565
v 0.077300 0.554200 0.319165
v 0.072500 0.555700 0.322965
v 0.071000 0.549800 0.320865
v 0.066200 0.546800 0.322265
v 0.018900 0.331300 -0.198735
v -0.000000 0.328800 -0.195535
v -0.000000 0.325600 -0.208635
v 0.019300 0.332000 -0.207835
v -0.000000 0.318700 -0.225235
v 0.032000 0.352300 -0.208135
v 0.022500 0.327600 -0.226835
v -0.000000 0.309000 -0.258235
v 0.033700 0.348600 -0.226235
v 0.017300 0.367500 -0.224235
v 0.020800 0.368400 -0.202335
v -0.000000 0.376000 -0.203535
v -0.000000 0.371700 -0.222235
v -0.000000 0.377400 -0.253135
v 0.023800 0.369500 -0.254135
v -0.000000 0.386100 -0.327335
v 0.037600 0.345100 -0.256235
v 0.031500 0.374800 -0.329335
v -0.000000 0.396500 -0.412135
v 0.028000 0.318900 -0.257935
v 0.046300 0.343000 -0.331235
v 0.029500 0.311000 -0.331735
v -0.000000 0.295600 -0.332035
v -0.000000 0.291500 -0.412235
v 0.039200 0.311900 -0.412735
v -0.000000 0.294800 -0.495235
v 0.050000 0.348200 -0.412435
v 0.034200 0.384700 -0.412435
v -0.000000 0.397100 -0.491935
v 0.051200 0.348500 -0.492235
v 0.039300 0.312100 -0.495335
v 0.029800 0.318600 -0.559435
v -0.000000 0.307100 -0.558335
v 0.036800 0.386100 -0.492235
v 0.028700 0.374900 -0.562435
v -0.000000 0.384700 -0.562335
v 0.044200 0.346600 -0.561735
v 0.009900 0.336600 -0.623035
v -0.000000 0.332600 -0.622535
v 0.007200 0.351500 -0.623835
v -0.000000 0.353900 -0.623935
v 0.014300 0.345300 -0.623535
v 0.006400 0.340000 -0.628435
v -0.000000 0.339400 -0.629235
v 0.006300 0.347300 -0.629135
v -0.000000 0.348100 -0.630535
v 0.009600 0.343700 -0.627535
v 0.003500 0.343300 -0.630535
v -0.000000 0.343900 -0.631135
v 0.005573 0.413063 0.424257
v 0.006483 0.412801 0.426350
v 0.000000 0.413954 0.425838
v 0.008164 0.412856 0.422858
v 0.009640 0.412052 0.424231
v 0.006107 0.412410 0.421972
v 0.010621 0.412386 0.420126
v 0.013147 0.411395 0.420899
v 0.009333 0.411050 0.421196
v 0.006918 0.411516 0.419869
v 0.004641 0.412096 0.420331
v 0.005884 0.412901 0.416465
v 0.012561 0.413023 0.414407
v 0.014477 0.411791 0.414810
v 0.010300 0.412844 0.415462
v 0.002458 0.416323 0.417606
v 0.002818 0.411834 0.421220
v 0.001465 0.411264 0.422602
v 0.000000 0.410954 0.423500
v 0.000000 0.416656 0.418199
v 0.000000 0.419928 0.403581
v 0.006093 0.419042 0.404146
v 0.000000 0.420861 0.392255
v 0.007228 0.415002 0.410774
v 0.007811 0.413284 0.414652
v 0.007700 0.420767 0.392433
v 0.000000 0.422100 0.380365
v 0.009656 0.416377 0.403790
v 0.008771 0.414737 0.411182
v 0.008900 0.422000 0.379265
v 0.000000 0.421000 0.370165
v 0.009728 0.412921 0.414309
v 0.010199 0.414728 0.408596
v 0.011485 0.412860 0.413733
v 0.011184 0.410908 0.410805
v 0.012558 0.413276 0.410570
v 0.014326 0.413532 0.408645
v 0.016580 0.412461 0.409224
v 0.017788 0.413428 0.405172
v 0.011829 0.413791 0.409215
v 0.012326 0.414335 0.406686
v 0.015134 0.414676 0.403721
v 0.020100 0.415562 0.398508
v 0.011048 0.414332 0.406184
v 0.011955 0.413312 0.405032
v 0.010882 0.413985 0.404820
v 0.012502 0.412437 0.403091
v 0.011146 0.414076 0.402471
v 0.013483 0.412553 0.403776
v 0.012151 0.412358 0.401331
v 0.014146 0.410652 0.401092
v 0.014732 0.412271 0.402321
v 0.011885 0.414001 0.400435
v 0.013175 0.412511 0.400459
v 0.014171 0.412715 0.400948
v 0.013193 0.413680 0.399771
v 0.011900 0.415265 0.398898
v 0.014500 0.415268 0.399288
v 0.018200 0.416051 0.397647
v 0.022600 0.416453 0.390883
v 0.013600 0.414353 0.398441
v 0.015600 0.415926 0.396232
v 0.020200 0.416447 0.390103
v 0.014300 0.414418 0.396161
v 0.021700 0.416805 0.384746
v 0.024600 0.416504 0.384850
v 0.013500 0.415211 0.395683
v 0.014700 0.414002 0.395117
v 0.017500 0.416259 0.391160
v 0.016800 0.413668 0.392338
v 0.013900 0.414582 0.393486
v 0.018500 0.416204 0.384350
v 0.015500 0.412967 0.392646
v 0.013200 0.416958 0.391466
v 0.014800 0.412851 0.391292
v 0.014500 0.413939 0.389833
v 0.016100 0.411621 0.390441
v 0.015200 0.412025 0.390237
v 0.016700 0.412228 0.390245
v 0.015900 0.411489 0.388585
v 0.016700 0.413841 0.389927
v 0.015000 0.413524 0.388574
v 0.016000 0.414029 0.388666
v 0.016600 0.415314 0.386416
v 0.015400 0.415716 0.386711
v 0.015900 0.416100 0.382863
v 0.015100 0.418400 0.379165
v 0.016800 0.415401 0.383162
v 0.015900 0.415900 0.380165
v 0.017800 0.414198 0.380763
v 0.019700 0.416700 0.378865
v 0.016461 0.414500 0.377165
v 0.017994 0.414300 0.376765
v 0.024200 0.416700 0.379265
v 0.026200 0.416200 0.380065
v 0.027800 0.415500 0.374365
v 0.020738 0.416800 0.374365
v 0.023704 0.417600 0.372865
v 0.026762 0.416800 0.362065
v 0.031370 0.413500 0.369265
v 0.030435 0.411701 0.359965
v 0.021028 0.417300 0.368865
v 0.020859 0.417700 0.362465
v 0.019712 0.413015 0.358264
v 0.020026 0.415300 0.370265
v 0.020705 0.415100 0.367065
v 0.018875 0.413100 0.372565
v 0.018359 0.414000 0.367265
v 0.017237 0.413300 0.372365
v 0.017661 0.414300 0.369565
v 0.020214 0.415600 0.364365
v 0.018559 0.414700 0.365665
v 0.018639 0.416200 0.363765
v 0.016560 0.415100 0.368665
v 0.016587 0.415900 0.366265
v 0.015956 0.416900 0.369565
v 0.015659 0.417600 0.361465
v 0.014100 0.421500 0.371065
v 0.011503 0.418800 0.361065
v 0.005800 0.421300 0.366065
v 0.000000 0.423600 0.361365
v 0.004900 0.422900 0.359765
v 0.000000 0.422300 0.348665
v 0.008000 0.420500 0.356665
v 0.011902 0.416300 0.356065
v 0.007200 0.418700 0.352665
v 0.004100 0.416207 0.352364
v 0.000000 0.414128 0.353963
v 0.010236 0.413035 0.355462
v 0.005727 0.403706 0.363554
v 0.000006 0.404059 0.362054
v 0.000017 0.388683 0.378246
v 0.020245 0.409612 0.357057
v 0.033200 0.406830 0.361063
v 0.025907 0.402006 0.364754
v 0.014056 0.406673 0.359053
v 0.010589 0.403244 0.360649
v 0.016176 0.404524 0.360350
v 0.023038 0.402314 0.362347
v 0.020661 0.403258 0.360648
v 0.020672 0.393800 0.371032
v 0.022090 0.393786 0.371469
v 0.020331 0.385640 0.381330
v 0.020563 0.400982 0.362033
v 0.019127 0.385360 0.382268
v 0.018900 0.379534 0.387733
v 0.019036 0.396851 0.364816
v 0.018000 0.379727 0.388171
v 0.017900 0.371788 0.395207
v 0.019472 0.402662 0.363336
v 0.017300 0.372584 0.395639
v 0.018600 0.398165 0.365510
v 0.016305 0.379471 0.387722
v 0.015300 0.367963 0.402492
v 0.016100 0.366868 0.401759
v 0.013000 0.363229 0.408863
v 0.014900 0.372854 0.396725
v 0.011800 0.364501 0.409734
v 0.006500 0.361415 0.412904
v 0.013200 0.368194 0.402890
v 0.000000 0.362728 0.414450
v 0.000000 0.361059 0.414425
v 0.006000 0.364189 0.411931
v 0.000000 0.363836 0.413569
v 0.006700 0.363430 0.412166
v 0.009000 0.364533 0.410482
v 0.010500 0.365436 0.408054
v 0.009300 0.366619 0.408099
v 0.010300 0.368613 0.405418
v 0.008600 0.368648 0.405318
v 0.007900 0.367496 0.407202
v 0.012400 0.370387 0.401887
v 0.006700 0.369025 0.405969
v 0.005800 0.367369 0.408523
v 0.009900 0.370334 0.404891
v 0.007700 0.370000 0.404185
v 0.004900 0.369147 0.407575
v 0.004300 0.366508 0.409694
v 0.006200 0.371043 0.404940
v 0.003100 0.368960 0.408561
v 0.000000 0.366379 0.410462
v 0.000000 0.369058 0.409372
v 0.003000 0.372264 0.405852
v 0.000000 0.372554 0.406369
v 0.000000 0.375324 0.402206
v 0.005000 0.374851 0.401810
v 0.000000 0.377145 0.398181
v 0.008000 0.372658 0.401518
v 0.005500 0.377187 0.397936
v 0.009600 0.371792 0.403733
v 0.010800 0.371906 0.404083
v 0.009600 0.373421 0.402907
v 0.010900 0.373894 0.400817
v 0.011000 0.374327 0.403734
v 0.011900 0.372022 0.400593
v 0.009800 0.373373 0.398938
v 0.011100 0.373168 0.398436
v 0.013400 0.372515 0.398291
v 0.011200 0.375229 0.396745
v 0.010100 0.376198 0.396407
v 0.013200 0.375349 0.394702
v 0.011300 0.377391 0.396345
v 0.009600 0.378283 0.393589
v 0.014500 0.375863 0.393594
v 0.013600 0.377886 0.393792
v 0.014700 0.378432 0.390212
v 0.011400 0.379445 0.394801
v 0.012500 0.379509 0.395307
v 0.011500 0.380606 0.393931
v 0.013700 0.379806 0.394745
v 0.013500 0.382201 0.394223
v 0.013500 0.380814 0.392499
v 0.012100 0.381648 0.392778
v 0.010700 0.380003 0.390705
v 0.012100 0.381084 0.391463
v 0.012901 0.381248 0.389520
v 0.011701 0.381167 0.389240
v 0.010282 0.385481 0.381042
v 0.013653 0.382844 0.386619
v 0.012828 0.382970 0.386918
v 0.012203 0.383121 0.385549
v 0.013176 0.384767 0.385942
v 0.017067 0.385026 0.380787
v 0.012539 0.384917 0.384938
v 0.014040 0.386450 0.384160
v 0.011550 0.385628 0.381709
v 0.013540 0.388609 0.381445
v 0.016203 0.388031 0.381218
v 0.012544 0.388250 0.378232
v 0.015622 0.391016 0.381204
v 0.013835 0.389920 0.379552
v 0.014888 0.389780 0.378597
v 0.016268 0.388008 0.377857
v 0.015328 0.390532 0.375654
v 0.018382 0.389942 0.373798
v 0.017945 0.393125 0.368049
v 0.016309 0.393275 0.371543
v 0.017400 0.395961 0.370517
v 0.015219 0.393188 0.372276
v 0.015873 0.396497 0.371308
v 0.016964 0.400120 0.368396
v 0.018600 0.403570 0.366819
v 0.015437 0.400465 0.367793
v 0.018938 0.404769 0.364546
v 0.016091 0.403399 0.366117
v 0.016751 0.404700 0.363749
v 0.014282 0.402891 0.362538
v 0.013801 0.398291 0.367190
v 0.014891 0.396222 0.370903
v 0.010747 0.395658 0.366606
v 0.014128 0.393970 0.370951
v 0.010747 0.389440 0.373536
v 0.005379 0.388151 0.379978
v 0.008352 0.409370 0.416507
v 0.005884 0.412901 0.416465
v 0.007811 0.413284 0.414652
v 0.007584 0.408754 0.417816
v 0.006918 0.411516 0.419869
v 0.008601 0.406601 0.416136
v 0.008249 0.407753 0.419374
v 0.008128 0.406545 0.417033
v 0.009262 0.403322 0.416380
v 0.009333 0.411050 0.421196
v 0.008506 0.405403 0.417810
v 0.009490 0.407657 0.419466
v 0.010439 0.408224 0.418322
v 0.009357 0.405203 0.418138
v 0.010621 0.412386 0.420126
v 0.010018 0.405451 0.417220
v 0.009640 0.406340 0.416329
v 0.008601 0.406601 0.416136
v 0.009678 0.409047 0.416833
v 0.010300 0.412844 0.415462
v 0.008352 0.409370 0.416507
v 0.007811 0.413284 0.414652
v -0.080300 0.493700 0.296865
v -0.067800 0.482600 0.288565
v -0.073100 0.471000 0.295565
v -0.066800 0.497300 0.290765
v -0.081700 0.505600 0.298965
v -0.054100 0.496300 0.288065
v -0.069300 0.513300 0.294065
v -0.080800 0.517900 0.301565
v -0.049200 0.521800 0.303665
v -0.038400 0.502900 0.291565
v -0.070500 0.530300 0.303765
v -0.079000 0.528400 0.305865
v -0.078200 0.540200 0.309465
v -0.041000 0.523600 0.310665
v -0.026300 0.506600 0.301165
v -0.020300 0.508800 0.312765
v -0.071800 0.543300 0.309265
v -0.078400 0.549000 0.313165
v -0.056900 0.535200 0.308265
v -0.071800 0.550600 0.313665
v -0.075900 0.555600 0.316965
v -0.063600 0.545300 0.312465
v -0.072600 0.557200 0.319765
v -0.066900 0.551700 0.316165
v -0.059200 0.547500 0.317065
v -0.049500 0.537500 0.315665
v -0.064400 0.553200 0.321365
v -0.057800 0.548000 0.324265
v -0.049700 0.541000 0.325565
v -0.059300 0.545200 0.327365
v -0.042900 0.533100 0.325165
v -0.052000 0.537300 0.329465
v -0.066600 0.551100 0.324665
v -0.033900 0.522900 0.328565
v -0.045600 0.530000 0.331265
v -0.019000 0.511900 0.326665
v -0.011700 0.500100 0.324265
v -0.018600 0.499200 0.341665
v -0.029800 0.511600 0.338665
v -0.038300 0.519400 0.334965
v -0.027400 0.501100 0.343865
v -0.021000 0.487800 0.352765
v -0.039200 0.487400 0.349265
v -0.040400 0.500900 0.337465
v -0.048400 0.490900 0.334865
v -0.051500 0.481200 0.342865
v -0.044700 0.511700 0.327565
v -0.058100 0.480900 0.329465
v -0.063100 0.468600 0.334765
v -0.070800 0.464700 0.321365
v -0.044900 0.500400 0.327465
v -0.047000 0.488200 0.316365
v -0.055200 0.479400 0.314065
v -0.069600 0.475300 0.307465
v -0.071800 0.465800 0.311165
v -0.063200 0.487300 0.307765
v -0.053600 0.497500 0.310265
v -0.075100 0.472400 0.303765
v -0.074000 0.464000 0.300765
v -0.073100 0.471000 0.295565
v -0.076600 0.491700 0.307065
v -0.081000 0.491400 0.301965
v -0.080300 0.493700 0.296865
v -0.068700 0.504200 0.308665
v -0.082300 0.504100 0.303265
v -0.081700 0.505600 0.298965
v -0.078600 0.504500 0.308565
v -0.066400 0.512900 0.309765
v -0.082000 0.517100 0.305665
v -0.080800 0.517900 0.301565
v -0.080700 0.516100 0.308565
v -0.079000 0.528400 0.305865
v -0.080700 0.527600 0.309565
v -0.077100 0.526400 0.313865
v -0.079200 0.537800 0.313465
v -0.078200 0.540200 0.309465
v -0.074100 0.536900 0.316265
v -0.078900 0.548300 0.316065
v -0.078400 0.549000 0.313165
v -0.075900 0.555600 0.316965
v -0.075100 0.545400 0.317965
v -0.077300 0.554200 0.319165
v -0.074700 0.550000 0.319565
v -0.072500 0.555700 0.322965
v -0.071000 0.549800 0.320865
v -0.069000 0.543100 0.318765
v -0.066200 0.546800 0.322265
v -0.066300 0.536200 0.317665
v -0.060400 0.540500 0.323565
v -0.054100 0.532600 0.326365
v -0.060200 0.527100 0.317365
v -0.049100 0.523000 0.329065
v -0.055800 0.517500 0.314865
v -0.048800 0.508100 0.315365
v -0.018900 0.331300 -0.198735
v -0.000000 0.325600 -0.208635
v -0.000000 0.328800 -0.195535
v -0.019300 0.332000 -0.207835
v -0.000000 0.318700 -0.225235
v -0.032000 0.352300 -0.208135
v -0.022500 0.327600 -0.226835
v -0.000000 0.309000 -0.258235
v -0.033700 0.348600 -0.226235
v -0.017300 0.367500 -0.224235
v -0.020800 0.368400 -0.202335
v -0.000000 0.376000 -0.203535
v -0.000000 0.371700 -0.222235
v -0.000000 0.377400 -0.253135
v -0.023800 0.369500 -0.254135
v -0.000000 0.386100 -0.327335
v -0.037600 0.345100 -0.256235
v -0.031500 0.374800 -0.329335
v -0.000000 0.396500 -0.412135
v -0.028000 0.318900 -0.257935
v -0.046300 0.343000 -0.331235
v -0.029500 0.311000 -0.331735
v -0.000000 0.295600 -0.332035
v -0.000000 0.291500 -0.412235
v -0.039200 0.311900 -0.412735
v -0.000000 0.294800 -0.495235
v -0.050000 0.348200 -0.412435
v -0.034200 0.384700 -0.412435
v -0.000000 0.397100 -0.491935
v -0.051200 0.348500 -0.492235
v -0.039300 0.312100 -0.495335
v -0.029800 0.318600 -0.559435
v -0.000000 0.307100 -0.558335
v -0.036800 0.386100 -0.492235
v -0.028700 0.374900 -0.562435
v -0.000000 0.384700 -0.562335
v -0.044200 0.346600 -0.561735
v -0.009900 0.336600 -0.623035
v -0.000000 0.332600 -0.622535
v -0.007200 0.351500 -0.623835
v -0.000000 0.353900 -0.623935
v -0.014300 0.345300 -0.623535
v -0.006400 0.340000 -0.628435
v -0.000000 0.339400 -0.629235
v -0.006300 0.347300 -0.629135
v -0.000000 0.348100 -0.630535
v -0.009600 0.343700 -0.627535
v -0.003500 0.343300 -0.630535
v -0.000000 0.343900 -0.631135
v -0.005573 0.413063 0.424257
v 0.000000 0.413954 0.425838
v -0.006483 0.412801 0.426350
v -0.008164 0.412856 0.422858
v -0.009640 0.412052 0.424231
v -0.006107 0.412410 0.421972
v -0.010621 0.412386 0.420126
v -0.013146 0.411395 0.420899
v -0.009333 0.411050 0.421196
v -0.006918 0.411516 0.419869
v -0.004641 0.412096 0.420331
v -0.005883 0.412901 0.416465
v -0.012561 0.413023 0.414407
v -0.014477 0.411791 0.414810
v -0.010300 0.412844 0.415462
v -0.002458 0.416323 0.417606
v -0.002817 0.411834 0.421220
v -0.001465 0.411264 0.422602
v 0.000000 0.416656 0.418199
v 0.000000 0.410954 0.423500
v 0.000000 0.419928 0.403581
v -0.006093 0.419042 0.404146
v 0.000000 0.420861 0.392255
v -0.007228 0.415002 0.410774
v -0.007811 0.413284 0.414652
v -0.007700 0.420767 0.392433
v 0.000000 0.422100 0.380365
v -0.009656 0.416377 0.403790
v -0.008900 0.422000 0.379265
v 0.000000 0.421000 0.370165
v -0.008771 0.414737 0.411182
v -0.005800 0.421300 0.366065
v 0.000000 0.423600 0.361365
v -0.009728 0.412921 0.414309
v -0.004900 0.422900 0.359765
v -0.011485 0.412860 0.413733
v 0.000000 0.422300 0.348665
v -0.011184 0.410908 0.410805
v -0.012558 0.413276 0.410570
v -0.014326 0.413532 0.408645
v -0.016580 0.412461 0.409224
v -0.017788 0.413428 0.405172
v -0.011829 0.413791 0.409215
v -0.010199 0.414728 0.408596
v -0.012326 0.414335 0.406686
v -0.015134 0.414676 0.403721
v -0.020100 0.415562 0.398508
v -0.011048 0.414332 0.406184
v -0.011955 0.413312 0.405032
v -0.010882 0.413985 0.404820
v -0.011146 0.414076 0.402471
v -0.012502 0.412437 0.403091
v -0.013483 0.412553 0.403776
v -0.012151 0.412358 0.401331
v -0.014146 0.410652 0.401092
v -0.014732 0.412271 0.402321
v -0.011885 0.414001 0.400435
v -0.013175 0.412511 0.400459
v -0.014171 0.412715 0.400948
v -0.013193 0.413680 0.399771
v -0.011900 0.415265 0.398898
v -0.014500 0.415268 0.399288
v -0.013600 0.414353 0.398441
v -0.013200 0.416958 0.391466
v -0.013500 0.415211 0.395683
v -0.014300 0.414418 0.396161
v -0.015600 0.415926 0.396232
v -0.014700 0.414002 0.395117
v -0.018200 0.416051 0.397647
v -0.022600 0.416453 0.390883
v -0.013900 0.414582 0.393486
v -0.020200 0.416447 0.390103
v -0.015500 0.412967 0.392646
v -0.021700 0.416805 0.384746
v -0.024600 0.416504 0.384850
v -0.017500 0.416259 0.391160
v -0.016800 0.413668 0.392338
v -0.018500 0.416204 0.384350
v -0.016700 0.413841 0.389927
v -0.024200 0.416700 0.379265
v -0.026200 0.416200 0.380065
v -0.027800 0.415500 0.374365
v -0.019700 0.416700 0.378865
v -0.023704 0.417600 0.372865
v -0.020736 0.416800 0.374365
v -0.026759 0.416800 0.362065
v -0.031364 0.413500 0.369265
v -0.030412 0.411701 0.359965
v -0.021020 0.417300 0.368865
v -0.020856 0.417700 0.362465
v -0.019686 0.413015 0.358264
v -0.020006 0.415300 0.370265
v -0.020680 0.415100 0.367065
v -0.020194 0.415600 0.364365
v -0.018320 0.414000 0.367265
v -0.018623 0.416200 0.363765
v -0.018528 0.414700 0.365665
v -0.017628 0.414300 0.369565
v -0.018843 0.413100 0.372565
v -0.017988 0.414300 0.376765
v -0.017205 0.413300 0.372365
v -0.016533 0.415100 0.368665
v -0.016565 0.415900 0.366265
v -0.015944 0.416900 0.369565
v -0.015654 0.417600 0.361465
v -0.016457 0.414500 0.377165
v -0.017800 0.414198 0.380764
v -0.014100 0.421500 0.371065
v -0.016800 0.415401 0.383162
v -0.015900 0.415900 0.380165
v -0.015100 0.418400 0.379165
v -0.015900 0.416100 0.382863
v -0.016600 0.415314 0.386416
v -0.015400 0.415716 0.386711
v -0.016000 0.414029 0.388666
v -0.015900 0.411489 0.388585
v -0.015000 0.413524 0.388574
v -0.016700 0.412228 0.390245
v -0.015200 0.412025 0.390237
v -0.016100 0.411621 0.390441
v -0.014500 0.413939 0.389833
v -0.014800 0.412852 0.391292
v -0.011502 0.418800 0.361065
v -0.008000 0.420500 0.356665
v -0.011902 0.416300 0.356065
v -0.007200 0.418700 0.352665
v -0.004100 0.416207 0.352364
v 0.000000 0.414128 0.353963
v -0.010232 0.413035 0.355462
v -0.005680 0.403706 0.363554
v 0.000006 0.404059 0.362054
v 0.000017 0.388683 0.378246
v -0.020198 0.409612 0.357057
v -0.033133 0.406831 0.361063
v -0.025791 0.402006 0.364754
v -0.005317 0.388151 0.379978
v 0.000000 0.377145 0.398181
v -0.010518 0.403243 0.360649
v -0.013987 0.406672 0.359053
v -0.010631 0.395657 0.366606
v -0.016080 0.404524 0.360350
v -0.022931 0.402315 0.362347
v -0.020553 0.403259 0.360648
v -0.020556 0.393800 0.371032
v -0.021974 0.393785 0.371469
v -0.020278 0.385641 0.381330
v -0.020447 0.400983 0.362033
v -0.019078 0.385360 0.382268
v -0.018900 0.379535 0.387733
v -0.018920 0.396852 0.364816
v -0.018000 0.379727 0.388171
v -0.017900 0.371789 0.395207
v -0.019356 0.402662 0.363336
v -0.018484 0.398165 0.365510
v -0.018829 0.404769 0.364546
v -0.018484 0.403570 0.366819
v -0.016643 0.404700 0.363749
v -0.015975 0.403399 0.366117
v -0.014182 0.402890 0.362538
v -0.016848 0.400120 0.368396
v -0.015321 0.400464 0.367792
v -0.013685 0.398291 0.367190
v -0.017284 0.395961 0.370517
v -0.015757 0.396497 0.371308
v -0.014775 0.396222 0.370902
v -0.014012 0.393970 0.370951
v -0.015103 0.393189 0.372276
v -0.010631 0.389439 0.373536
v -0.016193 0.393275 0.371543
v -0.015212 0.390532 0.375654
v -0.017829 0.393125 0.368049
v -0.018266 0.389942 0.373797
v -0.016164 0.388008 0.377857
v -0.017001 0.385026 0.380787
v -0.014782 0.389780 0.378597
v -0.016122 0.388031 0.381218
v -0.012445 0.388250 0.378232
v -0.015536 0.391016 0.381204
v -0.013736 0.389920 0.379552
v -0.013991 0.386450 0.384160
v -0.013459 0.388609 0.381445
v -0.013150 0.384767 0.385942
v -0.011489 0.385628 0.381709
v -0.012505 0.384917 0.384938
v -0.010223 0.385481 0.381042
v -0.012182 0.383121 0.385549
v -0.012815 0.382970 0.386918
v -0.013639 0.382844 0.386619
v -0.011701 0.381166 0.389240
v -0.012901 0.381248 0.389520
v -0.016305 0.379472 0.387722
v -0.012100 0.381084 0.391463
v -0.017300 0.372584 0.395640
v -0.010700 0.380002 0.390705
v -0.015300 0.367963 0.402492
v -0.016100 0.366868 0.401759
v -0.013000 0.363229 0.408863
v -0.014900 0.372854 0.396725
v -0.011800 0.364501 0.409734
v -0.006500 0.361415 0.412904
v -0.013200 0.368194 0.402890
v 0.000000 0.362728 0.414450
v 0.000000 0.361059 0.414425
v -0.006000 0.364189 0.411931
v 0.000000 0.363836 0.413569
v -0.006700 0.363430 0.412166
v -0.009000 0.364533 0.410482
v -0.010500 0.365436 0.408054
v -0.009300 0.366619 0.408099
v -0.010300 0.368613 0.405418
v -0.008600 0.368648 0.405318
v -0.007900 0.367496 0.407202
v -0.012400 0.370387 0.401887
v -0.006700 0.369025 0.405969
v -0.005800 0.367369 0.408523
v -0.009900 0.370334 0.404891
v -0.007700 0.370000 0.404185
v -0.004900 0.369147 0.407575
v -0.004300 0.366508 0.409694
v -0.006200 0.371042 0.404940
v -0.003100 0.368960 0.408561
v 0.000000 0.366379 0.410462
v 0.000000 0.369058 0.409372
v -0.003000 0.372264 0.405852
v 0.000000 0.372554 0.406369
v 0.000000 0.375324 0.402206
v -0.005000 0.374850 0.401810
v -0.008000 0.372657 0.401518
v -0.005500 0.377187 0.397936
v -0.009600 0.371792 0.403733
v -0.010800 0.371906 0.404083
v -0.009600 0.373421 0.402906
v -0.010900 0.373894 0.400816
v -0.011000 0.374327 0.403734
v -0.011900 0.372022 0.400593
v -0.013400 0.372515 0.398291
v -0.011100 0.373168 0.398436
v -0.009800 0.373373 0.398938
v -0.011200 0.375229 0.396745
v -0.013200 0.375349 0.394702
v -0.010100 0.376198 0.396407
v -0.014500 0.375863 0.393594
v -0.011300 0.377391 0.396345
v -0.014700 0.378432 0.390213
v -0.013600 0.377886 0.393792
v -0.013500 0.380814 0.392499
v -0.013700 0.379806 0.394745
v -0.012100 0.381648 0.392778
v -0.013500 0.382201 0.394223
v -0.012500 0.379509 0.395307
v -0.011500 0.380606 0.393931
v -0.011400 0.379445 0.394801
v -0.009600 0.378283 0.393589
v -0.005883 0.412901 0.416465
v -0.008352 0.409370 0.416507
v -0.007811 0.413284 0.414652
v -0.007584 0.408754 0.417816
v -0.008601 0.406601 0.416136
v -0.006918 0.411516 0.419869
v -0.008128 0.406545 0.417033
v -0.008249 0.407753 0.419374
v -0.009333 0.411050 0.421196
v -0.009262 0.403322 0.416380
v -0.008506 0.405403 0.417810
v -0.009490 0.407657 0.419466
v -0.010439 0.408224 0.418322
v -0.009357 0.405203 0.418138
v -0.010621 0.412386 0.420126
v -0.010018 0.405451 0.417220
v -0.009640 0.406340 0.416329
v -0.008601 0.406601 0.416136
v -0.009678 0.409047 0.416833
v -0.010300 0.412844 0.415462
v -0.008352 0.409370 0.416507
v -0.007811 0.413284 0.414652
v 0.034500 0.015300 0.167365
v 0.040300 0.004500 0.155365
v 0.035200 0.004800 0.167865
v 0.038600 0.015100 0.151565
v 0.037600 0.028000 0.161965
v 0.049900 0.013000 0.142365
v 0.049800 0.004100 0.149665
v 0.063100 0.004600 0.150965
v 0.037500 0.034300 0.160365
v 0.034200 0.031300 0.156165
v 0.033900 0.029300 0.154065
v 0.032900 0.030400 0.156065
v 0.038500 0.025400 0.147465
v 0.032200 0.028800 0.155065
v 0.030900 0.028500 0.156065
v 0.030700 0.029500 0.153665
v 0.032900 0.030200 0.151565
v 0.030500 0.031100 0.154365
v 0.031200 0.031300 0.155765
v 0.032900 0.030400 0.156065
v 0.034200 0.031300 0.156165
v 0.033000 0.034400 0.155065
v 0.037500 0.034300 0.160365
v 0.031700 0.033600 0.151965
v 0.033700 0.037100 0.155865
v 0.034100 0.042000 0.154665
v 0.031100 0.037200 0.149965
v 0.033000 0.032100 0.147665
v 0.032700 0.043100 0.147165
v 0.034500 0.050100 0.145365
v 0.035100 0.037700 0.140665
v 0.037700 0.049700 0.134165
v 0.034400 0.063300 0.141965
v 0.046900 0.035200 0.133465
v 0.037500 0.061900 0.129865
v 0.037200 0.075000 0.138565
v 0.047800 0.047300 0.126865
v 0.047800 0.060200 0.122365
v 0.038000 0.072700 0.126865
v 0.048000 0.071800 0.120365
v 0.037200 0.091000 0.126965
v 0.037200 0.091700 0.137565
v 0.038100 0.108700 0.135765
v 0.046700 0.090000 0.119365
v 0.059100 0.073100 0.124365
v 0.037500 0.108700 0.123665
v 0.036900 0.124700 0.134165
v 0.047400 0.108300 0.115665
v 0.037900 0.124000 0.120965
v 0.036500 0.141500 0.132165
v 0.047600 0.122900 0.111065
v 0.036800 0.140600 0.117665
v 0.034800 0.159000 0.129565
v 0.048200 0.139600 0.109765
v 0.034900 0.159000 0.112765
v 0.033500 0.176300 0.127765
v 0.048200 0.159300 0.104565
v 0.035500 0.178900 0.107165
v 0.034200 0.195800 0.125865
v 0.037300 0.198100 0.100665
v 0.030100 0.202300 0.125965
v 0.039600 0.211300 0.097165
v 0.048700 0.181600 0.099665
v 0.057800 0.200500 0.092765
v 0.065200 0.179600 0.112265
v 0.062200 0.157800 0.114365
v 0.061100 0.138800 0.116465
v 0.072600 0.177400 0.129265
v 0.060600 0.122500 0.117065
v 0.069800 0.156700 0.128665
v 0.067400 0.138700 0.129465
v 0.067300 0.156500 0.144265
v 0.059300 0.107000 0.119965
v 0.063600 0.123000 0.130465
v 0.058400 0.090000 0.122765
v 0.062100 0.107200 0.131865
v 0.065800 0.139100 0.143865
v 0.063500 0.123200 0.143765
v 0.061900 0.090700 0.133565
v 0.061800 0.107500 0.143765
v 0.052700 0.124100 0.151165
v 0.062400 0.074600 0.135265
v 0.061500 0.091300 0.144865
v 0.052200 0.108100 0.150865
v 0.052200 0.091900 0.151465
v 0.053400 0.140800 0.151865
v 0.040500 0.108600 0.147665
v 0.040000 0.124700 0.147165
v 0.040900 0.092000 0.148465
v 0.038100 0.108700 0.135765
v 0.037200 0.091700 0.137565
v 0.036900 0.124700 0.134165
v 0.041400 0.076300 0.149565
v 0.037200 0.075000 0.138565
v 0.034400 0.063300 0.141965
v 0.039500 0.141700 0.146565
v 0.036500 0.141500 0.132165
v 0.053800 0.158600 0.152765
v 0.040700 0.159400 0.144065
v 0.034800 0.159000 0.129565
v 0.069100 0.175900 0.148165
v 0.052800 0.176000 0.154865
v 0.039700 0.176300 0.143665
v 0.033500 0.176300 0.127765
v 0.052700 0.191500 0.160165
v 0.039000 0.193200 0.145765
v 0.034200 0.195800 0.125865
v 0.030100 0.202300 0.125965
v 0.035900 0.202700 0.149665
v 0.049200 0.203600 0.167465
v 0.037800 0.216800 0.173265
v 0.049200 0.215000 0.177365
v 0.065800 0.215200 0.177965
v 0.069900 0.204400 0.163565
v 0.079700 0.225900 0.160865
v 0.070500 0.190800 0.152365
v 0.076700 0.209600 0.145765
v 0.080100 0.232200 0.139465
v 0.075200 0.197200 0.132065
v 0.077300 0.213200 0.130165
v 0.075600 0.233800 0.117065
v 0.069600 0.197300 0.108365
v 0.070700 0.215200 0.109565
v 0.060200 0.233900 0.102865
v 0.062300 0.217000 0.095465
v 0.052200 0.233700 0.098265
v 0.048600 0.220700 0.092965
v -0.034500 0.015300 0.167365
v -0.035200 0.004800 0.167865
v -0.040300 0.004500 0.155365
v -0.038600 0.015100 0.151565
v -0.037600 0.028000 0.161965
v -0.049900 0.013000 0.142365
v -0.049800 0.004100 0.149665
v -0.063100 0.004600 0.150965
v -0.034200 0.031300 0.156165
v -0.037500 0.034300 0.160365
v -0.033900 0.029300 0.154065
v -0.032900 0.030400 0.156065
v -0.038500 0.025400 0.147465
v -0.032200 0.028800 0.155065
v -0.030900 0.028500 0.156065
v -0.030700 0.029500 0.153665
v -0.032900 0.030200 0.151565
v -0.030500 0.031100 0.154365
v -0.031200 0.031300 0.155765
v -0.032900 0.030400 0.156065
v -0.034200 0.031300 0.156165
v -0.033000 0.034400 0.155065
v -0.037500 0.034300 0.160365
v -0.031700 0.033600 0.151965
v -0.033700 0.037100 0.155865
v -0.034100 0.042000 0.154665
v -0.031100 0.037200 0.149965
v -0.033000 0.032100 0.147665
v -0.032700 0.043100 0.147165
v -0.034500 0.050100 0.145365
v -0.035100 0.037700 0.140665
v -0.037700 0.049700 0.134165
v -0.034400 0.063300 0.141965
v -0.046900 0.035200 0.133465
v -0.037500 0.061900 0.129865
v -0.037200 0.075000 0.138565
v -0.047800 0.047300 0.126865
v -0.047800 0.060200 0.122365
v -0.038000 0.072700 0.126865
v -0.048000 0.071800 0.120365
v -0.037200 0.091000 0.126965
v -0.037200 0.091700 0.137565
v -0.038100 0.108700 0.135765
v -0.046700 0.090000 0.119365
v -0.059100 0.073100 0.124365
v -0.037500 0.108700 0.123665
v -0.036900 0.124700 0.134165
v -0.047400 0.108300 0.115665
v -0.037900 0.124000 0.120965
v -0.036500 0.141500 0.132165
v -0.047600 0.122900 0.111065
v -0.036800 0.140600 0.117665
v -0.034800 0.159000 0.129565
v -0.048200 0.139600 0.109765
v -0.034900 0.159000 0.112765
v -0.033500 0.176300 0.127765
v -0.048200 0.159300 0.104565
v -0.035500 0.178900 0.107165
v -0.034200 0.195800 0.125865
v -0.037300 0.198100 0.100665
v -0.030100 0.202300 0.125965
v -0.039600 0.211300 0.097165
v -0.048700 0.181600 0.099665
v -0.057800 0.200500 0.092765
v -0.065200 0.179600 0.112265
v -0.062200 0.157800 0.114365
v -0.061100 0.138800 0.116465
v -0.072600 0.177400 0.129265
v -0.060600 0.122500 0.117065
v -0.069800 0.156700 0.128665
v -0.067400 0.138700 0.129465
v -0.067300 0.156500 0.144265
v -0.059300 0.107000 0.119965
v -0.063600 0.123000 0.130465
v -0.058400 0.090000 0.122765
v -0.062100 0.107200 0.131865
v -0.065800 0.139100 0.143865
v -0.063500 0.123200 0.143765
v -0.061900 0.090700 0.133565
v -0.061800 0.107500 0.143765
v -0.052700 0.124100 0.151165
v -0.062400 0.074600 0.135265
v -0.061500 0.091300 0.144865
v -0.052200 0.108100 0.150865
v -0.052200 0.091900 0.151465
v -0.053400 0.140800 0.151865
v -0.040500 0.108600 0.147665
v -0.040000 0.124700 0.147165
v -0.053800 0.158600 0.152765
v -0.040900 0.092000 0.148465
v -0.038100 0.108700 0.135765
v -0.037200 0.091700 0.137565
v -0.036900 0.124700 0.134165
v -0.041400 0.076300 0.149565
v -0.037200 0.075000 0.138565
v -0.034400 0.063300 0.141965
v -0.039500 0.141700 0.146565
v -0.036500 0.141500 0.132165
v -0.040700 0.159400 0.144065
v -0.034800 0.159000 0.129565
v -0.052800 0.176000 0.154865
v -0.039700 0.176300 0.143665
v -0.033500 0.176300 0.127765
v -0.069100 0.175900 0.148165
v -0.052700 0.191500 0.160165
v -0.039000 0.193200 0.145765
v -0.034200 0.195800 0.125865
v -0.030100 0.202300 0.125965
v -0.035900 0.202700 0.149665
v -0.075200 0.197200 0.132065
v -0.070500 0.190800 0.152365
v -0.049200 0.203600 0.167465
v -0.037800 0.216800 0.173265
v -0.049200 0.215000 0.177365
v -0.065800 0.215200 0.177965
v -0.069900 0.204400 0.163565
v -0.079700 0.225900 0.160865
v -0.076700 0.209600 0.145765
v -0.080100 0.232200 0.139465
v -0.077300 0.213200 0.130165
v -0.075600 0.233800 0.117065
v -0.069600 0.197300 0.108365
v -0.070700 0.215200 0.109565
v -0.060200 0.233900 0.102865
v -0.062300 0.217000 0.095465
v -0.052200 0.233700 0.098265
v -0.048600 0.220700 0.092965
v 0.059800 0.006700 0.201765
v 0.058400 0.003600 0.200765
v 0.061600 0.003700 0.197565
v 0.062700 0.007400 0.198965
v 0.064000 0.005100 0.192765
v 0.060400 0.010000 0.201665
v 0.066200 0.011400 0.191965
v 0.066900 0.005600 0.192465
v 0.062500 0.012800 0.198765
v 0.060500 0.008300 0.205565
v 0.059400 0.006200 0.205265
v 0.059000 0.005900 0.207865
v 0.058500 0.009400 0.206965
v 0.056500 0.008400 0.206665
v 0.057200 0.013300 0.202165
v 0.055100 0.009400 0.203665
v 0.051100 0.010400 0.200965
v 0.051600 0.006300 0.201165
v 0.046600 0.007800 0.203565
v 0.057400 0.019400 0.199765
v 0.052500 0.016300 0.198865
v 0.045800 0.011400 0.204165
v 0.047300 0.018800 0.201465
v 0.044300 0.009600 0.207765
v 0.044600 0.007500 0.207865
v 0.042600 0.006700 0.208965
v 0.043000 0.012600 0.203465
v 0.042600 0.010300 0.207665
v 0.041100 0.009000 0.206965
v 0.041600 0.006700 0.207065
v 0.041300 0.007400 0.202565
v 0.038500 0.011200 0.200065
v 0.039500 0.003000 0.194865
v 0.042000 0.018900 0.200465
v 0.037400 0.009600 0.192665
v 0.039300 0.003700 0.190165
v 0.035200 0.006800 0.190665
v 0.038300 0.015500 0.193965
v 0.043200 0.022600 0.195165
v 0.034800 0.009200 0.190965
v 0.032100 0.007200 0.192165
v 0.036900 0.013500 0.191065
v 0.031400 0.009100 0.193365
v 0.029600 0.007100 0.193765
v 0.029700 0.009900 0.192465
v 0.028600 0.008100 0.191765
v 0.031300 0.011400 0.188965
v 0.030900 0.008200 0.186965
v 0.037800 0.020500 0.187965
v 0.031500 0.016500 0.188565
v 0.030000 0.012300 0.184865
v 0.032100 0.004500 0.182965
v 0.029700 0.014300 0.180765
v 0.032600 0.003600 0.179165
v 0.035200 0.004800 0.167865
v 0.034500 0.015300 0.167365
v 0.032000 0.021800 0.184465
v 0.035400 0.023000 0.173265
v 0.037600 0.028000 0.161965
v 0.042700 0.026100 0.178665
v 0.040800 0.032600 0.169065
v 0.037500 0.034300 0.160365
v 0.050500 0.021500 0.194365
v 0.041200 0.040300 0.162165
v 0.034100 0.042000 0.154665
v 0.052800 0.033600 0.170465
v 0.054700 0.026800 0.180265
v 0.056700 0.023900 0.196365
v 0.063700 0.015000 0.193465
v 0.062200 0.020900 0.189965
v 0.066600 0.022800 0.174065
v 0.068800 0.019600 0.186565
v 0.069300 0.014900 0.189865
v 0.071600 0.017100 0.183365
v 0.062600 0.030600 0.165765
v 0.072400 0.012200 0.185365
v 0.062900 0.038100 0.160865
v 0.070500 0.017900 0.171865
v 0.067600 0.024800 0.154665
v 0.071400 0.011700 0.172165
v 0.069000 0.014100 0.157865
v 0.052200 0.040200 0.166865
v 0.063000 0.050400 0.154265
v 0.052600 0.052300 0.160665
v 0.040600 0.052700 0.157365
v 0.034500 0.050100 0.145365
v 0.040800 0.064300 0.152665
v 0.052700 0.064300 0.156665
v 0.052400 0.076700 0.153565
v 0.062700 0.062900 0.149665
v 0.061500 0.075900 0.146465
v 0.065600 0.061200 0.137865
v 0.066000 0.048200 0.142465
v 0.060700 0.059700 0.126065
v 0.060200 0.046800 0.131165
v 0.060500 0.034100 0.137065
v 0.067300 0.035700 0.148865
v 0.047800 0.023600 0.137865
v 0.061800 0.024600 0.141065
v 0.063100 0.014000 0.145465
v 0.069400 0.006000 0.159765
v 0.060000 -0.000200 0.157465
v 0.049800 0.004100 0.149665
v 0.072400 0.005000 0.172465
v 0.051500 -0.000300 0.157265
v 0.040300 0.004500 0.155365
v 0.064600 -0.000700 0.162565
v 0.043600 -0.001400 0.160465
v 0.035200 0.004800 0.167865
v 0.048300 -0.002300 0.167365
v 0.039500 0.000400 0.170865
v 0.032600 0.003600 0.179165
v 0.059000 -0.001000 0.168465
v 0.036700 -0.000700 0.181065
v 0.032100 0.004500 0.182965
v 0.044800 -0.000200 0.177365
v 0.052900 -0.000500 0.176665
v 0.063400 -0.000300 0.173165
v 0.069700 -0.000700 0.173965
v 0.059700 -0.001000 0.181465
v 0.073200 0.006100 0.185765
v 0.066100 -0.002500 0.181465
v 0.071300 0.001300 0.187565
v 0.072700 0.008000 0.190665
v 0.067000 -0.000000 0.189165
v 0.072200 0.005100 0.190565
v 0.069300 0.003900 0.192165
v 0.070800 0.011600 0.190465
v 0.068100 0.009600 0.192865
v 0.070500 0.007200 0.195865
v 0.069800 0.004300 0.195665
v 0.071700 0.002800 0.196965
v 0.072300 0.007200 0.195465
v 0.073500 0.006100 0.193665
v 0.070800 0.003600 0.194565
v 0.069800 0.004300 0.195665
v 0.072500 0.004500 0.192865
v 0.066900 0.005600 0.192465
v 0.064100 0.001500 0.190265
v 0.064000 0.005100 0.192765
v 0.057800 -0.002800 0.189565
v 0.057700 0.000500 0.195965
v 0.061600 0.003700 0.197565
v 0.058400 0.003600 0.200765
v 0.051100 -0.000500 0.186465
v 0.051400 0.000500 0.194865
v 0.053900 0.001400 0.199265
v 0.042900 -0.000200 0.186065
v 0.055600 0.006200 0.202965
v 0.059800 0.006700 0.201765
v 0.034500 0.002500 0.185765
v 0.051600 0.006300 0.201165
v 0.055100 0.009400 0.203665
v 0.057000 0.006400 0.205465
v 0.056500 0.008400 0.206665
v 0.059400 0.006200 0.205265
v 0.059000 0.005900 0.207865
v 0.047500 0.002100 0.200865
v 0.046600 0.007800 0.203565
v 0.044200 -0.001200 0.193265
v 0.044400 0.005300 0.202965
v 0.039300 0.003700 0.190165
v 0.039500 0.003000 0.194865
v 0.035200 0.006800 0.190665
v 0.042500 0.001600 0.199365
v 0.041300 0.007400 0.202565
v 0.032700 0.006000 0.188765
v 0.032100 0.007200 0.192165
v 0.030900 0.008200 0.186965
v 0.030200 0.006500 0.191265
v 0.029600 0.007100 0.193765
v 0.028600 0.008100 0.191765
v 0.043600 0.006700 0.206965
v 0.041600 0.006700 0.207065
v 0.044600 0.007500 0.207865
v 0.042600 0.006700 0.208965
v -0.059800 0.006700 0.201765
v -0.061600 0.003700 0.197565
v -0.058400 0.003600 0.200765
v -0.062700 0.007400 0.198965
v -0.064000 0.005100 0.192765
v -0.060400 0.010000 0.201665
v -0.066200 0.011400 0.191965
v -0.066900 0.005600 0.192465
v -0.060500 0.008300 0.205565
v -0.059400 0.006200 0.205265
v -0.059000 0.005900 0.207865
v -0.058500 0.009400 0.206965
v -0.056500 0.008400 0.206665
v -0.062500 0.012800 0.198765
v -0.057200 0.013300 0.202165
v -0.055100 0.009400 0.203665
v -0.051100 0.010400 0.200965
v -0.051600 0.006300 0.201165
v -0.046600 0.007800 0.203565
v -0.057400 0.019400 0.199765
v -0.052500 0.016300 0.198865
v -0.045800 0.011400 0.204165
v -0.063700 0.015000 0.193465
v -0.047300 0.018800 0.201465
v -0.050500 0.021500 0.194365
v -0.044300 0.009600 0.207765
v -0.044600 0.007500 0.207865
v -0.042600 0.006700 0.208965
v -0.043000 0.012600 0.203465
v -0.042600 0.010300 0.207665
v -0.041100 0.009000 0.206965
v -0.041600 0.006700 0.207065
v -0.041300 0.007400 0.202565
v -0.038500 0.011200 0.200065
v -0.039500 0.003000 0.194865
v -0.042000 0.018900 0.200465
v -0.043200 0.022600 0.195165
v -0.038300 0.015500 0.193965
v -0.037400 0.009600 0.192665
v -0.039300 0.003700 0.190165
v -0.035200 0.006800 0.190665
v -0.034800 0.009200 0.190965
v -0.032100 0.007200 0.192165
v -0.036900 0.013500 0.191065
v -0.031400 0.009100 0.193365
v -0.029600 0.007100 0.193765
v -0.029700 0.009900 0.192465
v -0.028600 0.008100 0.191765
v -0.031300 0.011400 0.188965
v -0.030900 0.008200 0.186965
v -0.037800 0.020500 0.187965
v -0.031500 0.016500 0.188565
v -0.030000 0.012300 0.184865
v -0.032100 0.004500 0.182965
v -0.029700 0.014300 0.180765
v -0.032600 0.003600 0.179165
v -0.035200 0.004800 0.167865
v -0.034500 0.015300 0.167365
v -0.032000 0.021800 0.184465
v -0.035400 0.023000 0.173265
v -0.037600 0.028000 0.161965
v -0.042700 0.026100 0.178665
v -0.040800 0.032600 0.169065
v -0.037500 0.034300 0.160365
v -0.041200 0.040300 0.162165
v -0.034100 0.042000 0.154665
v -0.052800 0.033600 0.170465
v -0.054700 0.026800 0.180265
v -0.056700 0.023900 0.196365
v -0.062200 0.020900 0.189965
v -0.066600 0.022800 0.174065
v -0.068800 0.019600 0.186565
v -0.069300 0.014900 0.189865
v -0.071600 0.017100 0.183365
v -0.062600 0.030600 0.165765
v -0.072400 0.012200 0.185365
v -0.062900 0.038100 0.160865
v -0.070500 0.017900 0.171865
v -0.067600 0.024800 0.154665
v -0.071400 0.011700 0.172165
v -0.069000 0.014100 0.157865
v -0.052200 0.040200 0.166865
v -0.063000 0.050400 0.154265
v -0.052600 0.052300 0.160665
v -0.040600 0.052700 0.157365
v -0.034500 0.050100 0.145365
v -0.040800 0.064300 0.152665
v -0.052700 0.064300 0.156665
v -0.052400 0.076700 0.153565
v -0.062700 0.062900 0.149665
v -0.061500 0.075900 0.146465
v -0.065600 0.061200 0.137865
v -0.066000 0.048200 0.142465
v -0.060700 0.059700 0.126065
v -0.060200 0.046800 0.131165
v -0.060500 0.034100 0.137065
v -0.067300 0.035700 0.148865
v -0.047800 0.023600 0.137865
v -0.061800 0.024600 0.141065
v -0.063100 0.014000 0.145465
v -0.069400 0.006000 0.159765
v -0.060000 -0.000200 0.157465
v -0.049800 0.004100 0.149665
v -0.072400 0.005000 0.172465
v -0.051500 -0.000300 0.157265
v -0.040300 0.004500 0.155365
v -0.064600 -0.000700 0.162565
v -0.043600 -0.001400 0.160465
v -0.035200 0.004800 0.167865
v -0.048300 -0.002300 0.167365
v -0.039500 0.000400 0.170865
v -0.032600 0.003600 0.179165
v -0.059000 -0.001000 0.168465
v -0.036700 -0.000700 0.181065
v -0.032100 0.004500 0.182965
v -0.044800 -0.000200 0.177365
v -0.052900 -0.000500 0.176665
v -0.063400 -0.000300 0.173165
v -0.069700 -0.000700 0.173965
v -0.059700 -0.001000 0.181465
v -0.073200 0.006100 0.185765
v -0.066100 -0.002500 0.181465
v -0.071300 0.001300 0.187565
v -0.067000 -0.000000 0.189165
v -0.051100 -0.000500 0.186465
v -0.064100 0.001500 0.190265
v -0.042900 -0.000200 0.186065
v -0.057800 -0.002800 0.189565
v -0.034500 0.002500 0.185765
v -0.039300 0.003700 0.190165
v -0.032700 0.006000 0.188765
v -0.030900 0.008200 0.186965
v -0.035200 0.006800 0.190665
v -0.032100 0.007200 0.192165
v -0.044200 -0.001200 0.193265
v -0.039500 0.003000 0.194865
v -0.030200 0.006500 0.191265
v -0.029600 0.007100 0.193765
v -0.028600 0.008100 0.191765
v -0.042500 0.001600 0.199365
v -0.041300 0.007400 0.202565
v -0.051400 0.000500 0.194865
v -0.047500 0.002100 0.200865
v -0.044400 0.005300 0.202965
v -0.043600 0.006700 0.206965
v -0.041600 0.006700 0.207065
v -0.042600 0.006700 0.208965
v -0.044600 0.007500 0.207865
v -0.046600 0.007800 0.203565
v -0.051600 0.006300 0.201165
v -0.053900 0.001400 0.199265
v -0.057700 0.000500 0.195965
v -0.055600 0.006200 0.202965
v -0.055100 0.009400 0.203665
v -0.058400 0.003600 0.200765
v -0.061600 0.003700 0.197565
v -0.064000 0.005100 0.192765
v -0.059800 0.006700 0.201765
v -0.066900 0.005600 0.192465
v -0.057000 0.006400 0.205465
v -0.059400 0.006200 0.205265
v -0.056500 0.008400 0.206665
v -0.059000 0.005900 0.207865
v -0.069300 0.003900 0.192165
v -0.069800 0.004300 0.195665
v -0.072200 0.005100 0.190565
v -0.070800 0.003600 0.194565
v -0.071700 0.002800 0.196965
v -0.072500 0.004500 0.192865
v -0.073500 0.006100 0.193665
v -0.072700 0.008000 0.190665
v -0.072300 0.007200 0.195465
v -0.070800 0.011600 0.190465
v -0.070500 0.007200 0.195865
v -0.069800 0.004300 0.195665
v -0.068100 0.009600 0.192865
v 0.043100 0.006700 -0.114735
v 0.043500 0.005900 -0.111835
v 0.041800 0.007400 -0.113735
v 0.044600 0.007700 -0.115035
v 0.040700 0.008400 -0.117335
v 0.043400 0.007400 -0.118135
v 0.045800 0.008000 -0.118635
v 0.039500 0.005500 -0.120435
v 0.038000 0.009500 -0.119935
v 0.043100 0.004400 -0.120535
v 0.037500 0.006400 -0.123635
v 0.036800 0.011000 -0.124635
v 0.039500 0.003300 -0.126535
v 0.035300 0.007600 -0.127735
v 0.033600 0.010800 -0.127535
v 0.047400 0.004900 -0.121735
v 0.049200 0.010300 -0.119435
v 0.045300 0.001900 -0.126835
v 0.051800 0.005000 -0.119635
v 0.052600 0.010100 -0.117835
v 0.050700 0.001800 -0.124235
v 0.055000 0.008000 -0.117935
v 0.054200 0.009300 -0.115235
v 0.055800 0.004800 -0.119535
v 0.056300 0.007700 -0.115835
v 0.057000 0.007100 -0.112935
v 0.057500 0.008700 -0.116435
v 0.057400 0.009200 -0.119535
v 0.059100 0.008100 -0.123935
v 0.056600 0.002700 -0.124935
v 0.060100 0.006400 -0.128935
v 0.061100 0.009500 -0.127435
v 0.055100 0.001400 -0.129435
v 0.062600 0.005900 -0.129235
v 0.063900 0.010000 -0.127235
v 0.059300 0.004000 -0.132135
v 0.048500 0.000700 -0.128835
v 0.054600 -0.000800 -0.135235
v 0.043800 -0.000800 -0.133835
v 0.063900 0.003300 -0.139035
v 0.037400 0.004100 -0.129535
v 0.065200 0.004900 -0.131235
v 0.035900 0.003900 -0.132235
v 0.066200 0.008200 -0.128535
v 0.068600 0.006100 -0.133435
v 0.066600 0.008200 -0.125835
v 0.065400 0.010000 -0.124835
v 0.067500 0.008800 -0.123335
v 0.068300 0.009500 -0.126235
v 0.069600 0.010200 -0.132835
v 0.067900 0.011900 -0.130235
v 0.067500 0.012000 -0.125235
v 0.066000 0.011800 -0.124935
v 0.065400 0.010000 -0.124835
v 0.063900 0.010000 -0.127235
v 0.063800 0.013100 -0.127835
v 0.061100 0.009500 -0.127435
v 0.066600 0.014700 -0.129935
v 0.069000 0.015200 -0.134035
v 0.065400 0.017600 -0.131735
v 0.059800 0.015600 -0.128635
v 0.058900 0.013900 -0.124835
v 0.059100 0.008100 -0.123935
v 0.059300 0.020900 -0.132835
v 0.058100 0.011800 -0.121535
v 0.057400 0.009200 -0.119535
v 0.055900 0.020200 -0.123035
v 0.058100 0.010100 -0.115835
v 0.057500 0.008700 -0.116435
v 0.057000 0.007100 -0.112935
v 0.056900 0.011600 -0.115035
v 0.055500 0.015500 -0.120035
v 0.055200 0.011100 -0.114635
v 0.054200 0.009300 -0.115235
v 0.052600 0.010100 -0.117835
v 0.052900 0.013700 -0.118635
v 0.049200 0.010300 -0.119435
v 0.049300 0.019000 -0.122535
v 0.047200 0.012100 -0.119035
v 0.045800 0.008000 -0.118635
v 0.044600 0.007700 -0.115035
v 0.045300 0.009400 -0.113535
v 0.043500 0.005900 -0.111835
v 0.043200 0.014900 -0.117435
v 0.043800 0.010400 -0.112535
v 0.041800 0.009500 -0.113435
v 0.041800 0.007400 -0.113735
v 0.040700 0.008400 -0.117335
v 0.040300 0.012400 -0.117435
v 0.038000 0.009500 -0.119935
v 0.039300 0.015100 -0.120335
v 0.036800 0.011000 -0.124635
v 0.043700 0.021500 -0.121035
v 0.037100 0.014600 -0.125435
v 0.038400 0.018600 -0.124635
v 0.043500 0.024300 -0.125735
v 0.033600 0.014200 -0.127535
v 0.033600 0.010800 -0.127535
v 0.032200 0.017100 -0.129235
v 0.031500 0.012000 -0.125035
v 0.031500 0.010600 -0.125635
v 0.029600 0.009800 -0.123635
v 0.030500 0.013700 -0.125235
v 0.028900 0.013400 -0.125935
v 0.028500 0.010900 -0.126435
v 0.029600 0.011500 -0.131235
v 0.029500 0.016000 -0.131335
v 0.028400 0.010300 -0.135435
v 0.028800 0.020300 -0.134735
v 0.032000 0.022600 -0.132335
v 0.027700 0.011900 -0.143435
v 0.030800 0.006500 -0.135835
v 0.029400 0.006200 -0.144635
v 0.030700 0.010200 -0.160935
v 0.029500 0.020400 -0.158435
v 0.033300 0.012400 -0.170035
v 0.031600 0.026000 -0.167635
v 0.029500 0.023900 -0.141635
v 0.031700 0.031400 -0.153435
v 0.032500 0.040000 -0.167135
v 0.032500 0.028200 -0.137735
v 0.034900 0.035200 -0.147135
v 0.035600 0.043500 -0.156935
v 0.038200 0.026900 -0.136635
v 0.037900 0.022500 -0.129735
v 0.041600 0.035500 -0.145735
v 0.043600 0.029000 -0.134635
v 0.049600 0.023400 -0.127235
v 0.056100 0.025900 -0.127535
v 0.048400 0.027700 -0.135835
v 0.053400 0.028600 -0.137635
v 0.048100 0.034300 -0.143535
v 0.057700 0.026600 -0.140335
v 0.047000 0.045700 -0.151535
v 0.059500 0.032400 -0.149635
v 0.057300 0.043600 -0.156235
v 0.065300 0.022700 -0.135935
v 0.063600 0.026500 -0.141835
v 0.069400 0.018000 -0.139835
v 0.067300 0.020600 -0.146235
v 0.069900 0.009600 -0.141735
v 0.067900 0.013700 -0.149835
v 0.063600 0.028700 -0.154635
v 0.065100 0.020200 -0.159435
v 0.067100 0.006500 -0.148935
v 0.068400 0.005600 -0.140035
v 0.064200 0.007600 -0.159235
v 0.063000 0.001600 -0.146735
v 0.059000 0.001300 -0.156335
v 0.053000 -0.001300 -0.143935
v 0.060600 0.008500 -0.166835
v 0.042200 0.000000 -0.141235
v 0.062900 0.023300 -0.168835
v 0.046500 0.000800 -0.155035
v 0.053700 0.004800 -0.166335
v 0.055500 0.010400 -0.173335
v 0.061200 0.039600 -0.169435
v 0.056900 0.024700 -0.178935
v 0.047800 0.009900 -0.174435
v 0.038600 0.005800 -0.164735
v 0.039300 0.010300 -0.173635
v 0.033300 0.012400 -0.170035
v 0.030700 0.010200 -0.160935
v 0.034200 0.002900 -0.145835
v 0.029400 0.006200 -0.144635
v 0.034800 0.003600 -0.136735
v 0.030800 0.006500 -0.135835
v 0.031800 0.006900 -0.131135
v 0.028400 0.010300 -0.135435
v 0.029600 0.011500 -0.131235
v 0.031400 0.010000 -0.129335
v 0.028500 0.010900 -0.126435
v 0.031500 0.010600 -0.125635
v 0.030200 0.009700 -0.125835
v 0.029600 0.009800 -0.123635
v 0.045300 0.024600 -0.182835
v 0.047800 0.009900 -0.174435
v 0.039300 0.010300 -0.173635
v 0.057100 0.037600 -0.180335
v 0.037600 0.025100 -0.180635
v 0.033300 0.012400 -0.170035
v 0.045600 0.038700 -0.186035
v 0.033300 0.025400 -0.175335
v 0.031600 0.026000 -0.167635
v 0.032500 0.040000 -0.167135
v 0.032300 0.040800 -0.178935
v 0.029400 0.046600 -0.168935
v 0.037100 0.039900 -0.184935
v 0.045500 0.054900 -0.190635
v 0.037600 0.056100 -0.189735
v 0.054900 0.055100 -0.187135
v 0.047700 0.075500 -0.199435
v 0.059500 0.056900 -0.177035
v 0.057100 0.076900 -0.193935
v 0.056900 0.060000 -0.164835
v 0.058600 0.079600 -0.183535
v 0.055600 0.079800 -0.172735
v 0.045400 0.061500 -0.161435
v 0.037900 0.049800 -0.159035
v 0.045900 0.079500 -0.167335
v 0.032800 0.045100 -0.165435
v 0.029400 0.046600 -0.168935
v 0.033400 0.049200 -0.164835
v 0.029700 0.051300 -0.167935
v 0.034300 0.059400 -0.167135
v 0.027300 0.054200 -0.170735
v 0.028300 0.060900 -0.176335
v 0.037400 0.078400 -0.172735
v 0.033200 0.078600 -0.181735
v 0.036400 0.091900 -0.173735
v 0.032100 0.093800 -0.185135
v 0.046700 0.092000 -0.168935
v 0.036400 0.101100 -0.171835
v 0.032200 0.103000 -0.184135
v 0.034700 0.112100 -0.180135
v 0.057700 0.092700 -0.174435
v 0.047500 0.100100 -0.165435
v 0.036400 0.110000 -0.166635
v 0.036500 0.123700 -0.172535
v 0.047800 0.108800 -0.159935
v 0.039100 0.121200 -0.158535
v 0.037500 0.137700 -0.160435
v 0.059700 0.101700 -0.172535
v 0.041400 0.134000 -0.146635
v 0.034400 0.153100 -0.145835
v 0.049900 0.120300 -0.152435
v 0.042000 0.150900 -0.130835
v 0.031400 0.169300 -0.134935
v 0.051800 0.134400 -0.140735
v 0.059600 0.111800 -0.167435
v 0.061700 0.123600 -0.159135
v 0.039800 0.164200 -0.116435
v 0.025300 0.188700 -0.126335
v 0.053100 0.149900 -0.123935
v 0.037900 0.183100 -0.099735
v 0.025500 0.204000 -0.116335
v 0.055400 0.160500 -0.110135
v 0.035000 0.206100 -0.092935
v 0.019300 0.216000 -0.109435
v 0.038600 0.229500 -0.086835
v 0.058300 0.174200 -0.095235
v 0.049200 0.192500 -0.084735
v 0.049100 0.211100 -0.080935
v 0.053200 0.231100 -0.075335
v 0.065500 0.225800 -0.073735
v 0.065200 0.206400 -0.078335
v 0.063200 0.188600 -0.084435
v 0.077500 0.206800 -0.089835
v 0.077300 0.226600 -0.084535
v 0.082700 0.227400 -0.105435
v 0.075900 0.190500 -0.096235
v 0.079600 0.208500 -0.108235
v 0.075300 0.212000 -0.130935
v 0.078400 0.229400 -0.131235
v 0.077100 0.195100 -0.113035
v 0.072500 0.176700 -0.105835
v 0.072200 0.198500 -0.133735
v 0.069100 0.164000 -0.117635
v 0.073200 0.182700 -0.121935
v 0.066200 0.152400 -0.130235
v 0.071000 0.169900 -0.132735
v 0.070500 0.186200 -0.139835
v 0.063900 0.138800 -0.146235
v 0.066600 0.157400 -0.144635
v 0.066300 0.174400 -0.148135
v 0.061800 0.143400 -0.159235
v 0.060000 0.127200 -0.173735
v 0.061900 0.160700 -0.157735
v 0.059100 0.145400 -0.168135
v 0.062300 0.114100 -0.180235
v 0.058000 0.129300 -0.182635
v 0.063200 0.103300 -0.185435
v 0.059600 0.116200 -0.192235
v 0.060300 0.094100 -0.186435
v 0.060500 0.104600 -0.197135
v 0.058500 0.093100 -0.197635
v 0.048800 0.092400 -0.205035
v 0.049700 0.105200 -0.205935
v 0.038800 0.077700 -0.197335
v 0.039200 0.104700 -0.203235
v 0.033200 0.059100 -0.188035
v 0.038600 0.093200 -0.202635
v 0.034100 0.093000 -0.194735
v 0.033800 0.104100 -0.195135
v 0.034500 0.077900 -0.191035
v 0.032100 0.093800 -0.185135
v 0.033200 0.078600 -0.181735
v 0.032200 0.103000 -0.184135
v 0.028300 0.060900 -0.176335
v 0.035400 0.114500 -0.191435
v 0.028800 0.054700 -0.179335
v 0.027300 0.054200 -0.170735
v 0.034700 0.112100 -0.180135
v 0.027500 0.049400 -0.173035
v 0.024600 0.049300 -0.169235
v 0.024600 0.046700 -0.170635
v 0.024100 0.045800 -0.168435
v 0.026700 0.046800 -0.169035
v 0.026000 0.049300 -0.168335
v 0.024600 0.049300 -0.169235
v 0.029700 0.051300 -0.167935
v 0.027300 0.054200 -0.170735
v 0.037500 0.126100 -0.185835
v 0.036500 0.123700 -0.172535
v 0.039600 0.141400 -0.171135
v 0.037500 0.137700 -0.160435
v 0.041700 0.128400 -0.192535
v 0.036000 0.157400 -0.159835
v 0.034400 0.153100 -0.145835
v 0.044600 0.144700 -0.177535
v 0.042600 0.162200 -0.169335
v 0.030900 0.172900 -0.152435
v 0.031400 0.169300 -0.134935
v 0.050300 0.146600 -0.179135
v 0.028000 0.188300 -0.147735
v 0.025300 0.188700 -0.126335
v 0.040500 0.178900 -0.163335
v 0.020000 0.203000 -0.136135
v 0.025500 0.204000 -0.116335
v 0.019300 0.216000 -0.109435
v 0.014500 0.215500 -0.145035
v 0.023300 0.204300 -0.151735
v 0.035800 0.189300 -0.159535
v 0.020600 0.216400 -0.159335
v 0.013600 0.229500 -0.163635
v 0.032500 0.201600 -0.163035
v 0.031500 0.213400 -0.170135
v 0.028200 0.225900 -0.178735
v 0.045100 0.227300 -0.183835
v 0.043300 0.212200 -0.173935
v 0.042800 0.201200 -0.166935
v 0.043100 0.189800 -0.162335
v 0.058800 0.213400 -0.169635
v 0.061900 0.227900 -0.176735
v 0.074200 0.229000 -0.156735
v 0.055400 0.201200 -0.164335
v 0.070700 0.213300 -0.153335
v 0.065700 0.200500 -0.151735
v 0.054200 0.190100 -0.160635
v 0.061900 0.189200 -0.153435
v 0.056500 0.179800 -0.160735
v 0.054100 0.164300 -0.169635
v 0.050000 0.131500 -0.192435
v 0.049600 0.118100 -0.202435
v 0.039500 0.116300 -0.200735
v -0.043100 0.006700 -0.114735
v -0.041800 0.007400 -0.113735
v -0.043500 0.005900 -0.111835
v -0.044600 0.007700 -0.115035
v -0.040700 0.008400 -0.117335
v -0.043400 0.007400 -0.118135
v -0.045800 0.008000 -0.118635
v -0.039500 0.005500 -0.120435
v -0.038000 0.009500 -0.119935
v -0.043100 0.004400 -0.120535
v -0.037500 0.006400 -0.123635
v -0.036800 0.011000 -0.124635
v -0.039500 0.003300 -0.126535
v -0.035300 0.007600 -0.127735
v -0.033600 0.010800 -0.127535
v -0.047400 0.004900 -0.121735
v -0.049200 0.010300 -0.119435
v -0.045300 0.001900 -0.126835
v -0.051800 0.005000 -0.119635
v -0.052600 0.010100 -0.117835
v -0.050700 0.001800 -0.124235
v -0.055000 0.008000 -0.117935
v -0.054200 0.009300 -0.115235
v -0.055800 0.004800 -0.119535
v -0.056300 0.007700 -0.115835
v -0.057000 0.007100 -0.112935
v -0.057500 0.008700 -0.116435
v -0.057400 0.009200 -0.119535
v -0.059100 0.008100 -0.123935
v -0.056600 0.002700 -0.124935
v -0.060100 0.006400 -0.128935
v -0.061100 0.009500 -0.127435
v -0.055100 0.001400 -0.129435
v -0.048500 0.000700 -0.128835
v -0.062600 0.005900 -0.129235
v -0.063900 0.010000 -0.127235
v -0.059300 0.004000 -0.132135
v -0.054600 -0.000800 -0.135235
v -0.043800 -0.000800 -0.133835
v -0.063900 0.003300 -0.139035
v -0.037400 0.004100 -0.129535
v -0.065200 0.004900 -0.131235
v -0.035900 0.003900 -0.132235
v -0.066200 0.008200 -0.128535
v -0.068600 0.006100 -0.133435
v -0.066600 0.008200 -0.125835
v -0.065400 0.010000 -0.124835
v -0.067500 0.008800 -0.123335
v -0.068300 0.009500 -0.126235
v -0.069600 0.010200 -0.132835
v -0.067900 0.011900 -0.130235
v -0.067500 0.012000 -0.125235
v -0.066000 0.011800 -0.124935
v -0.065400 0.010000 -0.124835
v -0.063900 0.010000 -0.127235
v -0.063800 0.013100 -0.127835
v -0.061100 0.009500 -0.127435
v -0.066600 0.014700 -0.129935
v -0.069000 0.015200 -0.134035
v -0.065400 0.017600 -0.131735
v -0.059800 0.015600 -0.128635
v -0.058900 0.013900 -0.124835
v -0.059100 0.008100 -0.123935
v -0.059300 0.020900 -0.132835
v -0.058100 0.011800 -0.121535
v -0.057400 0.009200 -0.119535
v -0.055900 0.020200 -0.123035
v -0.055500 0.015500 -0.120035
v -0.058100 0.010100 -0.115835
v -0.057500 0.008700 -0.116435
v -0.057000 0.007100 -0.112935
v -0.056900 0.011600 -0.115035
v -0.055200 0.011100 -0.114635
v -0.054200 0.009300 -0.115235
v -0.052600 0.010100 -0.117835
v -0.052900 0.013700 -0.118635
v -0.049200 0.010300 -0.119435
v -0.049300 0.019000 -0.122535
v -0.047200 0.012100 -0.119035
v -0.045800 0.008000 -0.118635
v -0.044600 0.007700 -0.115035
v -0.045300 0.009400 -0.113535
v -0.043500 0.005900 -0.111835
v -0.043200 0.014900 -0.117435
v -0.043800 0.010400 -0.112535
v -0.041800 0.009500 -0.113435
v -0.041800 0.007400 -0.113735
v -0.040700 0.008400 -0.117335
v -0.040300 0.012400 -0.117435
v -0.038000 0.009500 -0.119935
v -0.039300 0.015100 -0.120335
v -0.036800 0.011000 -0.124635
v -0.043700 0.021500 -0.121035
v -0.037100 0.014600 -0.125435
v -0.038400 0.018600 -0.124635
v -0.043500 0.024300 -0.125735
v -0.033600 0.014200 -0.127535
v -0.033600 0.010800 -0.127535
v -0.032200 0.017100 -0.129235
v -0.031500 0.012000 -0.125035
v -0.031500 0.010600 -0.125635
v -0.029600 0.009800 -0.123635
v -0.030500 0.013700 -0.125235
v -0.028900 0.013400 -0.125935
v -0.028500 0.010900 -0.126435
v -0.029600 0.011500 -0.131235
v -0.029500 0.016000 -0.131335
v -0.028400 0.010300 -0.135435
v -0.028800 0.020300 -0.134735
v -0.032000 0.022600 -0.132335
v -0.027700 0.011900 -0.143435
v -0.030800 0.006500 -0.135835
v -0.029400 0.006200 -0.144635
v -0.030700 0.010200 -0.160935
v -0.037900 0.022500 -0.129735
v -0.029500 0.020400 -0.158435
v -0.033300 0.012400 -0.170035
v -0.031600 0.026000 -0.167635
v -0.029500 0.023900 -0.141635
v -0.031700 0.031400 -0.153435
v -0.032500 0.040000 -0.167135
v -0.032500 0.028200 -0.137735
v -0.034900 0.035200 -0.147135
v -0.038200 0.026900 -0.136635
v -0.035600 0.043500 -0.156935
v -0.041600 0.035500 -0.145735
v -0.043600 0.029000 -0.134635
v -0.032800 0.045100 -0.165435
v -0.029400 0.046600 -0.168935
v -0.033400 0.049200 -0.164835
v -0.029700 0.051300 -0.167935
v -0.037900 0.049800 -0.159035
v -0.034300 0.059400 -0.167135
v -0.027300 0.054200 -0.170735
v -0.028300 0.060900 -0.176335
v -0.047000 0.045700 -0.151535
v -0.045400 0.061500 -0.161435
v -0.037400 0.078400 -0.172735
v -0.033200 0.078600 -0.181735
v -0.036400 0.091900 -0.173735
v -0.032100 0.093800 -0.185135
v -0.045900 0.079500 -0.167335
v -0.036400 0.101100 -0.171835
v -0.032200 0.103000 -0.184135
v -0.034700 0.112100 -0.180135
v -0.046700 0.092000 -0.168935
v -0.055600 0.079800 -0.172735
v -0.036400 0.110000 -0.166635
v -0.036500 0.123700 -0.172535
v -0.047500 0.100100 -0.165435
v -0.039100 0.121200 -0.158535
v -0.037500 0.137700 -0.160435
v -0.047800 0.108800 -0.159935
v -0.041400 0.134000 -0.146635
v -0.034400 0.153100 -0.145835
v -0.049900 0.120300 -0.152435
v -0.042000 0.150900 -0.130835
v -0.031400 0.169300 -0.134935
v -0.051800 0.134400 -0.140735
v -0.039800 0.164200 -0.116435
v -0.025300 0.188700 -0.126335
v -0.053100 0.149900 -0.123935
v -0.037900 0.183100 -0.099735
v -0.025500 0.204000 -0.116335
v -0.055400 0.160500 -0.110135
v -0.035000 0.206100 -0.092935
v -0.019300 0.216000 -0.109435
v -0.038600 0.229500 -0.086835
v -0.058300 0.174200 -0.095235
v -0.049200 0.192500 -0.084735
v -0.049100 0.211100 -0.080935
v -0.053200 0.231100 -0.075335
v -0.065500 0.225800 -0.073735
v -0.065200 0.206400 -0.078335
v -0.063200 0.188600 -0.084435
v -0.075900 0.190500 -0.096235
v -0.077500 0.206800 -0.089835
v -0.077300 0.226600 -0.084535
v -0.082700 0.227400 -0.105435
v -0.079600 0.208500 -0.108235
v -0.072500 0.176700 -0.105835
v -0.077100 0.195100 -0.113035
v -0.075300 0.212000 -0.130935
v -0.078400 0.229400 -0.131235
v -0.069100 0.164000 -0.117635
v -0.073200 0.182700 -0.121935
v -0.066200 0.152400 -0.130235
v -0.071000 0.169900 -0.132735
v -0.072200 0.198500 -0.133735
v -0.070500 0.186200 -0.139835
v -0.065700 0.200500 -0.151735
v -0.070700 0.213300 -0.153335
v -0.074200 0.229000 -0.156735
v -0.061900 0.189200 -0.153435
v -0.058800 0.213400 -0.169635
v -0.061900 0.227900 -0.176735
v -0.045100 0.227300 -0.183835
v -0.055400 0.201200 -0.164335
v -0.043300 0.212200 -0.173935
v -0.054200 0.190100 -0.160635
v -0.042800 0.201200 -0.166935
v -0.031500 0.213400 -0.170135
v -0.028200 0.225900 -0.178735
v -0.013600 0.229500 -0.163635
v -0.032500 0.201600 -0.163035
v -0.020600 0.216400 -0.159335
v -0.014500 0.215500 -0.145035
v -0.023300 0.204300 -0.151735
v -0.035800 0.189300 -0.159535
v -0.043100 0.189800 -0.162335
v -0.020000 0.203000 -0.136135
v -0.019300 0.216000 -0.109435
v -0.025500 0.204000 -0.116335
v -0.025300 0.188700 -0.126335
v -0.028000 0.188300 -0.147735
v -0.031400 0.169300 -0.134935
v -0.030900 0.172900 -0.152435
v -0.034400 0.153100 -0.145835
v -0.040500 0.178900 -0.163335
v -0.036000 0.157400 -0.159835
v -0.037500 0.137700 -0.160435
v -0.042600 0.162200 -0.169335
v -0.039600 0.141400 -0.171135
v -0.036500 0.123700 -0.172535
v -0.056500 0.179800 -0.160735
v -0.037500 0.126100 -0.185835
v -0.034700 0.112100 -0.180135
v -0.044600 0.144700 -0.177535
v -0.035400 0.114500 -0.191435
v -0.032200 0.103000 -0.184135
v -0.041700 0.128400 -0.192535
v -0.050300 0.146600 -0.179135
v -0.033800 0.104100 -0.195135
v -0.032100 0.093800 -0.185135
v -0.054100 0.164300 -0.169635
v -0.050000 0.131500 -0.192435
v -0.059100 0.145400 -0.168135
v -0.061900 0.160700 -0.157735
v -0.066300 0.174400 -0.148135
v -0.066600 0.157400 -0.144635
v -0.061800 0.143400 -0.159235
v -0.063900 0.138800 -0.146235
v -0.061700 0.123600 -0.159135
v -0.060000 0.127200 -0.173735
v -0.059600 0.111800 -0.167435
v -0.058000 0.129300 -0.182635
v -0.062300 0.114100 -0.180235
v -0.059700 0.101700 -0.172535
v -0.059600 0.116200 -0.192235
v -0.063200 0.103300 -0.185435
v -0.057700 0.092700 -0.174435
v -0.060300 0.094100 -0.186435
v -0.058600 0.079600 -0.183535
v -0.060500 0.104600 -0.197135
v -0.058500 0.093100 -0.197635
v -0.049700 0.105200 -0.205935
v -0.049600 0.118100 -0.202435
v -0.039500 0.116300 -0.200735
v -0.039200 0.104700 -0.203235
v -0.048800 0.092400 -0.205035
v -0.038600 0.093200 -0.202635
v -0.034100 0.093000 -0.194735
v -0.038800 0.077700 -0.197335
v -0.034500 0.077900 -0.191035
v -0.033200 0.078600 -0.181735
v -0.033200 0.059100 -0.188035
v -0.028300 0.060900 -0.176335
v -0.047700 0.075500 -0.199435
v -0.028800 0.054700 -0.179335
v -0.027300 0.054200 -0.170735
v -0.037600 0.056100 -0.189735
v -0.032300 0.040800 -0.178935
v -0.027500 0.049400 -0.173035
v -0.024600 0.049300 -0.169235
v -0.024600 0.046700 -0.170635
v -0.024100 0.045800 -0.168435
v -0.026700 0.046800 -0.169035
v -0.029400 0.046600 -0.168935
v -0.026000 0.049300 -0.168335
v -0.024600 0.049300 -0.169235
v -0.027300 0.054200 -0.170735
v -0.029700 0.051300 -0.167935
v -0.032500 0.040000 -0.167135
v -0.033300 0.025400 -0.175335
v -0.031600 0.026000 -0.167635
v -0.033300 0.012400 -0.170035
v -0.037600 0.025100 -0.180635
v -0.039300 0.010300 -0.173635
v -0.037100 0.039900 -0.184935
v -0.045300 0.024600 -0.182835
v -0.047800 0.009900 -0.174435
v -0.045500 0.054900 -0.190635
v -0.055500 0.010400 -0.173335
v -0.045600 0.038700 -0.186035
v -0.054900 0.055100 -0.187135
v -0.057100 0.037600 -0.180335
v -0.056900 0.024700 -0.178935
v -0.057100 0.076900 -0.193935
v -0.059500 0.056900 -0.177035
v -0.061200 0.039600 -0.169435
v -0.056900 0.060000 -0.164835
v -0.062900 0.023300 -0.168835
v -0.057300 0.043600 -0.156235
v -0.063600 0.028700 -0.154635
v -0.048100 0.034300 -0.143535
v -0.059500 0.032400 -0.149635
v -0.048400 0.027700 -0.135835
v -0.053400 0.028600 -0.137635
v -0.049600 0.023400 -0.127235
v -0.056100 0.025900 -0.127535
v -0.057700 0.026600 -0.140335
v -0.065300 0.022700 -0.135935
v -0.063600 0.026500 -0.141835
v -0.067300 0.020600 -0.146235
v -0.069400 0.018000 -0.139835
v -0.065100 0.020200 -0.159435
v -0.067900 0.013700 -0.149835
v -0.069900 0.009600 -0.141735
v -0.064200 0.007600 -0.159235
v -0.068400 0.005600 -0.140035
v -0.067100 0.006500 -0.148935
v -0.063000 0.001600 -0.146735
v -0.059000 0.001300 -0.156335
v -0.060600 0.008500 -0.166835
v -0.053700 0.004800 -0.166335
v -0.047800 0.009900 -0.174435
v -0.053000 -0.001300 -0.143935
v -0.046500 0.000800 -0.155035
v -0.038600 0.005800 -0.164735
v -0.039300 0.010300 -0.173635
v -0.033300 0.012400 -0.170035
v -0.030700 0.010200 -0.160935
v -0.034200 0.002900 -0.145835
v -0.029400 0.006200 -0.144635
v -0.042200 0.000000 -0.141235
v -0.034800 0.003600 -0.136735
v -0.030800 0.006500 -0.135835
v -0.031800 0.006900 -0.131135
v -0.028400 0.010300 -0.135435
v -0.029600 0.011500 -0.131235
v -0.031400 0.010000 -0.129335
v -0.031500 0.010600 -0.125635
v -0.028500 0.010900 -0.126435
v -0.030200 0.009700 -0.125835
v -0.029600 0.009800 -0.123635
v 0.024989 0.454041 0.365352
v 0.024699 0.459108 0.363645
v 0.021882 0.457285 0.363806
v 0.019943 0.454548 0.363633
v 0.026513 0.455028 0.365265
v 0.027964 0.459740 0.363175
v 0.023939 0.452560 0.365258
v 0.019177 0.451313 0.363152
v 0.028280 0.455370 0.365010
v 0.031181 0.459083 0.362468
v 0.023525 0.450809 0.364998
v 0.019700 0.448073 0.362436
v 0.030022 0.455014 0.364627
v 0.033860 0.457238 0.361630
v 0.023808 0.449056 0.364610
v 0.021434 0.445321 0.361596
v 0.031471 0.454016 0.364174
v 0.035594 0.454487 0.360789
v 0.024746 0.447566 0.364156
v 0.024113 0.443477 0.360758
v 0.032409 0.452527 0.363719
v 0.036117 0.451247 0.360074
v 0.026196 0.446568 0.363702
v 0.027330 0.442820 0.360050
v 0.032693 0.450773 0.363332
v 0.027937 0.446213 0.363319
v 0.032278 0.449022 0.363072
v 0.035351 0.448012 0.359593
v 0.033412 0.445274 0.359419
v 0.029704 0.446554 0.363065
v 0.030595 0.443451 0.359580
v 0.031229 0.447541 0.362978
v 0.028271 0.450619 0.365061
v -0.024699 0.459108 0.363645
v -0.024989 0.454041 0.365352
v -0.021882 0.457285 0.363806
v -0.019943 0.454548 0.363633
v -0.026513 0.455028 0.365265
v -0.027964 0.459740 0.363175
v -0.023939 0.452560 0.365258
v -0.019177 0.451313 0.363152
v -0.028280 0.455370 0.365010
v -0.031181 0.459083 0.362468
v -0.023525 0.450809 0.364998
v -0.019700 0.448073 0.362436
v -0.030021 0.455014 0.364627
v -0.033860 0.457238 0.361630
v -0.023808 0.449056 0.364610
v -0.021434 0.445321 0.361596
v -0.031471 0.454016 0.364174
v -0.035594 0.454487 0.360789
v -0.024746 0.447566 0.364156
v -0.024113 0.443477 0.360758
v -0.032409 0.452527 0.363719
v -0.036117 0.451247 0.360074
v -0.026196 0.446568 0.363702
v -0.027330 0.442820 0.360050
v -0.032693 0.450773 0.363332
v -0.027937 0.446213 0.363319
v -0.032278 0.449022 0.363072
v -0.035351 0.448012 0.359593
v -0.033412 0.445274 0.359419
v -0.029704 0.446554 0.363065
v -0.030595 0.443451 0.359580
v -0.031229 0.447541 0.362978
v -0.028271 0.450619 0.365061
v 0.000000 0.209600 -0.111485
v -0.018182 0.211571 -0.107662
v 0.000000 0.212878 -0.138045
v -0.011422 0.211978 -0.146496
v -0.000000 0.228770 -0.163992
v -0.011093 0.226269 -0.166335
v -0.000000 0.244320 -0.179225
v -0.007285 0.244371 -0.183762
v -0.000000 0.263606 -0.189317
v -0.026015 0.223193 -0.182186
v -0.003452 0.264924 -0.191415
v -0.000000 0.281497 -0.197659
v -0.019893 0.243655 -0.192998
v -0.017128 0.260837 -0.200016
v -0.012725 0.277645 -0.205079
v -0.044122 0.244229 -0.197745
v -0.045539 0.224891 -0.188079
v -0.064976 0.225978 -0.180030
v -0.039799 0.260285 -0.205557
v -0.039083 0.280188 -0.210243
v -0.014727 0.305669 -0.207061
v -0.000000 0.308786 -0.199530
v -0.000000 0.325195 -0.198854
v -0.019307 0.328743 -0.202892
v -0.035779 0.296393 -0.212426
v -0.046437 0.323245 -0.209824
v -0.037636 0.353730 -0.210948
v -0.058467 0.297971 -0.206408
v -0.064033 0.280001 -0.200882
v -0.046427 0.358690 -0.196211
v -0.024504 0.374113 -0.204708
v -0.000000 0.405546 -0.143597
v -0.000000 0.382466 -0.205397
v -0.034027 0.399328 -0.146601
v 0.000000 0.410805 -0.092316
v -0.063546 0.351129 -0.188403
v -0.037263 0.400793 -0.089698
v -0.060165 0.383932 -0.144578
v -0.033340 0.399903 -0.041973
v 0.000000 0.406793 -0.041785
v 0.000000 0.404800 0.017132
v -0.062721 0.378051 -0.084850
v -0.032225 0.397362 0.021245
v 0.000000 0.407002 0.086456
v -0.058670 0.378085 -0.041383
v -0.032819 0.399873 0.087527
v 0.000000 0.419437 0.142487
v -0.059192 0.377935 0.024153
v -0.031036 0.412398 0.144548
v 0.000000 0.429019 0.174630
v -0.060755 0.380222 0.091819
v -0.075206 0.351268 -0.042717
v -0.027518 0.423395 0.178442
v 0.000000 0.438181 0.196582
v -0.058350 0.396378 0.151224
v -0.025445 0.433947 0.198407
v -0.050014 0.406629 0.187236
v -0.022808 0.445479 0.217878
v 0.000000 0.448502 0.218874
v -0.046276 0.417700 0.206989
v -0.077189 0.368609 0.162564
v -0.021258 0.459338 0.233993
v 0.000000 0.465012 0.232254
v 0.000000 0.476025 0.247681
v -0.045876 0.433210 0.224270
v -0.064611 0.396961 0.218157
v -0.042566 0.449696 0.239265
v -0.063927 0.381353 0.198476
v -0.063231 0.413174 0.240378
v -0.063522 0.437209 0.248875
v -0.038475 0.464678 0.252268
v -0.018388 0.471830 0.249653
v -0.015869 0.488800 0.263090
v 0.000000 0.489184 0.260812
v -0.044253 0.481437 0.263526
v -0.015788 0.501850 0.284194
v 0.000000 0.500828 0.286455
v -0.032730 0.496721 0.274821
v -0.012778 0.507519 0.306377
v 0.000000 0.506200 0.307532
v -0.038130 0.506456 0.288204
v -0.024495 0.510541 0.298879
v -0.055090 0.498495 0.283797
v -0.017231 0.512427 0.311566
v -0.009051 0.504120 0.325178
v 0.000000 0.502590 0.323497
v -0.051313 0.486038 0.272194
v -0.070793 0.483315 0.284752
v -0.007092 0.497960 0.341338
v 0.000000 0.498498 0.343906
v -0.016312 0.502228 0.344636
v -0.005748 0.489240 0.357990
v 0.000000 0.489651 0.357002
v -0.021382 0.490371 0.355785
v 0.000000 0.477902 0.368594
v -0.009742 0.476733 0.370769
v -0.006387 0.463513 0.375190
v 0.000000 0.463578 0.373831
v -0.024375 0.480715 0.364573
v -0.041133 0.489656 0.352609
v -0.018151 0.467728 0.373135
v -0.012760 0.459658 0.375116
v -0.015427 0.455004 0.372127
v -0.018607 0.459077 0.369803
v -0.024514 0.461467 0.367499
v -0.026302 0.470174 0.369255
v -0.030870 0.460792 0.364110
v -0.035283 0.470098 0.365098
v -0.036777 0.460380 0.361103
v -0.038677 0.479961 0.359697
v -0.053985 0.482648 0.344954
v -0.044668 0.466793 0.359171
v -0.038883 0.456144 0.359606
v -0.050406 0.474760 0.351773
v -0.065340 0.469795 0.336166
v -0.049479 0.459276 0.354358
v -0.059357 0.463916 0.347716
v -0.050559 0.451740 0.353137
v -0.039304 0.449692 0.358763
v -0.073896 0.455149 0.336325
v -0.074773 0.467221 0.322722
v -0.063248 0.451968 0.347009
v -0.053519 0.444072 0.356341
v -0.037536 0.442733 0.362801
v -0.044850 0.434743 0.367940
v -0.065417 0.442227 0.347645
v -0.057788 0.433345 0.361396
v -0.043971 0.423732 0.373234
v -0.076396 0.440915 0.336015
v -0.066434 0.426799 0.349490
v -0.056225 0.419975 0.363501
v -0.042903 0.410285 0.365847
v -0.083048 0.453475 0.320668
v -0.083330 0.437935 0.322769
v -0.084451 0.453557 0.308543
v -0.076287 0.467469 0.312207
v -0.078835 0.464583 0.300223
v -0.076423 0.425444 0.332253
v -0.079440 0.453118 0.294200
v -0.085178 0.435759 0.306975
v -0.085317 0.420775 0.317486
v -0.074039 0.460492 0.278943
v -0.077379 0.470067 0.293369
v -0.081882 0.447166 0.285591
v -0.062416 0.470964 0.270820
v -0.058290 0.454444 0.259729
v -0.071783 0.444552 0.263909
v -0.066834 0.427149 0.258315
v -0.074842 0.433829 0.270324
v -0.083666 0.428612 0.296041
v -0.069772 0.418949 0.265207
v -0.085205 0.413346 0.304040
v -0.077141 0.415738 0.279402
v -0.079440 0.403518 0.291737
v -0.061066 0.411217 0.255323
v -0.072282 0.408152 0.273557
v -0.067982 0.383881 0.252377
v -0.065427 0.394592 0.266810
v -0.074698 0.395085 0.285471
v -0.071450 0.388798 0.279345
v -0.063025 0.372493 0.282496
v -0.069263 0.367263 0.233152
v -0.064345 0.356963 0.267161
v -0.056694 0.377292 0.292901
v -0.074524 0.350249 0.212152
v -0.040642 0.355972 0.290998
v -0.067976 0.336482 0.248025
v -0.043967 0.338699 0.278279
v -0.088522 0.340446 0.173369
v -0.074906 0.302364 0.223043
v -0.092993 0.309264 0.177009
v -0.087610 0.329555 0.138245
v -0.078416 0.346203 0.098989
v -0.087868 0.307813 0.136219
v -0.077888 0.349666 0.026415
v -0.082951 0.314081 0.094496
v -0.085632 0.318208 0.027538
v -0.093441 0.279273 0.171822
v -0.086113 0.284745 0.131554
v -0.076764 0.287705 0.091276
v -0.084111 0.313515 -0.036994
v -0.083224 0.290429 0.026936
v -0.085218 0.259788 0.124757
v -0.069299 0.262143 0.087403
v -0.092851 0.250474 0.163234
v -0.069191 0.265403 0.211225
v -0.087971 0.227247 0.151080
v -0.079883 0.233720 0.114689
v -0.063990 0.233834 0.099760
v -0.068199 0.212513 0.181285
v -0.053931 0.235006 0.082168
v -0.064694 0.233339 0.196272
v -0.047303 0.229138 0.198321
v -0.048332 0.211676 0.180859
v -0.036980 0.212635 0.175712
v -0.046701 0.254390 0.217900
v -0.051671 0.283542 0.230714
v -0.024356 0.246037 0.217319
v -0.048392 0.312693 0.260378
v -0.036631 0.258950 0.225365
v -0.038265 0.299068 0.253960
v -0.043309 0.283377 0.245328
v -0.022660 0.274491 0.243019
v -0.030203 0.290714 0.256647
v -0.022126 0.304420 0.267777
v 0.000000 0.284816 0.264664
v 0.000000 0.263775 0.240561
v 0.000000 0.301244 0.267039
v 0.000000 0.244321 0.219812
v -0.021191 0.328998 0.285956
v 0.000000 0.328041 0.290793
v 0.000000 0.342621 0.301100
v -0.020736 0.345377 0.298052
v 0.000000 0.355586 0.308022
v -0.018052 0.358278 0.308432
v -0.038971 0.367888 0.303457
v -0.018773 0.371014 0.322279
v 0.000000 0.364852 0.324594
v -0.033859 0.374091 0.319942
v -0.047986 0.377435 0.307150
v -0.016755 0.373306 0.332162
v 0.000000 0.368465 0.333009
v -0.027206 0.379875 0.327517
v -0.017275 0.373949 0.340994
v 0.000000 0.371503 0.343507
v -0.017665 0.377272 0.350641
v 0.000000 0.375687 0.351296
v -0.027416 0.379840 0.340854
v -0.027657 0.386350 0.357801
v -0.046182 0.380498 0.331650
v -0.042027 0.384723 0.342749
v -0.039741 0.389546 0.354731
v -0.032013 0.395447 0.361698
v -0.035891 0.402756 0.360714
v -0.044039 0.400355 0.356031
v -0.051933 0.393533 0.351029
v -0.053645 0.406821 0.358491
v -0.058512 0.390696 0.341754
v -0.061299 0.402652 0.349549
v -0.061616 0.414429 0.351824
v -0.068758 0.413177 0.340079
v -0.073388 0.397268 0.337128
v -0.079707 0.409055 0.325252
v -0.073279 0.378424 0.332039
v -0.085134 0.398930 0.312447
v -0.079993 0.392353 0.319114
v -0.079847 0.395629 0.298243
v -0.076370 0.381621 0.306231
v -0.076352 0.370992 0.320753
v -0.067286 0.384406 0.295555
v -0.068758 0.372940 0.309453
v -0.053794 0.378693 0.311237
v -0.062623 0.374796 0.319869
v -0.054602 0.379603 0.331091
v 0.000000 0.212200 -0.111506
v -0.018773 0.213918 -0.108611
v 0.000000 0.215387 -0.137360
v -0.013051 0.213847 -0.145712
v -0.000000 0.230803 -0.162371
v -0.012426 0.227982 -0.164902
v -0.000000 0.245905 -0.177164
v -0.008521 0.245765 -0.181948
v -0.000000 0.264772 -0.186993
v -0.027173 0.224629 -0.180354
v -0.004650 0.265962 -0.189355
v -0.000000 0.282182 -0.195151
v -0.020849 0.244846 -0.190894
v -0.018173 0.261825 -0.197850
v -0.013676 0.278205 -0.202725
v -0.043842 0.245327 -0.195405
v -0.045304 0.226170 -0.185828
v -0.063343 0.226998 -0.178283
v -0.039692 0.261142 -0.203105
v -0.038821 0.280618 -0.207692
v -0.015572 0.305462 -0.204611
v -0.000000 0.308876 -0.196932
v -0.000000 0.327111 -0.197097
v -0.019061 0.330162 -0.200727
v -0.035900 0.296512 -0.209831
v -0.045863 0.322909 -0.207311
v -0.035378 0.353136 -0.209803
v -0.057125 0.297952 -0.204181
v -0.062379 0.280216 -0.198887
v -0.044798 0.357355 -0.194687
v -0.023100 0.372094 -0.203862
v -0.000000 0.403017 -0.143027
v -0.000000 0.380038 -0.204599
v -0.033154 0.396960 -0.145977
v 0.000000 0.408215 -0.092279
v -0.061795 0.349784 -0.187031
v -0.036009 0.398515 -0.089703
v -0.058523 0.381997 -0.144012
v -0.032205 0.397567 -0.042098
v 0.000000 0.404198 -0.041932
v 0.000000 0.402200 0.017123
v -0.060881 0.376228 -0.085082
v -0.031150 0.394994 0.021240
v 0.000000 0.404432 0.086778
v -0.056697 0.376395 -0.041466
v -0.031746 0.397523 0.087813
v 0.000000 0.416926 0.143137
v -0.057312 0.376140 0.024211
v -0.030021 0.410071 0.145109
v 0.000000 0.426568 0.175498
v -0.058755 0.378576 0.092051
v -0.072815 0.350249 -0.042809
v -0.075506 0.348623 0.026433
v -0.026342 0.421218 0.179239
v 0.000000 0.435803 0.197633
v -0.056516 0.394554 0.151489
v -0.075947 0.345412 0.099178
v -0.047995 0.405010 0.187481
v -0.024306 0.431852 0.199445
v -0.022008 0.443421 0.219252
v 0.000000 0.446483 0.220511
v -0.044379 0.416161 0.207879
v -0.074889 0.367397 0.162559
v -0.020327 0.457407 0.235463
v 0.000000 0.463097 0.234012
v 0.000000 0.474048 0.249370
v -0.044083 0.431773 0.225486
v -0.062218 0.396132 0.218747
v -0.041202 0.448054 0.240749
v -0.061527 0.380360 0.198604
v -0.060720 0.412605 0.240739
v -0.061383 0.436355 0.250082
v -0.037429 0.463256 0.254176
v -0.017652 0.470009 0.251357
v -0.015568 0.486891 0.264829
v 0.000000 0.487068 0.262323
v 0.000000 0.498371 0.287307
v -0.043325 0.480038 0.265510
v -0.056914 0.453205 0.261553
v -0.060760 0.470030 0.272594
v -0.032447 0.494747 0.276489
v -0.050190 0.484585 0.274034
v -0.069201 0.482936 0.286772
v -0.054566 0.497327 0.286060
v -0.075117 0.470598 0.294534
v -0.038272 0.504570 0.289989
v -0.071899 0.459371 0.279906
v -0.076272 0.464264 0.300524
v -0.016113 0.499543 0.285348
v -0.025453 0.508449 0.300091
v -0.013693 0.505123 0.306802
v -0.018863 0.510503 0.312195
v 0.000000 0.503600 0.307545
v -0.010457 0.501988 0.324689
v 0.000000 0.500048 0.322951
v -0.007464 0.495603 0.340307
v -0.017516 0.500621 0.342984
v 0.000000 0.496132 0.342827
v -0.005788 0.487166 0.356422
v 0.000000 0.487644 0.355372
v -0.021212 0.488686 0.353812
v 0.000000 0.476335 0.366527
v -0.023600 0.479313 0.362797
v -0.040000 0.488368 0.350654
v -0.009542 0.475268 0.368648
v -0.006550 0.463939 0.374411
v -0.000000 0.464078 0.372886
v -0.016883 0.467043 0.371112
v -0.012245 0.460403 0.374415
v -0.018245 0.460807 0.368604
v -0.014613 0.456206 0.371038
v -0.024689 0.463614 0.366328
v -0.025000 0.469943 0.367231
v -0.031817 0.463513 0.362766
v -0.034107 0.470432 0.362980
v -0.038436 0.463055 0.359229
v -0.037413 0.479180 0.357730
v -0.052144 0.481641 0.343418
v -0.043293 0.467108 0.357098
v -0.040587 0.457880 0.357599
v -0.048767 0.474096 0.349916
v -0.063349 0.468779 0.334838
v -0.048260 0.459573 0.352099
v -0.057622 0.463329 0.345870
v -0.049571 0.451171 0.350826
v -0.041151 0.449845 0.356723
v -0.071927 0.454398 0.334802
v -0.072674 0.465911 0.321922
v -0.061767 0.451551 0.344912
v -0.052156 0.442909 0.354425
v -0.038892 0.441797 0.361663
v -0.045664 0.433641 0.366975
v -0.063628 0.441793 0.345808
v -0.055771 0.432686 0.359752
v -0.044619 0.423377 0.372797
v -0.064227 0.426918 0.348121
v -0.074278 0.440917 0.334507
v -0.054273 0.420520 0.361872
v -0.044073 0.410380 0.365071
v -0.080643 0.452799 0.319948
v -0.080874 0.437911 0.321914
v -0.081930 0.452943 0.308714
v -0.073919 0.466560 0.311634
v -0.074239 0.425735 0.330874
v -0.076978 0.452419 0.294660
v -0.082589 0.435624 0.307181
v -0.079397 0.446653 0.286159
v -0.069836 0.443995 0.265540
v -0.082814 0.420842 0.316786
v -0.064594 0.427543 0.259576
v -0.072539 0.434020 0.271516
v -0.081137 0.428711 0.296639
v -0.067562 0.419351 0.266517
v -0.074784 0.416091 0.280442
v -0.058486 0.411304 0.255626
v -0.065392 0.383732 0.252205
v -0.062917 0.394758 0.267468
v -0.070062 0.408608 0.274830
v -0.066682 0.367017 0.232946
v -0.060838 0.373447 0.281463
v -0.069150 0.389924 0.279795
v -0.072313 0.396057 0.285826
v -0.055050 0.378991 0.291819
v -0.062040 0.357620 0.266155
v -0.077084 0.404196 0.292601
v -0.065921 0.386410 0.296493
v -0.082655 0.413482 0.304527
v -0.077756 0.396624 0.299426
v -0.082623 0.399556 0.312193
v -0.077472 0.409239 0.323937
v -0.074376 0.382905 0.307297
v -0.077561 0.392928 0.318397
v -0.066639 0.413350 0.338582
v -0.071432 0.397604 0.335449
v -0.059512 0.414988 0.350402
v -0.059531 0.403425 0.347806
v -0.052200 0.408027 0.356698
v -0.043132 0.401768 0.353994
v -0.036648 0.402339 0.359520
v -0.051095 0.395175 0.349172
v -0.038087 0.391137 0.353240
v -0.032088 0.394333 0.360587
v -0.027516 0.385443 0.357208
v -0.057596 0.392334 0.339942
v -0.041287 0.386931 0.341648
v -0.026148 0.382066 0.340395
v -0.017182 0.376152 0.350509
v 0.000000 0.374045 0.343329
v 0.000000 0.372318 0.351402
v -0.016359 0.376365 0.340789
v 0.000000 0.370909 0.332131
v -0.015639 0.375591 0.331744
v 0.000000 0.367230 0.323566
v -0.026321 0.382039 0.326560
v -0.017791 0.373004 0.321023
v 0.000000 0.357377 0.306243
v -0.045777 0.382842 0.330711
v -0.033057 0.376284 0.318869
v -0.017339 0.359986 0.306685
v -0.019762 0.346799 0.296139
v 0.000000 0.343992 0.298942
v -0.037501 0.369628 0.302211
v -0.020348 0.330486 0.283997
v 0.000000 0.329666 0.288763
v 0.000000 0.302188 0.264617
v -0.039185 0.357266 0.289283
v -0.042496 0.339760 0.276416
v -0.021422 0.305735 0.265648
v 0.000000 0.286241 0.262489
v -0.046856 0.313916 0.258674
v -0.065604 0.336855 0.247027
v -0.046771 0.379678 0.306610
v -0.053850 0.381253 0.311459
v -0.068627 0.375306 0.310522
v -0.054800 0.381859 0.329939
v -0.063423 0.377206 0.319494
v -0.074986 0.373164 0.320332
v -0.072013 0.379943 0.330351
v -0.072027 0.349726 0.211648
v -0.072771 0.302909 0.221663
v -0.086032 0.339738 0.173130
v -0.090429 0.309063 0.176627
v -0.085047 0.329241 0.138550
v -0.080355 0.314174 0.094604
v -0.085288 0.307854 0.136538
v -0.090885 0.279384 0.171357
v -0.083568 0.284763 0.132084
v -0.083041 0.317991 0.027516
v -0.067424 0.266345 0.209566
v -0.074251 0.288340 0.091478
v -0.081533 0.313214 -0.037139
v -0.080690 0.290997 0.026800
v -0.082735 0.259822 0.125528
v -0.090340 0.250928 0.162734
v -0.066910 0.263037 0.087906
v -0.085486 0.227992 0.150904
v -0.077636 0.233736 0.115997
v -0.061982 0.233873 0.101411
v -0.066972 0.213966 0.179512
v -0.051899 0.236270 0.083182
v -0.063370 0.234461 0.194336
v -0.048788 0.213439 0.179002
v -0.071888 0.267391 0.025633
v -0.046871 0.230817 0.196383
v -0.037412 0.214840 0.174404
v -0.045758 0.255777 0.215913
v -0.050060 0.284695 0.229030
v -0.023901 0.247769 0.215434
v -0.036956 0.300411 0.252158
v -0.035819 0.260515 0.223455
v -0.041529 0.283855 0.243494
v -0.029140 0.291981 0.254641
v -0.022090 0.276242 0.241184
v 0.000000 0.265697 0.238811
v 0.000000 0.246220 0.218036
v -0.021771 0.226249 0.195846
v 0.000000 0.225101 0.195397
v -0.020521 0.211367 0.173391
v -0.034994 0.200828 0.150646
v 0.000000 0.208621 0.171237
v -0.018176 0.196902 0.150120
v -0.029525 0.200101 0.125613
v 0.000000 0.197184 0.149279
v -0.017591 0.196036 0.124357
v 0.000000 0.195202 0.120970
v -0.039673 0.210117 0.095194
v -0.048733 0.219633 0.090932
v -0.024843 0.214261 0.069099
v -0.023131 0.200668 0.096678
v -0.029525 0.200101 0.125613
v -0.017591 0.196036 0.124357
v 0.000000 0.195202 0.120970
v 0.000000 0.198375 0.096280
v 0.000000 0.212005 0.062878
v -0.057169 0.245816 0.024320
v -0.025152 0.225354 0.021458
v 0.000000 0.221575 0.023675
v 0.000000 0.224153 -0.037076
v -0.077962 0.270411 -0.036032
v -0.060830 0.244359 -0.036867
v -0.030177 0.225695 -0.041049
v 0.000000 0.217130 -0.082267
v -0.018773 0.213918 -0.108611
v 0.000000 0.212200 -0.111506
v -0.024260 0.221319 -0.083022
v -0.038128 0.227653 -0.085548
v -0.053136 0.229485 -0.073699
v -0.070141 0.247773 -0.064451
v -0.066030 0.225139 -0.071597
v -0.079372 0.226202 -0.083553
v -0.081535 0.289898 -0.037562
v -0.087194 0.271443 -0.068012
v -0.081733 0.249796 -0.074091
v -0.089264 0.248588 -0.118480
v -0.085961 0.227689 -0.118608
v -0.076324 0.228559 -0.157500
v -0.090599 0.269390 -0.119283
v -0.086037 0.290078 -0.066995
v -0.076969 0.247179 -0.162268
v -0.086870 0.313687 -0.072116
v -0.063250 0.246243 -0.188052
v -0.076891 0.265767 -0.167096
v -0.064583 0.263450 -0.194242
v -0.091542 0.290089 -0.122335
v -0.077821 0.284327 -0.174717
v -0.092348 0.313187 -0.128977
v -0.074203 0.302888 -0.185218
v -0.079580 0.342584 -0.083451
v -0.089774 0.339957 -0.137216
v -0.067370 0.326445 -0.194254
v -0.074944 0.363604 -0.096252
v -0.075169 0.362772 -0.141399
v 0.000000 0.212878 -0.138045
v 0.018182 0.211571 -0.107662
v 0.000000 0.209600 -0.111485
v 0.011422 0.211978 -0.146496
v -0.000000 0.228770 -0.163992
v 0.011093 0.226269 -0.166335
v -0.000000 0.244320 -0.179225
v 0.007285 0.244371 -0.183762
v -0.000000 0.263606 -0.189317
v 0.026015 0.223193 -0.182186
v 0.003452 0.264924 -0.191415
v -0.000000 0.281497 -0.197659
v 0.019893 0.243655 -0.192998
v 0.017128 0.260837 -0.200016
v 0.012725 0.277645 -0.205079
v 0.044122 0.244229 -0.197745
v 0.045539 0.224891 -0.188079
v 0.064976 0.225978 -0.180030
v 0.039799 0.260285 -0.205557
v 0.039083 0.280188 -0.210243
v 0.064887 0.245388 -0.189883
v 0.066373 0.262942 -0.196058
v 0.064033 0.280001 -0.200882
v 0.079372 0.246898 -0.163219
v 0.078682 0.228042 -0.158465
v 0.079321 0.265425 -0.167955
v 0.091846 0.248301 -0.118599
v 0.088520 0.227234 -0.118684
v 0.081618 0.225692 -0.082347
v 0.093182 0.269226 -0.119533
v 0.083886 0.248987 -0.072880
v 0.071754 0.246168 -0.063193
v 0.066597 0.224413 -0.069166
v 0.053099 0.227669 -0.071838
v 0.089736 0.271145 -0.067555
v 0.094133 0.289951 -0.122507
v 0.088615 0.290140 -0.066663
v 0.080215 0.284038 -0.175690
v 0.094935 0.313198 -0.129239
v 0.076457 0.302819 -0.186513
v 0.058467 0.297971 -0.206408
v 0.089423 0.314056 -0.071795
v 0.035778 0.296393 -0.212426
v 0.069198 0.326834 -0.196062
v 0.014727 0.305669 -0.207061
v -0.000000 0.308786 -0.199530
v -0.000000 0.325195 -0.198854
v 0.019307 0.328743 -0.202892
v 0.046437 0.323245 -0.209824
v 0.037636 0.353730 -0.210948
v 0.092233 0.340725 -0.137565
v 0.063546 0.351129 -0.188403
v 0.046427 0.358690 -0.196211
v 0.024504 0.374113 -0.204708
v -0.000000 0.405546 -0.143597
v -0.000000 0.382466 -0.205397
v 0.034027 0.399328 -0.146601
v 0.000000 0.410805 -0.092316
v 0.060165 0.383932 -0.144578
v 0.037263 0.400793 -0.089698
v 0.033340 0.399903 -0.041973
v 0.000000 0.406793 -0.041785
v 0.000000 0.404800 0.017132
v 0.077249 0.364247 -0.141905
v 0.077159 0.364910 -0.095865
v 0.062721 0.378051 -0.084850
v 0.082044 0.343339 -0.083105
v 0.075206 0.351268 -0.042717
v 0.058670 0.378085 -0.041383
v 0.032225 0.397362 0.021245
v 0.000000 0.407002 0.086456
v 0.059192 0.377935 0.024153
v 0.032819 0.399873 0.087527
v 0.000000 0.419437 0.142487
v 0.077888 0.349666 0.026415
v 0.031036 0.412398 0.144548
v 0.000000 0.429019 0.174630
v 0.060755 0.380222 0.091819
v 0.027518 0.423395 0.178442
v 0.000000 0.438181 0.196582
v 0.058350 0.396378 0.151224
v 0.025445 0.433947 0.198407
v 0.050014 0.406629 0.187236
v 0.077189 0.368609 0.162564
v 0.022808 0.445479 0.217878
v 0.000000 0.448502 0.218874
v 0.046276 0.417700 0.206989
v 0.021258 0.459338 0.233993
v 0.000000 0.465012 0.232254
v 0.000000 0.476025 0.247681
v 0.045876 0.433210 0.224270
v 0.064611 0.396961 0.218157
v 0.042566 0.449696 0.239265
v 0.063927 0.381353 0.198476
v 0.063231 0.413174 0.240378
v 0.063522 0.437209 0.248875
v 0.038475 0.464678 0.252268
v 0.018388 0.471830 0.249653
v 0.015869 0.488800 0.263090
v 0.000000 0.489184 0.260812
v 0.044254 0.481437 0.263526
v 0.015788 0.501850 0.284194
v 0.000000 0.500828 0.286455
v 0.032730 0.496721 0.274821
v 0.012778 0.507519 0.306377
v 0.000000 0.506200 0.307532
v 0.038130 0.506456 0.288204
v 0.024495 0.510541 0.298879
v 0.055091 0.498495 0.283797
v 0.017231 0.512427 0.311566
v 0.009051 0.504120 0.325178
v 0.000000 0.502590 0.323497
v 0.051313 0.486038 0.272194
v 0.070793 0.483315 0.284752
v 0.007092 0.497960 0.341338
v 0.016312 0.502228 0.344636
v 0.000000 0.498498 0.343906
v 0.062416 0.470964 0.270820
v 0.077379 0.470067 0.293369
v 0.005748 0.489240 0.357990
v 0.000000 0.489651 0.357002
v 0.021382 0.490371 0.355785
v 0.000000 0.477902 0.368594
v 0.009741 0.476733 0.370769
v 0.006385 0.463513 0.375190
v 0.000000 0.463578 0.373831
v 0.024374 0.480715 0.364573
v 0.041133 0.489656 0.352609
v 0.018150 0.467728 0.373135
v 0.012759 0.459658 0.375116
v 0.015426 0.455004 0.372127
v 0.018606 0.459077 0.369803
v 0.024514 0.461467 0.367499
v 0.026302 0.470174 0.369255
v 0.030870 0.460793 0.364110
v 0.035284 0.470098 0.365098
v 0.036777 0.460380 0.361103
v 0.038678 0.479961 0.359697
v 0.053985 0.482648 0.344954
v 0.044670 0.466793 0.359171
v 0.038883 0.456144 0.359606
v 0.050406 0.474760 0.351773
v 0.065340 0.469795 0.336166
v 0.059357 0.463916 0.347716
v 0.049482 0.459276 0.354358
v 0.050561 0.451740 0.353137
v 0.039304 0.449692 0.358763
v 0.063248 0.451968 0.347009
v 0.073896 0.455149 0.336325
v 0.074773 0.467221 0.322722
v 0.053522 0.444072 0.356341
v 0.037536 0.442733 0.362801
v 0.044852 0.434743 0.367940
v 0.065417 0.442227 0.347645
v 0.057788 0.433345 0.361396
v 0.043971 0.423732 0.373234
v 0.076396 0.440915 0.336015
v 0.056225 0.419975 0.363501
v 0.042903 0.410285 0.365847
v 0.066434 0.426799 0.349490
v 0.053646 0.406821 0.358491
v 0.061616 0.414429 0.351824
v 0.044039 0.400355 0.356031
v 0.035892 0.402756 0.360714
v 0.061299 0.402651 0.349549
v 0.039741 0.389546 0.354731
v 0.032013 0.395446 0.361698
v 0.027657 0.386350 0.357801
v 0.051934 0.393533 0.351029
v 0.027416 0.379840 0.340854
v 0.017665 0.377272 0.350641
v 0.042027 0.384723 0.342749
v 0.000000 0.375687 0.351296
v 0.000000 0.371503 0.343507
v 0.017275 0.373949 0.340994
v 0.000000 0.368465 0.333009
v 0.016755 0.373306 0.332162
v 0.000000 0.364852 0.324594
v 0.027206 0.379875 0.327517
v 0.018773 0.371014 0.322279
v 0.000000 0.355586 0.308022
v 0.046183 0.380498 0.331650
v 0.033860 0.374091 0.319942
v 0.018053 0.358278 0.308432
v 0.020736 0.345377 0.298052
v 0.000000 0.342621 0.301100
v 0.038971 0.367888 0.303457
v 0.021191 0.328998 0.285956
v 0.000000 0.328041 0.290793
v 0.000000 0.301244 0.267039
v 0.040642 0.355972 0.290998
v 0.043967 0.338699 0.278279
v 0.022126 0.304420 0.267777
v 0.000000 0.284816 0.264664
v 0.048392 0.312693 0.260378
v 0.030203 0.290714 0.256647
v 0.038265 0.299068 0.253960
v 0.022660 0.274491 0.243019
v 0.000000 0.263775 0.240561
v 0.043309 0.283377 0.245328
v 0.051671 0.283542 0.230714
v 0.036631 0.258950 0.225365
v 0.024356 0.246037 0.217319
v 0.000000 0.244321 0.219812
v 0.046701 0.254390 0.217900
v 0.021968 0.224269 0.197520
v 0.000000 0.223067 0.197017
v 0.047303 0.229138 0.198321
v 0.020778 0.209180 0.174774
v 0.000000 0.206382 0.172559
v 0.036980 0.212635 0.175712
v 0.048332 0.211676 0.180859
v 0.033989 0.198719 0.151787
v 0.068199 0.212513 0.181285
v 0.018406 0.194419 0.150854
v 0.028794 0.197644 0.125178
v 0.000000 0.194678 0.149972
v 0.018066 0.193482 0.124241
v 0.000000 0.192604 0.120864
v 0.064694 0.233339 0.196272
v 0.092851 0.250474 0.163234
v 0.087971 0.227247 0.151080
v 0.069191 0.265403 0.211225
v 0.085218 0.259788 0.124757
v 0.079883 0.233720 0.114689
v 0.063990 0.233834 0.099760
v 0.074906 0.302364 0.223043
v 0.093441 0.279273 0.171822
v 0.086113 0.284745 0.131554
v 0.069299 0.262143 0.087403
v 0.053931 0.235006 0.082168
v 0.076764 0.287705 0.091276
v 0.087868 0.307813 0.136219
v 0.082951 0.314081 0.094496
v 0.092993 0.309264 0.177009
v 0.087610 0.329555 0.138245
v 0.085632 0.318208 0.027538
v 0.088522 0.340446 0.173369
v 0.078416 0.346203 0.098989
v 0.084111 0.313515 -0.036994
v 0.074524 0.350249 0.212152
v 0.084115 0.289668 -0.037341
v 0.083224 0.290429 0.026936
v 0.080344 0.269454 -0.035620
v 0.074191 0.266192 0.025768
v 0.062615 0.242500 -0.036520
v 0.058998 0.243968 0.024329
v 0.030893 0.223204 -0.040849
v 0.037615 0.225579 -0.084067
v 0.026060 0.222929 0.021224
v 0.026029 0.212072 0.068350
v 0.048883 0.218483 0.088605
v 0.039804 0.208828 0.092939
v 0.025062 0.218868 -0.082693
v 0.018182 0.211571 -0.107662
v 0.000000 0.214563 -0.081851
v 0.000000 0.209600 -0.111485
v 0.000000 0.221556 -0.036952
v 0.000000 0.219003 0.023292
v 0.000000 0.209524 0.062100
v 0.000000 0.195861 0.095619
v 0.018066 0.193482 0.124241
v 0.000000 0.192604 0.120864
v 0.023902 0.198269 0.096035
v 0.028794 0.197644 0.125178
v 0.000000 0.215387 -0.137360
v 0.018773 0.213918 -0.108611
v 0.000000 0.212200 -0.111506
v 0.013051 0.213847 -0.145712
v -0.000000 0.230803 -0.162371
v 0.012426 0.227982 -0.164902
v -0.000000 0.245905 -0.177164
v 0.008521 0.245765 -0.181948
v -0.000000 0.264772 -0.186993
v 0.027173 0.224629 -0.180354
v 0.004650 0.265962 -0.189355
v -0.000000 0.282182 -0.195151
v 0.020849 0.244846 -0.190894
v 0.018173 0.261825 -0.197850
v 0.013676 0.278205 -0.202725
v 0.043842 0.245327 -0.195405
v 0.045304 0.226170 -0.185828
v 0.063343 0.226998 -0.178283
v 0.039692 0.261141 -0.203105
v 0.038821 0.280618 -0.207692
v 0.063250 0.246243 -0.188052
v 0.064583 0.263450 -0.194242
v 0.062379 0.280216 -0.198887
v 0.076969 0.247179 -0.162268
v 0.076324 0.228559 -0.157500
v 0.076891 0.265767 -0.167096
v 0.089264 0.248588 -0.118480
v 0.085961 0.227689 -0.118608
v 0.079372 0.226202 -0.083553
v 0.090599 0.269390 -0.119283
v 0.081733 0.249796 -0.074091
v 0.070141 0.247773 -0.064451
v 0.066031 0.225139 -0.071597
v 0.053136 0.229485 -0.073699
v 0.087194 0.271443 -0.068012
v 0.091542 0.290089 -0.122335
v 0.086037 0.290078 -0.066995
v 0.077821 0.284327 -0.174717
v 0.092348 0.313187 -0.128977
v 0.074203 0.302888 -0.185218
v 0.057125 0.297952 -0.204181
v 0.086870 0.313687 -0.072116
v 0.035900 0.296512 -0.209831
v 0.067370 0.326445 -0.194254
v 0.015572 0.305462 -0.204611
v -0.000000 0.308876 -0.196932
v -0.000000 0.327111 -0.197097
v 0.019061 0.330162 -0.200727
v 0.045863 0.322909 -0.207311
v 0.035378 0.353136 -0.209803
v 0.089774 0.339957 -0.137216
v 0.061795 0.349784 -0.187031
v 0.044798 0.357355 -0.194687
v 0.023100 0.372094 -0.203862
v -0.000000 0.380038 -0.204599
v -0.000000 0.403017 -0.143027
v 0.033154 0.396960 -0.145977
v 0.000000 0.408215 -0.092279
v 0.058523 0.381997 -0.144012
v 0.036009 0.398515 -0.089703
v 0.032205 0.397567 -0.042098
v 0.000000 0.404198 -0.041932
v 0.000000 0.402200 0.017123
v 0.075169 0.362772 -0.141399
v 0.074944 0.363604 -0.096252
v 0.060881 0.376228 -0.085082
v 0.079580 0.342584 -0.083451
v 0.072815 0.350249 -0.042809
v 0.056697 0.376395 -0.041466
v 0.031150 0.394994 0.021240
v 0.000000 0.404432 0.086778
v 0.057312 0.376140 0.024211
v 0.031746 0.397523 0.087813
v 0.000000 0.416926 0.143137
v 0.030021 0.410071 0.145109
v 0.000000 0.426568 0.175498
v 0.058755 0.378576 0.092051
v 0.026342 0.421218 0.179239
v 0.000000 0.435803 0.197633
v 0.056516 0.394554 0.151489
v 0.075506 0.348623 0.026433
v 0.075947 0.345412 0.099178
v 0.047995 0.405010 0.187481
v 0.074889 0.367397 0.162559
v 0.024306 0.431852 0.199445
v 0.022008 0.443421 0.219252
v 0.000000 0.446483 0.220511
v 0.044379 0.416161 0.207879
v 0.020327 0.457407 0.235463
v 0.000000 0.463097 0.234012
v 0.000000 0.474048 0.249370
v 0.044083 0.431773 0.225486
v 0.062218 0.396132 0.218747
v 0.041202 0.448054 0.240749
v 0.061527 0.380360 0.198604
v 0.060720 0.412605 0.240739
v 0.061384 0.436355 0.250082
v 0.037429 0.463256 0.254176
v 0.017652 0.470009 0.251357
v 0.015568 0.486891 0.264829
v 0.000000 0.487068 0.262323
v 0.000000 0.498371 0.287307
v 0.043325 0.480038 0.265510
v 0.056914 0.453205 0.261553
v 0.016113 0.499543 0.285348
v 0.060760 0.470030 0.272594
v 0.032447 0.494747 0.276489
v 0.050190 0.484585 0.274034
v 0.069201 0.482936 0.286772
v 0.054566 0.497327 0.286060
v 0.075117 0.470598 0.294534
v 0.038272 0.504570 0.289989
v 0.025453 0.508449 0.300091
v 0.071899 0.459371 0.279906
v 0.076272 0.464264 0.300524
v 0.013693 0.505123 0.306802
v 0.018863 0.510503 0.312195
v 0.000000 0.503600 0.307545
v 0.010457 0.501988 0.324689
v 0.000000 0.500048 0.322951
v 0.007464 0.495603 0.340307
v 0.017516 0.500621 0.342984
v 0.000000 0.496132 0.342827
v 0.005788 0.487166 0.356422
v 0.000000 0.487644 0.355372
v 0.021212 0.488686 0.353812
v 0.000000 0.476335 0.366527
v 0.023599 0.479313 0.362797
v 0.040000 0.488368 0.350654
v 0.009542 0.475268 0.368648
v 0.006549 0.463939 0.374411
v -0.000000 0.464078 0.372886
v 0.016882 0.467043 0.371112
v 0.012243 0.460403 0.374415
v 0.014612 0.456206 0.371038
v 0.018245 0.460807 0.368604
v 0.024689 0.463614 0.366328
v 0.025000 0.469943 0.367231
v 0.031818 0.463513 0.362766
v 0.034107 0.470432 0.362980
v 0.038436 0.463055 0.359229
v 0.037414 0.479180 0.357730
v 0.052144 0.481641 0.343418
v 0.043295 0.467108 0.357098
v 0.040588 0.457880 0.357599
v 0.048767 0.474096 0.349916
v 0.063349 0.468779 0.334838
v 0.048262 0.459573 0.352099
v 0.057622 0.463329 0.345870
v 0.049573 0.451171 0.350826
v 0.041152 0.449845 0.356723
v 0.071927 0.454398 0.334802
v 0.072674 0.465911 0.321922
v 0.061767 0.451551 0.344912
v 0.052158 0.442909 0.354425
v 0.038893 0.441797 0.361663
v 0.045666 0.433641 0.366975
v 0.074278 0.440917 0.334507
v 0.055772 0.432686 0.359752
v 0.044619 0.423377 0.372797
v 0.063628 0.441793 0.345808
v 0.064227 0.426918 0.348121
v 0.054273 0.420520 0.361872
v 0.044073 0.410380 0.365071
v 0.080643 0.452799 0.319948
v 0.080874 0.437911 0.321914
v 0.081930 0.452943 0.308714
v 0.073919 0.466561 0.311634
v 0.074239 0.425735 0.330874
v 0.076978 0.452419 0.294660
v 0.082589 0.435624 0.307181
v 0.079397 0.446653 0.286159
v 0.069836 0.443995 0.265540
v 0.082814 0.420842 0.316786
v 0.064594 0.427543 0.259576
v 0.072539 0.434020 0.271516
v 0.081137 0.428711 0.296639
v 0.067562 0.419351 0.266517
v 0.058486 0.411304 0.255626
v 0.065392 0.383732 0.252205
v 0.062917 0.394758 0.267468
v 0.074784 0.416091 0.280442
v 0.070062 0.408608 0.274830
v 0.069150 0.389924 0.279795
v 0.072313 0.396057 0.285826
v 0.077084 0.404196 0.292601
v 0.060838 0.373447 0.281463
v 0.055050 0.378991 0.291819
v 0.065921 0.386410 0.296493
v 0.082655 0.413482 0.304527
v 0.077756 0.396624 0.299426
v 0.082623 0.399556 0.312193
v 0.077472 0.409239 0.323937
v 0.074376 0.382905 0.307297
v 0.077561 0.392928 0.318397
v 0.066639 0.413350 0.338582
v 0.071432 0.397604 0.335449
v 0.059512 0.414988 0.350402
v 0.059531 0.403425 0.347806
v 0.052200 0.408027 0.356698
v 0.043132 0.401767 0.353994
v 0.036648 0.402339 0.359520
v 0.051095 0.395175 0.349172
v 0.038087 0.391137 0.353240
v 0.032088 0.394333 0.360587
v 0.027516 0.385443 0.357208
v 0.057596 0.392334 0.339942
v 0.041287 0.386931 0.341648
v 0.026148 0.382066 0.340395
v 0.017183 0.376152 0.350509
v 0.000000 0.372318 0.351402
v 0.000000 0.374045 0.343329
v 0.016360 0.376365 0.340789
v 0.000000 0.370909 0.332131
v 0.015639 0.375591 0.331744
v 0.000000 0.367230 0.323566
v 0.026321 0.382039 0.326560
v 0.017791 0.373005 0.321023
v 0.000000 0.357377 0.306243
v 0.045777 0.382842 0.330711
v 0.033057 0.376284 0.318869
v 0.017339 0.359986 0.306685
v 0.019762 0.346799 0.296139
v 0.000000 0.343992 0.298942
v 0.037501 0.369628 0.302211
v 0.020348 0.330486 0.283997
v 0.000000 0.329666 0.288763
v 0.000000 0.302188 0.264617
v 0.039185 0.357266 0.289283
v 0.042496 0.339760 0.276416
v 0.021422 0.305735 0.265648
v 0.000000 0.286241 0.262489
v 0.046856 0.313916 0.258674
v 0.029140 0.291981 0.254641
v 0.036956 0.300411 0.252158
v 0.022090 0.276242 0.241184
v 0.000000 0.265697 0.238811
v 0.041529 0.283855 0.243494
v 0.050060 0.284695 0.229030
v 0.035819 0.260515 0.223455
v 0.023901 0.247769 0.215434
v 0.000000 0.246220 0.218036
v 0.045759 0.255777 0.215913
v 0.021771 0.226249 0.195846
v 0.000000 0.225101 0.195397
v 0.046871 0.230817 0.196383
v 0.020521 0.211367 0.173391
v 0.000000 0.208621 0.171237
v 0.037412 0.214840 0.174404
v 0.048788 0.213439 0.179002
v 0.034994 0.200828 0.150646
v 0.063370 0.234461 0.194337
v 0.066972 0.213966 0.179512
v 0.018176 0.196902 0.150120
v 0.029525 0.200101 0.125613
v 0.000000 0.197184 0.149279
v 0.017591 0.196036 0.124357
v 0.000000 0.195202 0.120970
v 0.090340 0.250928 0.162734
v 0.085486 0.227992 0.150904
v 0.067424 0.266345 0.209566
v 0.082735 0.259822 0.125528
v 0.077636 0.233736 0.115997
v 0.061982 0.233873 0.101411
v 0.072771 0.302909 0.221663
v 0.066910 0.263037 0.087906
v 0.051899 0.236270 0.083182
v 0.065604 0.336855 0.247027
v 0.048733 0.219633 0.090932
v 0.039673 0.210117 0.095194
v 0.062040 0.357620 0.266155
v 0.072027 0.349726 0.211648
v 0.066683 0.367017 0.232946
v 0.046771 0.379678 0.306610
v 0.053850 0.381253 0.311459
v 0.068627 0.375306 0.310522
v 0.054800 0.381859 0.329939
v 0.063423 0.377206 0.319494
v 0.074986 0.373164 0.320332
v 0.072013 0.379943 0.330351
v 0.086032 0.339738 0.173130
v 0.090429 0.309063 0.176627
v 0.085047 0.329241 0.138550
v 0.090885 0.279384 0.171357
v 0.085288 0.307854 0.136538
v 0.080355 0.314174 0.094604
v 0.083568 0.284763 0.132084
v 0.074251 0.288340 0.091478
v 0.083041 0.317991 0.027516
v 0.081533 0.313214 -0.037139
v 0.080690 0.290997 0.026800
v 0.081535 0.289898 -0.037562
v 0.071888 0.267391 0.025633
v 0.077962 0.270411 -0.036032
v 0.060830 0.244359 -0.036867
v 0.057169 0.245816 0.024320
v 0.024843 0.214261 0.069099
v 0.025152 0.225354 0.021458
v 0.030177 0.225695 -0.041049
v 0.038128 0.227653 -0.085548
v 0.000000 0.212005 0.062878
v 0.000000 0.221575 0.023675
v 0.000000 0.224153 -0.037076
v 0.000000 0.198375 0.096280
v 0.000000 0.217130 -0.082267
v 0.023131 0.200668 0.096678
v 0.000000 0.195202 0.120970
v 0.029525 0.200101 0.125613
v 0.017591 0.196036 0.124357
v 0.024260 0.221319 -0.083022
v 0.018773 0.213918 -0.108611
v 0.000000 0.212200 -0.111506
v 0.000000 0.194678 0.149972
v -0.018066 0.193482 0.124241
v 0.000000 0.192604 0.120864
v -0.018406 0.194419 0.150854
v -0.028794 0.197644 0.125178
v 0.000000 0.206382 0.172559
v -0.033989 0.198719 0.151787
v -0.020778 0.209180 0.174774
v 0.000000 0.223067 0.197017
v -0.021968 0.224269 0.197520
v 0.084240 0.493419 0.293965
v 0.077379 0.470067 0.293369
v 0.070793 0.483315 0.284752
v 0.068315 0.498038 0.286164
v 0.085716 0.506045 0.296193
v 0.055091 0.498495 0.283797
v 0.070083 0.515054 0.289557
v 0.084445 0.519306 0.298607
v 0.082235 0.529992 0.302546
v 0.047601 0.524525 0.299920
v 0.038130 0.506456 0.288204
v 0.070956 0.532460 0.299390
v 0.081591 0.541436 0.306152
v 0.038216 0.526874 0.308311
v 0.024495 0.510541 0.298879
v 0.017231 0.512427 0.311566
v 0.071913 0.545540 0.304909
v 0.081700 0.550965 0.310122
v 0.055291 0.537666 0.304349
v 0.071177 0.553394 0.309689
v 0.077779 0.559556 0.314768
v 0.062094 0.548049 0.308698
v 0.072842 0.562089 0.319557
v 0.065155 0.555157 0.313163
v 0.056390 0.550852 0.314857
v 0.046340 0.540541 0.313480
v 0.062172 0.557508 0.322054
v 0.055249 0.551808 0.325993
v 0.039238 0.536285 0.325839
v 0.046499 0.544345 0.327167
v 0.060047 0.546005 0.332140
v 0.030883 0.526454 0.330071
v 0.044977 0.531775 0.335789
v 0.052420 0.538135 0.334275
v 0.015467 0.515231 0.327320
v 0.009051 0.504120 0.325178
v 0.016312 0.502228 0.344636
v 0.028967 0.514349 0.342632
v 0.038868 0.521208 0.339483
v 0.027511 0.503014 0.347170
v 0.021382 0.490371 0.355785
v 0.041133 0.489656 0.352609
v 0.043532 0.502730 0.340689
v 0.052286 0.493548 0.336230
v 0.053985 0.482648 0.344954
v 0.048875 0.511107 0.330060
v 0.061929 0.483900 0.330029
v 0.065340 0.469795 0.336166
v 0.074773 0.467221 0.322722
v 0.049524 0.501183 0.328884
v 0.051245 0.489792 0.318223
v 0.058543 0.482297 0.316173
v 0.072321 0.476627 0.311317
v 0.076287 0.467469 0.312207
v 0.064498 0.487637 0.312478
v 0.056161 0.497258 0.314435
v 0.079729 0.471958 0.305309
v 0.078835 0.464583 0.300223
v 0.077379 0.470067 0.293369
v 0.078859 0.490812 0.311321
v 0.085685 0.490348 0.302941
v 0.084240 0.493419 0.293965
v 0.069091 0.503701 0.313524
v 0.087067 0.503733 0.304336
v 0.085716 0.506045 0.296193
v 0.080786 0.503913 0.312910
v 0.067403 0.511702 0.314409
v 0.052496 0.507178 0.318447
v 0.084091 0.515430 0.312037
v 0.086885 0.517381 0.305924
v 0.084445 0.519306 0.298607
v 0.082235 0.529992 0.302546
v 0.085530 0.528002 0.310287
v 0.081591 0.541436 0.306152
v 0.079546 0.525592 0.318033
v 0.058301 0.515588 0.318619
v 0.062309 0.525193 0.321356
v 0.052301 0.521956 0.332625
v 0.057424 0.531562 0.329811
v 0.068024 0.534883 0.322058
v 0.063394 0.539004 0.327142
v 0.075751 0.536056 0.320800
v 0.070834 0.541581 0.323047
v 0.068790 0.544931 0.325977
v 0.083591 0.537507 0.315620
v 0.077230 0.544178 0.322204
v 0.083508 0.548344 0.317729
v 0.081700 0.550965 0.310122
v 0.077779 0.559556 0.314768
v 0.076707 0.549112 0.323940
v 0.081435 0.555977 0.321099
v 0.072916 0.548052 0.325018
v 0.073400 0.558135 0.327120
v 0.067431 0.552032 0.329403
v 0.019307 0.328743 -0.202892
v -0.000000 0.325195 -0.198854
v -0.000000 0.320990 -0.206978
v 0.022337 0.328256 -0.206988
v -0.000000 0.314077 -0.223611
v 0.037636 0.353730 -0.210948
v 0.025666 0.324148 -0.225397
v -0.000000 0.304229 -0.257119
v 0.038576 0.348992 -0.225799
v 0.031370 0.315471 -0.256989
v -0.000000 0.290731 -0.331483
v 0.042455 0.345410 -0.255653
v 0.032892 0.307487 -0.331331
v -0.000000 0.286600 -0.412206
v 0.051181 0.342807 -0.330850
v 0.043004 0.308819 -0.412528
v -0.000000 0.289932 -0.495792
v 0.034844 0.378337 -0.328773
v 0.042938 0.308846 -0.495771
v 0.054887 0.348524 -0.412276
v 0.032897 0.315046 -0.560772
v -0.000000 0.302388 -0.559679
v 0.056094 0.348644 -0.492437
v 0.037492 0.388312 -0.412085
v 0.012667 0.333453 -0.625574
v -0.000000 0.328435 -0.625116
v 0.048929 0.346597 -0.563018
v 0.040118 0.389686 -0.492612
v 0.008182 0.337461 -0.632228
v -0.000000 0.336683 -0.633313
v 0.031716 0.378428 -0.564007
v -0.000000 0.401984 -0.492335
v -0.000000 0.401390 -0.411821
v -0.000000 0.389367 -0.563829
v -0.000000 0.390965 -0.326752
v 0.009260 0.355106 -0.626436
v -0.000000 0.357993 -0.626630
v 0.026952 0.373187 -0.253444
v -0.000000 0.382252 -0.252453
v 0.020677 0.373209 -0.224224
v -0.000000 0.377766 -0.222553
v -0.000000 0.382466 -0.205397
v 0.024504 0.374113 -0.204708
v 0.008632 0.349354 -0.632924
v -0.000000 0.350439 -0.634841
v 0.018209 0.346109 -0.626377
v 0.012631 0.342995 -0.631320
v 0.004602 0.342510 -0.635244
v -0.000000 0.343458 -0.636015
v 0.041023 0.149444 -0.133526
v 0.029075 0.167501 -0.134165
v 0.034092 0.152553 -0.146214
v 0.037756 0.161918 -0.116147
v 0.020735 0.187137 -0.125482
v 0.051760 0.147902 -0.127794
v 0.034481 0.180900 -0.097001
v 0.021280 0.202090 -0.114740
v 0.054821 0.157663 -0.109891
v 0.070572 0.161940 -0.118219
v 0.065273 0.151147 -0.134148
v 0.031105 0.205442 -0.090037
v 0.018182 0.211571 -0.107662
v 0.037615 0.225579 -0.084067
v 0.070811 0.171212 -0.141101
v 0.064093 0.157821 -0.151954
v 0.046949 0.210319 -0.076603
v 0.053099 0.227669 -0.071838
v 0.066597 0.224413 -0.069166
v 0.047223 0.190538 -0.080704
v 0.066465 0.205014 -0.073809
v 0.058533 0.170829 -0.091688
v 0.064602 0.186190 -0.080406
v 0.081893 0.205951 -0.087841
v 0.081618 0.225692 -0.082347
v 0.088520 0.227234 -0.118684
v 0.080234 0.188903 -0.094601
v 0.084814 0.208926 -0.120373
v 0.076585 0.174383 -0.104442
v 0.081109 0.195581 -0.124660
v 0.074887 0.211705 -0.155316
v 0.078682 0.228042 -0.158465
v 0.076592 0.183792 -0.132126
v 0.069735 0.199040 -0.154100
v 0.065829 0.188418 -0.156253
v 0.061373 0.211145 -0.173143
v 0.064976 0.225978 -0.180030
v 0.045539 0.224891 -0.188079
v 0.057654 0.199241 -0.168220
v 0.056208 0.189215 -0.165010
v 0.058353 0.178873 -0.161450
v 0.054233 0.163447 -0.167724
v 0.043152 0.209552 -0.178056
v 0.042375 0.198938 -0.171261
v 0.042712 0.188821 -0.167114
v 0.039822 0.177924 -0.164380
v 0.042026 0.161116 -0.167400
v 0.032739 0.188024 -0.163136
v 0.029612 0.199584 -0.166442
v 0.029056 0.210799 -0.173493
v 0.026015 0.223193 -0.182186
v 0.011093 0.226269 -0.166335
v 0.017027 0.213932 -0.161606
v 0.011422 0.211978 -0.146496
v 0.019111 0.202456 -0.153484
v 0.015409 0.201296 -0.135985
v 0.018182 0.211571 -0.107662
v 0.021280 0.202090 -0.114740
v 0.020735 0.187137 -0.125482
v 0.023495 0.187123 -0.149258
v 0.029075 0.167501 -0.134165
v 0.028639 0.171626 -0.152022
v 0.034092 0.152553 -0.146214
v 0.035563 0.156257 -0.158594
v 0.082146 0.493572 0.295499
v 0.075117 0.470598 0.294534
v 0.069201 0.482936 0.286772
v 0.067508 0.497650 0.288605
v 0.083585 0.505807 0.297663
v 0.054566 0.497327 0.286060
v 0.069661 0.514123 0.291948
v 0.082511 0.518561 0.300177
v 0.080505 0.529152 0.304297
v 0.048450 0.523080 0.301907
v 0.038272 0.504570 0.289989
v 0.070707 0.531315 0.301711
v 0.079768 0.540784 0.307887
v 0.039696 0.525135 0.309554
v 0.025453 0.508449 0.300091
v 0.018863 0.510503 0.312195
v 0.071830 0.544351 0.307219
v 0.079936 0.549912 0.311716
v 0.056145 0.536358 0.306426
v 0.071485 0.551894 0.311790
v 0.076771 0.557456 0.315922
v 0.062893 0.546588 0.310695
v 0.072697 0.559494 0.319631
v 0.066072 0.553295 0.314729
v 0.057886 0.549065 0.316009
v 0.048021 0.538924 0.314628
v 0.063329 0.555216 0.321644
v 0.056580 0.549794 0.325029
v 0.048195 0.542583 0.326285
v 0.059656 0.545561 0.329608
v 0.041182 0.534598 0.325475
v 0.052206 0.537686 0.331723
v 0.066992 0.551509 0.326894
v 0.032476 0.524576 0.329237
v 0.045332 0.530814 0.333399
v 0.017347 0.513470 0.326969
v 0.010457 0.501988 0.324689
v 0.017516 0.500621 0.342984
v 0.029416 0.512897 0.340522
v 0.038573 0.520261 0.337080
v 0.027384 0.501742 0.344905
v 0.021212 0.488686 0.353812
v 0.040000 0.488368 0.350654
v 0.041880 0.501757 0.338933
v 0.050214 0.492171 0.335475
v 0.052144 0.481641 0.343418
v 0.046667 0.511418 0.328723
v 0.059881 0.482337 0.329678
v 0.063349 0.468779 0.334838
v 0.072674 0.465911 0.321922
v 0.047070 0.500762 0.328137
v 0.048997 0.488942 0.317232
v 0.056770 0.480764 0.315047
v 0.070854 0.475928 0.309288
v 0.073919 0.466561 0.311634
v 0.063814 0.487471 0.309975
v 0.054807 0.497399 0.312220
v 0.077275 0.472215 0.304489
v 0.076272 0.464264 0.300524
v 0.075117 0.470598 0.294534
v 0.077645 0.491296 0.309073
v 0.083197 0.490906 0.302433
v 0.082146 0.493572 0.295499
v 0.068876 0.503963 0.310946
v 0.084538 0.503925 0.303767
v 0.083585 0.505807 0.297663
v 0.079628 0.504217 0.310603
v 0.066864 0.512336 0.311946
v 0.050538 0.507666 0.316807
v 0.082274 0.515783 0.310212
v 0.084292 0.517232 0.305799
v 0.082511 0.518561 0.300177
v 0.080505 0.529152 0.304297
v 0.082967 0.527777 0.309910
v 0.079768 0.540784 0.307887
v 0.078234 0.526010 0.315827
v 0.056979 0.516608 0.316627
v 0.061190 0.526203 0.319237
v 0.050622 0.522504 0.330716
v 0.055685 0.532092 0.327952
v 0.067105 0.535587 0.319730
v 0.061834 0.539767 0.325207
v 0.074857 0.536504 0.318400
v 0.069858 0.542387 0.320776
v 0.067454 0.545873 0.323955
v 0.081258 0.537671 0.314484
v 0.076057 0.544826 0.319976
v 0.081049 0.548302 0.316884
v 0.079936 0.549912 0.311716
v 0.076771 0.557456 0.315922
v 0.075606 0.549477 0.321613
v 0.079251 0.554984 0.320096
v 0.071923 0.548905 0.322772
v 0.072939 0.556804 0.324934
v 0.019061 0.330162 -0.200727
v -0.000000 0.327111 -0.197097
v -0.000000 0.323419 -0.207904
v 0.020726 0.330218 -0.207549
v -0.000000 0.316530 -0.224473
v 0.035378 0.353136 -0.209803
v 0.023981 0.325975 -0.226160
v -0.000000 0.306760 -0.257711
v 0.035989 0.348832 -0.226005
v 0.029581 0.317289 -0.257491
v -0.000000 0.293315 -0.331776
v 0.039879 0.345247 -0.255962
v 0.031093 0.309352 -0.331545
v -0.000000 0.289200 -0.412222
v 0.048591 0.342910 -0.331055
v 0.040986 0.310454 -0.412638
v -0.000000 0.292515 -0.495496
v 0.033068 0.376462 -0.329071
v 0.041008 0.310573 -0.495540
v 0.052294 0.348351 -0.412360
v 0.031253 0.316931 -0.560062
v -0.000000 0.304888 -0.558966
v 0.053497 0.348567 -0.492330
v 0.035745 0.386395 -0.412271
v 0.011187 0.335113 -0.624228
v -0.000000 0.330645 -0.623747
v 0.046420 0.346599 -0.562337
v 0.038357 0.387784 -0.492412
v 0.007239 0.338819 -0.630221
v -0.000000 0.338121 -0.631147
v 0.030113 0.376558 -0.563173
v -0.000000 0.399392 -0.492123
v -0.000000 0.398795 -0.411987
v -0.000000 0.386891 -0.563036
v -0.000000 0.388384 -0.327061
v 0.008163 0.353199 -0.625050
v -0.000000 0.355825 -0.625194
v 0.025273 0.371230 -0.253780
v -0.000000 0.379674 -0.252793
v 0.019349 0.370975 -0.224179
v -0.000000 0.375200 -0.222349
v -0.000000 0.380038 -0.204599
v 0.023100 0.372094 -0.203862
v 0.007372 0.348263 -0.630928
v -0.000000 0.349197 -0.632557
v 0.016138 0.345676 -0.624866
v 0.011010 0.343401 -0.629328
v 0.004016 0.342925 -0.632745
v -0.000000 0.343675 -0.633424
v 0.042021 0.150707 -0.133229
v 0.030495 0.168538 -0.134521
v 0.035299 0.153176 -0.146105
v 0.038923 0.163257 -0.116467
v 0.023149 0.187991 -0.125932
v 0.052167 0.149530 -0.127307
v 0.036290 0.182088 -0.098441
v 0.023528 0.203082 -0.115587
v 0.055051 0.159343 -0.110224
v 0.069594 0.163202 -0.118040
v 0.064565 0.152220 -0.133204
v 0.033183 0.205755 -0.091567
v 0.018773 0.213918 -0.108611
v 0.038128 0.227653 -0.085548
v 0.069454 0.171792 -0.140623
v 0.063082 0.158384 -0.151236
v 0.048092 0.210713 -0.078904
v 0.053136 0.229485 -0.073699
v 0.066031 0.225139 -0.071597
v 0.048262 0.191591 -0.082842
v 0.065790 0.205751 -0.076209
v 0.058419 0.172644 -0.093546
v 0.063851 0.187470 -0.082541
v 0.079586 0.206416 -0.088946
v 0.079372 0.226202 -0.083553
v 0.085961 0.227689 -0.118608
v 0.077951 0.189763 -0.095501
v 0.082287 0.209478 -0.120111
v 0.074438 0.175657 -0.105166
v 0.078627 0.196163 -0.124147
v 0.074128 0.184269 -0.131445
v 0.067612 0.199808 -0.152811
v 0.072687 0.212553 -0.154221
v 0.076324 0.228559 -0.157500
v 0.063767 0.188909 -0.154747
v 0.060010 0.212342 -0.171281
v 0.063343 0.226998 -0.178283
v 0.045304 0.226170 -0.185828
v 0.056461 0.200282 -0.166158
v 0.055161 0.189800 -0.162703
v 0.057299 0.179432 -0.160695
v 0.053771 0.163472 -0.167097
v 0.043230 0.210957 -0.175869
v 0.042602 0.200140 -0.168967
v 0.042912 0.189462 -0.164603
v 0.040250 0.178526 -0.163421
v 0.042786 0.161405 -0.166829
v 0.034338 0.188806 -0.161241
v 0.031146 0.200654 -0.164636
v 0.030349 0.212180 -0.171709
v 0.027173 0.224629 -0.180354
v 0.012426 0.227982 -0.164902
v 0.018924 0.215241 -0.160402
v 0.013051 0.213847 -0.145712
v 0.021336 0.203431 -0.152559
v 0.017854 0.202176 -0.136071
v 0.018773 0.213918 -0.108611
v 0.023528 0.203082 -0.115587
v 0.023149 0.187991 -0.125932
v 0.025871 0.187806 -0.148452
v 0.030495 0.168538 -0.134521
v 0.030030 0.172364 -0.151961
v 0.035299 0.153176 -0.146105
v 0.036717 0.156887 -0.158346
v -0.084240 0.493419 0.293965
v -0.070793 0.483315 0.284752
v -0.077379 0.470067 0.293369
v -0.068315 0.498038 0.286164
v -0.085716 0.506045 0.296193
v -0.055090 0.498495 0.283797
v -0.070083 0.515054 0.289557
v -0.084445 0.519306 0.298607
v -0.082235 0.529992 0.302546
v -0.047601 0.524525 0.299920
v -0.038130 0.506456 0.288204
v -0.070956 0.532460 0.299390
v -0.081591 0.541436 0.306152
v -0.038216 0.526874 0.308311
v -0.024495 0.510541 0.298879
v -0.017231 0.512427 0.311566
v -0.071913 0.545540 0.304909
v -0.081700 0.550965 0.310122
v -0.055291 0.537666 0.304349
v -0.071177 0.553394 0.309689
v -0.077779 0.559556 0.314768
v -0.062094 0.548049 0.308698
v -0.072842 0.562089 0.319557
v -0.065155 0.555157 0.313163
v -0.056390 0.550852 0.314857
v -0.046340 0.540541 0.313480
v -0.062172 0.557508 0.322054
v -0.055249 0.551808 0.325993
v -0.039238 0.536285 0.325839
v -0.046498 0.544345 0.327167
v -0.060047 0.546005 0.332140
v -0.030883 0.526454 0.330071
v -0.044977 0.531775 0.335789
v -0.052420 0.538135 0.334275
v -0.015467 0.515231 0.327320
v -0.009051 0.504120 0.325178
v -0.016312 0.502228 0.344636
v -0.028967 0.514349 0.342632
v -0.038868 0.521208 0.339483
v -0.027511 0.503014 0.347170
v -0.021382 0.490371 0.355785
v -0.041133 0.489656 0.352609
v -0.043532 0.502730 0.340689
v -0.052286 0.493548 0.336230
v -0.053985 0.482648 0.344954
v -0.048875 0.511107 0.330060
v -0.061929 0.483900 0.330029
v -0.065340 0.469795 0.336166
v -0.074773 0.467221 0.322722
v -0.049524 0.501183 0.328884
v -0.051245 0.489792 0.318223
v -0.058543 0.482297 0.316173
v -0.072321 0.476627 0.311317
v -0.076287 0.467469 0.312207
v -0.064498 0.487637 0.312478
v -0.056161 0.497258 0.314435
v -0.079729 0.471958 0.305309
v -0.078835 0.464583 0.300223
v -0.077379 0.470067 0.293369
v -0.078859 0.490812 0.311321
v -0.085685 0.490348 0.302941
v -0.084240 0.493419 0.293965
v -0.069091 0.503701 0.313524
v -0.087067 0.503733 0.304336
v -0.085716 0.506045 0.296193
v -0.080786 0.503913 0.312910
v -0.067403 0.511702 0.314409
v -0.086885 0.517381 0.305924
v -0.084445 0.519306 0.298607
v -0.082235 0.529992 0.302546
v -0.084091 0.515430 0.312037
v -0.085530 0.528002 0.310287
v -0.081591 0.541436 0.306152
v -0.079546 0.525592 0.318033
v -0.083591 0.537507 0.315620
v -0.075751 0.536056 0.320800
v -0.083508 0.548344 0.317729
v -0.081700 0.550965 0.310122
v -0.077779 0.559556 0.314768
v -0.077230 0.544178 0.322204
v -0.081435 0.555977 0.321099
v -0.076707 0.549112 0.323940
v -0.073400 0.558135 0.327120
v -0.067431 0.552032 0.329403
v -0.072916 0.548052 0.325018
v -0.070834 0.541581 0.323047
v -0.068790 0.544931 0.325977
v -0.063394 0.539004 0.327142
v -0.068024 0.534883 0.322058
v -0.057424 0.531562 0.329811
v -0.062309 0.525193 0.321356
v -0.052301 0.521956 0.332625
v -0.058301 0.515588 0.318619
v -0.052496 0.507178 0.318447
v -0.019307 0.328743 -0.202892
v -0.000000 0.320990 -0.206978
v -0.000000 0.325195 -0.198854
v -0.022337 0.328256 -0.206988
v -0.000000 0.314077 -0.223611
v -0.037636 0.353730 -0.210948
v -0.025666 0.324148 -0.225397
v -0.000000 0.304229 -0.257119
v -0.038576 0.348992 -0.225799
v -0.031370 0.315471 -0.256989
v -0.000000 0.290731 -0.331483
v -0.042455 0.345410 -0.255653
v -0.032892 0.307487 -0.331331
v -0.000000 0.286600 -0.412206
v -0.051181 0.342807 -0.330850
v -0.043004 0.308819 -0.412528
v -0.000000 0.289932 -0.495792
v -0.034845 0.378337 -0.328773
v -0.042938 0.308846 -0.495771
v -0.054887 0.348524 -0.412276
v -0.032897 0.315046 -0.560772
v -0.000000 0.302388 -0.559679
v -0.056094 0.348644 -0.492437
v -0.037492 0.388312 -0.412085
v -0.012667 0.333453 -0.625574
v -0.000000 0.328435 -0.625116
v -0.048929 0.346597 -0.563018
v -0.040118 0.389686 -0.492612
v -0.008182 0.337461 -0.632228
v -0.000000 0.336683 -0.633313
v -0.031716 0.378428 -0.564007
v -0.000000 0.401984 -0.492335
v -0.000000 0.401390 -0.411821
v -0.000000 0.389367 -0.563829
v -0.000000 0.390965 -0.326752
v -0.009260 0.355106 -0.626436
v -0.000000 0.357993 -0.626630
v -0.026952 0.373187 -0.253444
v -0.000000 0.382252 -0.252453
v -0.020677 0.373209 -0.224224
v -0.000000 0.377766 -0.222553
v -0.000000 0.382466 -0.205397
v -0.024504 0.374113 -0.204708
v -0.018209 0.346109 -0.626377
v -0.008632 0.349354 -0.632924
v -0.012631 0.342995 -0.631320
v -0.000000 0.350439 -0.634841
v -0.004602 0.342510 -0.635244
v -0.000000 0.343458 -0.636015
v -0.041023 0.149445 -0.133526
v -0.034092 0.152553 -0.146214
v -0.029075 0.167501 -0.134165
v -0.037756 0.161918 -0.116148
v -0.020735 0.187137 -0.125482
v -0.051760 0.147902 -0.127794
v -0.034481 0.180900 -0.097001
v -0.021280 0.202090 -0.114740
v -0.054821 0.157663 -0.109891
v -0.070572 0.161940 -0.118219
v -0.065273 0.151147 -0.134148
v -0.031105 0.205442 -0.090037
v -0.018182 0.211571 -0.107662
v -0.037615 0.225579 -0.084067
v -0.070811 0.171212 -0.141101
v -0.064093 0.157821 -0.151954
v -0.046949 0.210319 -0.076603
v -0.053099 0.227669 -0.071838
v -0.066597 0.224413 -0.069166
v -0.047223 0.190538 -0.080704
v -0.066465 0.205014 -0.073809
v -0.058533 0.170829 -0.091688
v -0.064602 0.186190 -0.080406
v -0.081893 0.205951 -0.087841
v -0.081618 0.225692 -0.082347
v -0.080234 0.188903 -0.094601
v -0.088520 0.227234 -0.118684
v -0.076585 0.174383 -0.104442
v -0.084814 0.208926 -0.120373
v -0.081109 0.195581 -0.124660
v -0.076592 0.183792 -0.132126
v -0.074887 0.211705 -0.155316
v -0.078682 0.228042 -0.158465
v -0.069735 0.199040 -0.154100
v -0.065829 0.188418 -0.156253
v -0.061373 0.211145 -0.173143
v -0.064976 0.225978 -0.180030
v -0.045539 0.224891 -0.188079
v -0.057654 0.199241 -0.168220
v -0.056208 0.189215 -0.165010
v -0.058353 0.178873 -0.161450
v -0.054233 0.163447 -0.167724
v -0.042712 0.188821 -0.167114
v -0.039822 0.177924 -0.164381
v -0.042026 0.161116 -0.167400
v -0.042375 0.198938 -0.171261
v -0.032739 0.188024 -0.163136
v -0.028639 0.171626 -0.152022
v -0.035563 0.156257 -0.158595
v -0.034092 0.152553 -0.146214
v -0.029075 0.167501 -0.134165
v -0.023495 0.187123 -0.149258
v -0.020735 0.187137 -0.125482
v -0.015409 0.201296 -0.135985
v -0.021280 0.202090 -0.114740
v -0.018182 0.211571 -0.107662
v -0.011422 0.211978 -0.146496
v -0.019111 0.202456 -0.153484
v -0.017027 0.213932 -0.161606
v -0.011093 0.226269 -0.166335
v -0.029612 0.199584 -0.166442
v -0.029056 0.210799 -0.173493
v -0.026015 0.223193 -0.182186
v -0.043152 0.209552 -0.178056
v -0.082146 0.493572 0.295499
v -0.069201 0.482936 0.286772
v -0.075117 0.470598 0.294534
v -0.067508 0.497650 0.288605
v -0.083585 0.505807 0.297663
v -0.054566 0.497327 0.286060
v -0.069661 0.514123 0.291948
v -0.082511 0.518561 0.300177
v -0.080505 0.529152 0.304297
v -0.048450 0.523080 0.301907
v -0.038272 0.504570 0.289989
v -0.070707 0.531315 0.301711
v -0.079768 0.540784 0.307887
v -0.039696 0.525134 0.309554
v -0.025453 0.508449 0.300091
v -0.018863 0.510503 0.312195
v -0.071830 0.544351 0.307219
v -0.079936 0.549912 0.311716
v -0.056145 0.536358 0.306426
v -0.071485 0.551894 0.311790
v -0.076771 0.557456 0.315922
v -0.062893 0.546588 0.310695
v -0.072697 0.559494 0.319631
v -0.066072 0.553295 0.314729
v -0.057886 0.549065 0.316009
v -0.048021 0.538924 0.314628
v -0.063329 0.555216 0.321644
v -0.056580 0.549794 0.325029
v -0.048195 0.542583 0.326285
v -0.059656 0.545561 0.329608
v -0.041182 0.534598 0.325475
v -0.052206 0.537686 0.331723
v -0.066992 0.551509 0.326894
v -0.032476 0.524576 0.329237
v -0.045332 0.530814 0.333399
v -0.017347 0.513470 0.326969
v -0.010457 0.501988 0.324689
v -0.017516 0.500621 0.342984
v -0.029416 0.512897 0.340522
v -0.038573 0.520261 0.337080
v -0.027384 0.501742 0.344905
v -0.021212 0.488686 0.353812
v -0.040000 0.488368 0.350654
v -0.041880 0.501757 0.338933
v -0.050214 0.492171 0.335475
v -0.052144 0.481641 0.343418
v -0.046667 0.511418 0.328723
v -0.059881 0.482337 0.329678
v -0.063349 0.468779 0.334838
v -0.072674 0.465911 0.321922
v -0.047070 0.500762 0.328137
v -0.048997 0.488942 0.317232
v -0.056770 0.480764 0.315047
v -0.070854 0.475928 0.309288
v -0.073919 0.466560 0.311634
v -0.063814 0.487471 0.309975
v -0.054807 0.497399 0.312220
v -0.077275 0.472215 0.304489
v -0.076272 0.464264 0.300524
v -0.075117 0.470598 0.294534
v -0.077645 0.491296 0.309073
v -0.083197 0.490906 0.302433
v -0.082146 0.493572 0.295499
v -0.068876 0.503963 0.310946
v -0.084538 0.503925 0.303767
v -0.083585 0.505807 0.297663
v -0.079628 0.504217 0.310603
v -0.066864 0.512336 0.311946
v -0.084292 0.517232 0.305799
v -0.082511 0.518561 0.300177
v -0.080505 0.529152 0.304297
v -0.082274 0.515783 0.310212
v -0.082967 0.527777 0.309910
v -0.079768 0.540784 0.307887
v -0.078234 0.526010 0.315827
v -0.081258 0.537671 0.314484
v -0.074857 0.536503 0.318400
v -0.081049 0.548302 0.316884
v -0.079936 0.549912 0.311716
v -0.076771 0.557456 0.315922
v -0.076057 0.544826 0.319976
v -0.079251 0.554984 0.320096
v -0.075606 0.549477 0.321613
v -0.072939 0.556804 0.324934
v -0.071922 0.548905 0.322772
v -0.069858 0.542387 0.320776
v -0.067454 0.545873 0.323955
v -0.067105 0.535587 0.319730
v -0.061834 0.539767 0.325207
v -0.055685 0.532091 0.327952
v -0.061190 0.526203 0.319237
v -0.050622 0.522503 0.330716
v -0.056979 0.516608 0.316627
v -0.050538 0.507666 0.316807
v -0.019061 0.330162 -0.200727
v -0.000000 0.323419 -0.207904
v -0.000000 0.327111 -0.197097
v -0.020726 0.330218 -0.207549
v -0.000000 0.316530 -0.224473
v -0.035378 0.353136 -0.209803
v -0.023981 0.325975 -0.226160
v -0.000000 0.306760 -0.257711
v -0.035990 0.348832 -0.226005
v -0.029581 0.317289 -0.257491
v -0.000000 0.293315 -0.331776
v -0.039879 0.345247 -0.255962
v -0.031093 0.309352 -0.331545
v -0.000000 0.289200 -0.412222
v -0.048591 0.342910 -0.331055
v -0.040986 0.310454 -0.412638
v -0.000000 0.292515 -0.495496
v -0.033068 0.376462 -0.329071
v -0.041008 0.310573 -0.495540
v -0.052294 0.348351 -0.412360
v -0.031253 0.316931 -0.560062
v -0.000000 0.304888 -0.558966
v -0.053497 0.348567 -0.492330
v -0.035745 0.386395 -0.412271
v -0.011187 0.335113 -0.624228
v -0.000000 0.330645 -0.623747
v -0.046420 0.346599 -0.562337
v -0.038357 0.387784 -0.492412
v -0.007239 0.338819 -0.630221
v -0.000000 0.338121 -0.631147
v -0.030113 0.376558 -0.563173
v -0.000000 0.399392 -0.492123
v -0.000000 0.398795 -0.411987
v -0.000000 0.386891 -0.563036
v -0.000000 0.388384 -0.327061
v -0.008163 0.353199 -0.625050
v -0.000000 0.355825 -0.625194
v -0.025273 0.371230 -0.253780
v -0.000000 0.379674 -0.252793
v -0.019349 0.370975 -0.224179
v -0.000000 0.375200 -0.222349
v -0.000000 0.380038 -0.204599
v -0.023100 0.372094 -0.203862
v -0.016138 0.345676 -0.624866
v -0.007372 0.348263 -0.630928
v -0.011010 0.343401 -0.629328
v -0.000000 0.349197 -0.632557
v -0.004016 0.342925 -0.632745
v -0.000000 0.343675 -0.633424
v -0.042021 0.150707 -0.133230
v -0.035299 0.153176 -0.146105
v -0.030495 0.168538 -0.134521
v -0.038923 0.163257 -0.116467
v -0.023149 0.187991 -0.125932
v -0.052167 0.149530 -0.127307
v -0.036290 0.182088 -0.098441
v -0.023528 0.203082 -0.115587
v -0.055051 0.159343 -0.110224
v -0.069594 0.163202 -0.118040
v -0.064565 0.152220 -0.133204
v -0.033183 0.205755 -0.091567
v -0.018773 0.213918 -0.108611
v -0.038128 0.227653 -0.085548
v -0.069454 0.171792 -0.140623
v -0.063082 0.158384 -0.151236
v -0.048092 0.210713 -0.078904
v -0.053136 0.229485 -0.073699
v -0.066030 0.225139 -0.071597
v -0.048262 0.191591 -0.082842
v -0.065790 0.205751 -0.076209
v -0.058419 0.172644 -0.093546
v -0.063851 0.187470 -0.082541
v -0.079586 0.206416 -0.088946
v -0.079372 0.226202 -0.083553
v -0.077951 0.189763 -0.095501
v -0.085961 0.227689 -0.118608
v -0.074438 0.175657 -0.105166
v -0.082287 0.209478 -0.120111
v -0.078627 0.196163 -0.124147
v -0.074128 0.184269 -0.131445
v -0.067612 0.199808 -0.152811
v -0.072687 0.212553 -0.154221
v -0.076324 0.228559 -0.157500
v -0.063767 0.188909 -0.154747
v -0.060010 0.212342 -0.171281
v -0.063343 0.226998 -0.178283
v -0.045304 0.226170 -0.185828
v -0.056461 0.200282 -0.166158
v -0.055161 0.189800 -0.162703
v -0.057299 0.179432 -0.160695
v -0.053771 0.163472 -0.167097
v -0.043230 0.210957 -0.175869
v -0.040250 0.178526 -0.163421
v -0.042786 0.161405 -0.166829
v -0.042912 0.189463 -0.164603
v -0.042602 0.200140 -0.168967
v -0.034338 0.188806 -0.161241
v -0.031146 0.200654 -0.164636
v -0.030349 0.212180 -0.171709
v -0.027173 0.224629 -0.180354
v -0.012426 0.227982 -0.164902
v -0.018924 0.215241 -0.160402
v -0.013051 0.213847 -0.145712
v -0.021336 0.203431 -0.152559
v -0.017854 0.202176 -0.136071
v -0.018773 0.213918 -0.108611
v -0.023528 0.203082 -0.115587
v -0.023149 0.187991 -0.125932
v -0.025871 0.187806 -0.148452
v -0.030495 0.168538 -0.134521
v -0.030030 0.172364 -0.151961
v -0.035299 0.153176 -0.146105
v -0.036717 0.156887 -0.158346
v 0.000000 0.214563 -0.081851
v -0.018182 0.211571 -0.107662
v 0.000000 0.209600 -0.111485
v -0.025062 0.218868 -0.082693
v -0.037615 0.225579 -0.084067
v -0.030893 0.223204 -0.040849
v 0.000000 0.221556 -0.036952
v -0.053099 0.227669 -0.071838
v -0.026060 0.222929 0.021224
v 0.000000 0.219003 0.023292
v 0.000000 0.209524 0.062100
v -0.062615 0.242500 -0.036520
v -0.026029 0.212072 0.068350
v 0.000000 0.195861 0.095619
v -0.058998 0.243968 0.024329
v 0.000000 0.192604 0.120864
v -0.018066 0.193482 0.124241
v -0.023902 0.198269 0.096035
v -0.028794 0.197644 0.125178
v -0.039804 0.208828 0.092939
v -0.048883 0.218483 0.088605
v -0.074191 0.266192 0.025768
v -0.080344 0.269454 -0.035620
v -0.084115 0.289668 -0.037341
v -0.071754 0.246168 -0.063193
v -0.066597 0.224413 -0.069166
v -0.081618 0.225692 -0.082347
v -0.089736 0.271145 -0.067555
v -0.083886 0.248987 -0.072880
v -0.091846 0.248301 -0.118599
v -0.088520 0.227234 -0.118684
v -0.078682 0.228042 -0.158465
v -0.093182 0.269226 -0.119533
v -0.088615 0.290140 -0.066663
v -0.079372 0.246898 -0.163219
v -0.089423 0.314056 -0.071794
v -0.064887 0.245388 -0.189883
v -0.079321 0.265425 -0.167955
v -0.066373 0.262942 -0.196058
v -0.094133 0.289951 -0.122507
v -0.080215 0.284039 -0.175690
v -0.094935 0.313198 -0.129239
v -0.076457 0.302819 -0.186513
v -0.082044 0.343339 -0.083105
v -0.092233 0.340725 -0.137565
v -0.069198 0.326834 -0.196062
v -0.077159 0.364910 -0.095865
v -0.077249 0.364247 -0.141905
v 0.032149 0.158377 0.130336
v 0.036842 0.139261 0.119372
v 0.036159 0.140454 0.132314
v 0.032762 0.157938 0.112382
v 0.028644 0.176178 0.128403
v 0.048603 0.157857 0.102817
v 0.048654 0.138284 0.111281
v 0.031431 0.178261 0.104512
v 0.029448 0.194617 0.125972
v 0.061467 0.138246 0.117362
v 0.033422 0.197876 0.097682
v 0.028794 0.197644 0.125178
v 0.039804 0.208828 0.092939
v 0.048536 0.180256 0.094956
v 0.064313 0.156938 0.112892
v 0.058894 0.199851 0.088033
v 0.072225 0.155996 0.127902
v 0.067223 0.138103 0.129197
v 0.065513 0.138558 0.142717
v 0.068834 0.178341 0.109229
v 0.077410 0.176736 0.128609
v 0.069332 0.155768 0.145049
v 0.053287 0.139949 0.150607
v 0.080052 0.196561 0.131831
v 0.053522 0.157835 0.154696
v 0.039400 0.141413 0.145363
v 0.072845 0.174741 0.151102
v 0.038356 0.159189 0.145335
v 0.032149 0.158377 0.130336
v 0.036159 0.140454 0.132314
v 0.051980 0.174755 0.159531
v 0.035704 0.175864 0.146465
v 0.028644 0.176178 0.128403
v 0.051950 0.189316 0.164486
v 0.034759 0.191936 0.147868
v 0.029448 0.194617 0.125972
v 0.028794 0.197644 0.125178
v 0.033989 0.198719 0.151787
v 0.074377 0.189358 0.154991
v 0.047995 0.200419 0.170991
v 0.036980 0.212635 0.175712
v 0.048332 0.211676 0.180859
v 0.068199 0.212513 0.181285
v 0.073400 0.202368 0.166328
v 0.087971 0.227247 0.151080
v 0.082738 0.210434 0.137756
v 0.079883 0.233720 0.114689
v 0.075185 0.214944 0.107608
v 0.063990 0.233834 0.099760
v 0.073901 0.196453 0.106175
v 0.065395 0.217016 0.091666
v 0.053931 0.235006 0.082168
v 0.048883 0.218483 0.088605
v 0.033743 0.158807 0.129924
v 0.037841 0.140084 0.119392
v 0.037399 0.141042 0.132136
v 0.034076 0.158605 0.112778
v 0.031221 0.176281 0.128071
v 0.048443 0.158718 0.104014
v 0.048632 0.139176 0.111963
v 0.033582 0.178647 0.105921
v 0.031986 0.195177 0.125909
v 0.060556 0.138783 0.117924
v 0.035495 0.197917 0.099251
v 0.029525 0.200101 0.125613
v 0.039673 0.210117 0.095194
v 0.048640 0.180994 0.097447
v 0.058330 0.200186 0.090549
v 0.066921 0.179038 0.110846
v 0.063093 0.157511 0.113849
v 0.070737 0.156499 0.128303
v 0.066149 0.138664 0.129445
v 0.064618 0.139086 0.142403
v 0.074862 0.177125 0.128956
v 0.068090 0.156313 0.144446
v 0.053192 0.140527 0.149781
v 0.077483 0.196942 0.131958
v 0.053641 0.158380 0.153397
v 0.040315 0.141624 0.144870
v 0.070871 0.175401 0.149545
v 0.039716 0.159429 0.144464
v 0.037399 0.141042 0.132136
v 0.033743 0.158807 0.129924
v 0.052408 0.175466 0.157067
v 0.037815 0.176138 0.144973
v 0.031221 0.176281 0.128071
v 0.052332 0.190469 0.162188
v 0.037014 0.192583 0.146747
v 0.031986 0.195177 0.125909
v 0.029525 0.200101 0.125613
v 0.034994 0.200828 0.150646
v 0.072319 0.190123 0.153598
v 0.048631 0.202107 0.169119
v 0.037412 0.214840 0.174404
v 0.048788 0.213439 0.179002
v 0.066972 0.213966 0.179512
v 0.071553 0.203453 0.164853
v 0.085486 0.227992 0.150904
v 0.080201 0.210986 0.137876
v 0.077636 0.233736 0.115997
v 0.072813 0.215076 0.108664
v 0.061982 0.233873 0.101411
v 0.071624 0.196903 0.107346
v 0.063742 0.217015 0.093673
v 0.051899 0.236270 0.083182
v 0.048733 0.219633 0.090932
v -0.036842 0.139261 0.119372
v -0.032149 0.158377 0.130336
v -0.036159 0.140454 0.132314
v -0.032762 0.157939 0.112382
v -0.028644 0.176178 0.128403
v -0.048603 0.157857 0.102817
v -0.048654 0.138284 0.111281
v -0.031431 0.178261 0.104512
v -0.029448 0.194617 0.125972
v -0.061467 0.138246 0.117362
v -0.033422 0.197876 0.097682
v -0.028794 0.197644 0.125178
v -0.039804 0.208828 0.092939
v -0.048536 0.180256 0.094956
v -0.064313 0.156939 0.112892
v -0.058894 0.199851 0.088033
v -0.072225 0.155996 0.127902
v -0.067223 0.138103 0.129197
v -0.065513 0.138558 0.142717
v -0.068834 0.178341 0.109229
v -0.077410 0.176737 0.128609
v -0.069332 0.155769 0.145049
v -0.053287 0.139949 0.150607
v -0.080052 0.196561 0.131831
v -0.053522 0.157835 0.154696
v -0.039400 0.141413 0.145363
v -0.072845 0.174741 0.151102
v -0.038356 0.159189 0.145335
v -0.032149 0.158377 0.130336
v -0.036159 0.140454 0.132314
v -0.051980 0.174755 0.159531
v -0.035704 0.175864 0.146465
v -0.028644 0.176178 0.128403
v -0.051950 0.189316 0.164486
v -0.034759 0.191936 0.147868
v -0.029448 0.194617 0.125972
v -0.028794 0.197644 0.125178
v -0.033989 0.198719 0.151787
v -0.074377 0.189358 0.154991
v -0.047995 0.200419 0.170991
v -0.036980 0.212635 0.175712
v -0.048332 0.211676 0.180859
v -0.068199 0.212513 0.181285
v -0.073400 0.202368 0.166328
v -0.087971 0.227247 0.151080
v -0.082738 0.210434 0.137756
v -0.079883 0.233720 0.114689
v -0.075185 0.214944 0.107608
v -0.063990 0.233834 0.099760
v -0.073901 0.196453 0.106175
v -0.065395 0.217016 0.091666
v -0.053931 0.235006 0.082168
v -0.048883 0.218483 0.088605
v -0.037841 0.140084 0.119392
v -0.033743 0.158807 0.129924
v -0.037399 0.141042 0.132136
v -0.034076 0.158605 0.112778
v -0.031221 0.176281 0.128071
v -0.048443 0.158718 0.104014
v -0.048632 0.139176 0.111963
v -0.033582 0.178647 0.105921
v -0.031986 0.195177 0.125909
v -0.060556 0.138783 0.117924
v -0.035495 0.197917 0.099251
v -0.029525 0.200101 0.125613
v -0.039673 0.210117 0.095194
v -0.048640 0.180994 0.097447
v -0.058330 0.200186 0.090549
v -0.066921 0.179038 0.110846
v -0.063093 0.157511 0.113849
v -0.070737 0.156499 0.128303
v -0.066149 0.138664 0.129445
v -0.064618 0.139086 0.142403
v -0.074862 0.177125 0.128956
v -0.068090 0.156313 0.144446
v -0.053192 0.140527 0.149781
v -0.077483 0.196942 0.131958
v -0.053641 0.158380 0.153397
v -0.040315 0.141624 0.144870
v -0.070871 0.175401 0.149545
v -0.039716 0.159429 0.144464
v -0.037399 0.141042 0.132136
v -0.033743 0.158807 0.129924
v -0.052408 0.175466 0.157067
v -0.037815 0.176138 0.144973
v -0.031221 0.176281 0.128071
v -0.052332 0.190469 0.162188
v -0.037014 0.192583 0.146747
v -0.031986 0.195177 0.125909
v -0.029525 0.200101 0.125613
v -0.034994 0.200828 0.150646
v -0.072319 0.190123 0.153598
v -0.048631 0.202107 0.169119
v -0.037412 0.214840 0.174404
v -0.048788 0.213439 0.179002
v -0.066972 0.213966 0.179512
v -0.071553 0.203453 0.164853
v -0.085486 0.227992 0.150904
v -0.080201 0.210986 0.137876
v -0.077636 0.233736 0.115997
v -0.072813 0.215076 0.108664
v -0.061982 0.233873 0.101411
v -0.071624 0.196903 0.107346
v -0.063742 0.217015 0.093673
v -0.051899 0.236270 0.083182
v -0.048733 0.219633 0.090932
v 0.067976 0.336482 0.248025
v 0.064346 0.356963 0.267161
v 0.069263 0.367263 0.233152
v 0.067982 0.383881 0.252377
v 0.063025 0.372493 0.282496
v 0.056694 0.377292 0.292901
v 0.065427 0.394592 0.266810
v 0.047986 0.377435 0.307150
v 0.071450 0.388798 0.279345
v 0.067286 0.384406 0.295555
v 0.053794 0.378693 0.311237
v 0.054603 0.379603 0.331091
v 0.074698 0.395085 0.285471
v 0.058512 0.390696 0.341754
v 0.072282 0.408152 0.273557
v 0.073388 0.397268 0.337128
v 0.069772 0.418949 0.265207
v 0.068758 0.413177 0.340079
v 0.073280 0.378424 0.332039
v 0.076423 0.425444 0.332253
v 0.079707 0.409055 0.325252
v 0.079993 0.392353 0.319114
v 0.062623 0.374796 0.319869
v 0.076352 0.370992 0.320753
v 0.068758 0.372940 0.309453
v 0.076370 0.381621 0.306231
v 0.085134 0.398930 0.312447
v 0.079847 0.395629 0.298243
v 0.079440 0.403518 0.291737
v 0.085205 0.413346 0.304040
v 0.085317 0.420775 0.317486
v 0.077141 0.415738 0.279402
v 0.083330 0.437935 0.322769
v 0.083666 0.428612 0.296041
v 0.085178 0.435759 0.306975
v 0.074842 0.433829 0.270324
v 0.081882 0.447166 0.285591
v 0.083048 0.453475 0.320668
v 0.084451 0.453557 0.308543
v 0.076287 0.467469 0.312207
v 0.078835 0.464583 0.300223
v 0.079440 0.453118 0.294200
v 0.074039 0.460492 0.278943
v 0.071783 0.444552 0.263909
v 0.058290 0.454444 0.259729
v 0.066834 0.427149 0.258315
v 0.061066 0.411217 0.255323
vn -0.0039 -0.9998 0.0196
vn 0.3632 -0.8942 0.2616
vn -0.0039 -0.9784 -0.2066
vn 0.6558 -0.6951 -0.2945
vn -0.0039 -0.7910 -0.6118
vn 0.5341 -0.6355 -0.5575
vn -0.0039 -0.5893 -0.8079
vn 0.5190 -0.5034 -0.6908
vn 0.4114 -0.5525 -0.7249
vn 0.4495 -0.4104 -0.7934
vn -0.0039 -0.4488 -0.8936
vn -0.0039 -0.2691 -0.9631
vn 0.3311 -0.4635 -0.8219
vn 0.3933 -0.3622 -0.8451
vn 0.3721 -0.2389 -0.8969
vn -0.0894 -0.4314 -0.8977
vn -0.0901 -0.5055 -0.8581
vn -0.0743 -0.3247 -0.9429
vn -0.0661 -0.2061 -0.9763
vn -0.6572 -0.3072 -0.6883
vn -0.6805 -0.3538 -0.6416
vn -0.6634 -0.2366 -0.7099
vn -0.6197 -0.1208 -0.7755
vn -0.9303 -0.1207 -0.3464
vn -0.9066 -0.2295 -0.3541
vn -0.9432 -0.1213 -0.3092
vn -0.9822 -0.0978 -0.1604
vn -0.9739 -0.1604 -0.1604
vn -0.9835 -0.0666 -0.1685
vn -0.9952 -0.0976 0.0117
vn -0.9936 -0.1130 0.0039
vn -0.8577 -0.1997 0.4738
vn -0.9351 -0.0665 -0.3482
vn -0.8960 -0.2543 0.3639
vn -0.9816 -0.0509 -0.1838
vn -0.9943 -0.1053 0.0195
vn -0.6234 -0.4822 0.6155
vn -0.2473 -0.2709 0.9303
vn -0.0510 -0.7023 0.7101
vn -0.9364 -0.1920 0.2938
vn -0.9994 -0.0274 -0.0196
vn -0.9858 0.0117 0.1676
vn -0.9076 -0.3778 0.1831
vn -0.9841 -0.0196 0.1764
vn -0.9739 0.1525 0.1682
vn -0.9895 0.1134 0.0900
vn -0.9966 0.0821 -0.0117
vn -0.9765 0.0273 -0.2140
vn -0.9190 0.3402 0.1994
vn -0.8845 0.0507 -0.4637
vn -0.9648 0.2617 -0.0273
vn -0.9221 0.2315 -0.3100
vn -0.5191 0.0039 -0.8547
vn -0.7538 0.2148 -0.6210
vn 0.0196 -0.0274 -0.9994
vn -0.2933 0.1603 -0.9425
vn 0.3089 0.0430 -0.9501
vn -0.0039 -0.0587 -0.9983
vn -0.0039 -0.4582 -0.8889
vn -0.1917 -0.6455 -0.7393
vn -0.8778 0.1677 -0.4487
vn -0.5967 0.5187 -0.6123
vn -0.4797 0.7917 -0.3783
vn -0.7231 0.3714 -0.5824
vn -0.3567 0.8348 -0.4194
vn -0.0040 0.9397 -0.3421
vn -0.0040 0.9708 -0.2398
vn -0.6388 0.6858 -0.3488
vn -0.8484 0.4183 -0.3245
vn -0.8421 0.5288 -0.1058
vn -0.3641 0.9200 -0.1448
vn -0.0040 0.9966 -0.0827
vn -0.6790 0.7340 -0.0118
vn -0.8288 0.5381 0.1532
vn -0.4452 0.8944 0.0434
vn -0.0040 0.9996 0.0277
vn -0.7777 0.6136 0.1368
vn -0.0040 0.9998 0.0198
vn -0.9172 0.3864 0.0976
vn -0.7557 0.6539 0.0352
vn -0.4455 0.8949 0.0276
vn -0.4518 0.8919 0.0197
vn -0.0040 0.9994 0.0355
vn -0.9270 0.3716 -0.0508
vn -0.7264 0.6871 -0.0118
vn -0.3881 0.9212 0.0274
vn -0.0040 0.9990 0.0434
vn -0.0040 0.9999 0.0118
vn -0.7265 0.6872 0.0040
vn -0.4361 0.8997 0.0197
vn -0.0040 0.9990 -0.0434
vn -0.9043 0.4267 0.0117
vn -0.4511 0.8905 -0.0589
vn -0.0040 0.9869 -0.1612
vn -0.7336 0.6787 0.0353
vn -0.4449 0.8779 -0.1772
vn -0.0040 0.9666 -0.2564
vn -0.7670 0.6411 -0.0275
vn -0.9195 0.3874 0.0665
vn -0.4272 0.8741 -0.2313
vn -0.0040 0.9646 -0.2638
vn -0.7724 0.6078 -0.1843
vn -0.4200 0.8754 -0.2394
vn -0.0040 0.9371 -0.3490
vn -0.6861 0.7096 -0.1607
vn -0.4339 0.8405 -0.3245
vn -0.0039 0.8968 -0.4425
vn -0.7274 0.6802 -0.0904
vn -0.8968 0.4347 -0.0822
vn -0.4827 0.7888 -0.3806
vn -0.7766 0.6050 -0.1756
vn -0.3554 0.7771 -0.5194
vn -0.0040 0.7743 -0.6328
vn -0.7188 0.6010 -0.3496
vn -0.8864 0.4569 0.0742
vn -0.3252 0.7249 -0.6073
vn -0.0040 0.7265 -0.6872
vn -0.0040 0.7415 -0.6709
vn -0.6282 0.5502 -0.5502
vn -0.2945 0.6558 -0.6951
vn -0.4898 0.6544 -0.5760
vn -0.9612 0.1829 -0.2063
vn -0.7536 0.3709 -0.5427
vn -0.4674 0.5146 -0.7188
vn -0.0985 0.7603 -0.6421
vn -0.0039 0.8179 -0.5753
vn -0.0039 0.9309 -0.3653
vn -0.3490 0.5528 -0.7567
vn -0.5817 0.4646 -0.6676
vn -0.6388 0.3488 -0.6858
vn -0.1451 0.7487 -0.6468
vn -0.4413 0.5428 -0.7146
vn -0.5571 0.1987 -0.8063
vn -0.1759 0.4728 -0.8634
vn -0.9147 -0.0506 -0.4009
vn 0.1143 0.7371 -0.6661
vn -0.8505 0.3175 -0.4194
vn -0.9870 0.1054 -0.1210
vn 0.1376 0.8851 -0.4445
vn 0.3733 0.8057 -0.4598
vn 0.3273 0.9266 -0.1853
vn 0.6238 0.7415 -0.2472
vn -0.0039 0.9994 0.0355
vn 0.5255 0.8337 0.1699
vn -0.0039 0.9666 0.2564
vn 0.1853 0.9346 0.3036
vn 0.4467 0.6998 0.5574
vn -0.0040 0.9309 0.3653
vn 0.0435 0.7950 0.6051
vn -0.0039 0.7986 0.6019
vn -0.0829 0.6515 0.7541
vn -0.0039 0.6367 0.7711
vn -0.2323 0.6261 0.7443
vn -0.0355 0.6277 0.7777
vn -0.0040 0.6367 0.7711
vn -0.0039 0.6872 0.7265
vn -0.3430 0.3509 0.8713
vn -0.3417 0.6952 0.6324
vn -0.4588 0.4902 0.7411
vn -0.4519 0.5384 0.7113
vn -0.6912 0.4490 0.5663
vn -0.6722 0.3105 0.6721
vn -0.7797 0.3800 0.4976
vn -0.4743 0.3018 0.8270
vn -0.6460 0.1527 0.7479
vn -0.6626 0.1529 0.7332
vn -0.4038 0.2940 0.8663
vn -0.5930 -0.0118 0.8051
vn -0.4579 -0.0352 0.8883
vn -0.6863 -0.0510 0.7255
vn -0.4454 -0.1222 0.8869
vn -0.6236 -0.0431 0.7805
vn -0.6080 0.1451 0.7806
vn -0.3735 -0.2791 0.8846
vn -0.5610 -0.1608 0.8121
vn -0.5307 0.3263 0.7823
vn -0.5376 -0.3179 0.7810
vn -0.8340 -0.0901 0.5443
vn -0.7569 0.4040 0.5138
vn -0.4596 -0.3574 0.8131
vn -0.7042 -0.0905 0.7042
vn -0.9263 0.2462 0.2853
vn -0.8959 0.0431 0.4421
vn -0.8244 -0.1836 0.5353
vn -0.3427 -0.3900 0.8547
vn -0.5908 -0.6534 0.4734
vn -0.3258 -0.3572 0.8754
vn -0.3182 -0.6088 0.7267
vn -0.3187 -0.2086 0.9246
vn -0.3420 -0.4835 0.8058
vn -0.1843 -0.3412 0.9217
vn -0.5692 0.1688 0.8047
vn -0.2326 0.1143 0.9658
vn -0.2706 -0.5295 0.8040
vn -0.1302 0.0513 0.9902
vn -0.2394 -0.5769 0.7810
vn -0.1379 -0.1851 0.9730
vn -0.1221 0.4766 0.8706
vn -0.3952 -0.6377 0.6612
vn -0.1621 0.2403 0.9571
vn -0.7632 -0.3718 0.5284
vn -0.3901 -0.1379 0.9104
vn -0.7500 0.2396 0.6165
vn -0.2322 0.5549 0.7989
vn -0.0985 0.6421 0.7603
vn -0.4283 0.5148 0.7427
vn -0.8037 -0.1137 0.5841
vn -0.7180 0.4120 0.5611
vn -0.2405 0.7845 0.5716
vn -0.8348 0.5370 0.1215
vn -0.4969 0.8569 0.1370
vn -0.7724 0.6234 0.1216
vn -0.2241 0.6487 0.7273
vn -0.6484 0.6720 0.3576
vn -0.3590 0.4221 0.8324
vn -0.3112 0.8864 0.3427
vn -0.3034 0.7684 0.5635
vn -0.4382 0.6356 0.6356
vn -0.5605 0.7800 0.2783
vn -0.5941 0.6176 0.5154
vn -0.6105 0.7681 0.1930
vn -0.5395 0.5159 0.6654
vn -0.5921 0.7019 0.3960
vn -0.6335 0.6492 0.4210
vn -0.7457 0.3865 0.5427
vn -0.3346 0.7835 0.5236
vn -0.0040 0.8410 0.5410
vn -0.0040 0.8561 0.5168
vn -0.4758 0.7590 0.4444
vn -0.6392 0.6393 0.4275
vn -0.4069 0.8098 0.4227
vn -0.0040 0.8999 0.4362
vn -0.6456 0.6534 0.3952
vn -0.7933 0.3635 0.4885
vn -0.8227 0.3818 0.4212
vn -0.3737 0.8142 0.4444
vn -0.0040 0.8999 0.4361
vn -0.6960 0.5702 0.4365
vn -0.5939 0.7040 0.3894
vn -0.0040 0.9646 0.2638
vn -0.8412 0.3326 0.4264
vn -0.6731 0.7046 0.2244
vn -0.7470 0.4419 0.4967
vn -0.4432 0.5766 0.6864
vn -0.0039 0.6242 0.7812
vn -0.0040 0.1061 0.9943
vn -0.8768 0.3028 0.3735
vn -0.8296 0.0668 0.5544
vn -0.4359 -0.0353 0.8993
vn -0.4264 -0.4029 0.8098
vn -0.0040 -0.3585 0.9335
vn -0.4571 -0.4024 0.7931
vn -0.5427 -0.3865 0.7457
vn -0.0040 -0.4519 0.8920
vn -0.4186 -0.3012 0.8568
vn -0.3649 -0.1295 0.9220
vn -0.3173 -0.0901 0.9440
vn -0.7867 -0.0587 0.6145
vn -0.3721 -0.2389 0.8969
vn -0.0039 -0.7562 0.6543
vn -0.6626 0.0118 0.7489
vn -0.1609 -0.5928 0.7891
vn 0.1369 -0.9821 0.1292
vn -0.0039 -0.7301 0.6833
vn -0.4189 -0.6302 0.6537
vn 0.1056 -0.9903 0.0900
vn -0.8066 0.1220 0.5784
vn -0.6444 -0.6131 0.4570
vn 0.0431 -0.9991 -0.0039
vn -0.8299 0.3265 0.4523
vn -0.9116 -0.0117 0.4108
vn -0.7197 -0.6653 0.1984
vn 0.0820 -0.9883 -0.1289
vn -0.9603 -0.0196 0.2783
vn -0.8646 0.2778 0.4186
vn -0.6669 -0.7449 0.0195
vn -0.0117 -0.9845 -0.1751
vn -0.1439 -0.9607 -0.2373
vn -0.8320 -0.5508 0.0664
vn -0.1758 -0.9726 -0.1523
vn -0.9439 -0.0588 0.3251
vn -0.7707 -0.5908 0.2386
vn -0.1207 -0.9923 -0.0272
vn -0.9207 -0.0431 0.3879
vn -0.6667 -0.6822 0.3002
vn -0.0743 -0.9966 0.0352
vn -0.8880 -0.0430 0.4577
vn -0.5823 -0.7385 0.3400
vn -0.0351 -0.9930 0.1130
vn -0.8324 -0.0586 0.5510
vn -0.3792 -0.8405 0.3870
vn 0.2236 -0.9689 0.1059
vn -0.7250 -0.1215 0.6780
vn -0.2160 -0.7816 0.5852
vn 0.4192 -0.8737 0.2468
vn -0.6997 -0.1446 0.6997
vn 0.3644 -0.6778 0.6386
vn 0.4982 -0.4746 0.7256
vn 0.1452 0.0902 0.9853
vn -0.4420 -0.6063 0.6611
vn -0.3336 -0.4357 0.8360
vn -0.7202 0.3581 0.5942
vn -0.8207 -0.1689 0.5458
vn -0.7740 0.3575 0.5226
vn -0.6255 0.3816 0.6806
vn -0.8433 -0.0040 0.5374
vn -0.6172 0.1769 0.7666
vn -0.7012 0.1292 0.7012
vn -0.7961 0.2628 0.5451
vn -0.8247 0.5198 0.2228
vn -0.8275 0.0275 0.5608
vn -0.9255 0.2304 0.3006
vn -0.9629 0.2690 -0.0195
vn -0.9172 0.3006 0.2615
vn -0.9533 -0.0039 0.3021
vn -0.9591 0.2153 -0.1840
vn -0.9940 0.0507 -0.0974
vn -0.8463 -0.1209 0.5188
vn -0.9761 -0.0274 0.2156
vn -0.9784 -0.0039 -0.2066
vn -0.9566 0.1679 -0.2382
vn -0.8232 0.1912 -0.5345
vn -0.8962 -0.0900 -0.4344
vn -0.9163 -0.1520 -0.3704
vn -0.8451 -0.1597 -0.5102
vn -0.9812 -0.0587 -0.1837
vn -0.9027 -0.1524 -0.4025
vn -0.9949 0.0820 0.0585
vn -0.9303 -0.1206 -0.3464
vn -0.8717 -0.1759 -0.4573
vn -0.9347 0.3089 -0.1760
vn -0.9371 0.3490 -0.0039
vn -0.9950 0.0898 0.0429
vn -0.9394 0.3026 0.1612
vn -0.9620 0.1767 0.2081
vn -0.9759 0.2156 0.0353
vn -0.9731 0.0586 0.2228
vn -0.9016 -0.1600 0.4020
vn -0.9799 0.1288 -0.1523
vn -0.8319 -0.2148 0.5116
vn -0.9996 0.0274 -0.0118
vn -0.9528 -0.1215 0.2784
vn -0.9371 0.2862 -0.2000
vn -0.9858 0.0039 -0.1676
vn -0.9510 0.3092 -0.0039
vn -0.9784 0.0039 -0.2066
vn -0.9985 -0.0352 -0.0431
vn -0.9665 -0.0352 -0.2543
vn -0.9992 -0.0274 0.0274
vn -0.9637 -0.1210 -0.2380
vn -0.9935 0.0428 0.1052
vn -0.9762 -0.2139 0.0350
vn -0.9952 0.0976 0.0039
vn -0.9681 -0.2234 0.1137
vn -0.9974 0.0508 -0.0508
vn -0.9766 -0.2140 0.0195
vn -0.9894 -0.1447 0.0117
vn -0.8859 -0.4566 0.0820
vn -0.8877 -0.4576 0.0508
vn -0.9195 -0.3874 0.0665
vn -0.9130 -0.4079 0.0039
vn -0.7062 -0.7062 0.0507
vn -0.8711 -0.2305 -0.4336
vn -0.7846 -0.5816 -0.2147
vn -0.6992 -0.7148 0.0118
vn -0.6821 -0.7289 0.0585
vn -0.3395 -0.9405 -0.0117
vn -0.3623 -0.9154 -0.1753
vn -0.6445 -0.7382 0.1992
vn -0.3014 -0.9512 0.0665
vn -0.2623 -0.9592 0.1057
vn 0.2545 -0.7713 0.5834
vn -0.0039 -0.9999 0.0118
vn -0.0039 -0.9944 -0.1053
vn -0.0039 -0.9916 0.1293
vn -0.0039 -0.9713 -0.2380
vn -0.0039 -0.9871 0.1600
vn -0.0039 -0.9487 -0.3162
vn -0.2859 -0.9515 0.1135
vn -0.3778 -0.8453 -0.3778
vn -0.2461 -0.9414 -0.2305
vn -0.0039 -0.9972 -0.0743
vn -0.1447 -0.9891 -0.0274
vn 0.4037 -0.9130 -0.0587
vn -0.0976 -0.5814 -0.8078
vn -0.5179 -0.3077 -0.7982
vn -0.7110 -0.0117 -0.7031
vn -0.6540 0.1135 -0.7480
vn -0.8842 -0.0584 -0.4635
vn -0.9460 -0.0273 -0.3231
vn -0.9871 -0.1209 -0.1053
vn -0.9933 -0.0818 -0.0818
vn -0.9315 -0.2611 0.2533
vn -0.9287 -0.2155 0.3017
vn -0.4981 -0.4981 0.7098
vn -0.3957 -0.5837 0.7091
vn -0.6644 -0.3421 0.6645
vn 0.0982 -0.6634 0.7418
vn -0.0978 -0.6998 0.7076
vn 0.1447 -0.7939 0.5905
vn -0.3402 -0.5279 0.7782
vn -0.6084 -0.4357 0.6633
vn -0.0978 -0.7706 0.6298
vn -0.1768 -0.6638 0.7267
vn -0.3638 -0.6142 0.7003
vn -0.0980 -0.8428 0.5292
vn 0.3811 -0.7976 0.4676
vn -0.0039 -0.7188 0.6952
vn -0.0039 -0.8014 0.5981
vn -0.0040 -0.7188 0.6952
vn -0.0039 -0.8582 0.5133
vn -0.2306 -0.6841 0.6919
vn -0.0040 -0.5520 0.8338
vn -0.1211 -0.9575 0.2618
vn 0.4036 -0.9130 -0.0588
vn -0.0039 -0.9815 0.1916
vn -0.1447 -0.9891 -0.0273
vn -0.5429 -0.4881 0.6834
vn -0.3966 -0.5065 0.7656
vn -0.5837 -0.3957 0.7091
vn -0.2938 -0.4662 0.8345
vn -0.0040 -0.4769 0.8789
vn -0.5491 -0.4946 0.6737
vn -0.2860 -0.5680 0.7717
vn -0.0040 -0.6242 0.7813
vn -0.0039 -0.5610 0.8278
vn -0.5909 -0.4265 0.6848
vn -0.3319 -0.5349 0.7770
vn -0.0040 -0.6992 0.7149
vn -0.8839 -0.2531 0.3933
vn -0.5610 -0.5060 0.6552
vn -0.8614 -0.3781 0.3391
vn -0.3245 -0.6843 0.6530
vn -0.5588 -0.6525 0.5119
vn -0.9148 -0.3854 -0.1207
vn -0.6688 -0.6688 0.3247
vn -0.8745 -0.4392 -0.2060
vn -0.4107 -0.8879 0.2073
vn -0.8974 -0.2836 -0.3380
vn -0.5177 -0.7823 -0.3464
vn -0.9715 -0.0819 -0.2224
vn -0.8217 -0.3622 -0.4401
vn -0.9672 -0.2310 0.1057
vn -0.8558 -0.0742 0.5119
vn -0.7962 -0.4855 -0.3612
vn -0.9483 -0.1678 0.2693
vn -0.8410 -0.0743 0.5359
vn -0.7700 -0.1446 0.6215
vn -0.8390 -0.2068 0.5034
vn -0.7101 -0.3413 0.6159
vn -0.6574 -0.4527 0.6023
vn -0.4123 -0.6636 0.6243
vn -0.4810 -0.6687 0.5670
vn -0.3018 -0.6702 0.6780
vn -0.3099 -0.8747 0.3726
vn -0.6221 -0.6848 0.3795
vn -0.3710 -0.6287 0.6834
vn -0.0976 -0.9327 0.3473
vn -0.5663 -0.8240 0.0195
vn 0.1610 -0.9071 0.3888
vn 0.3496 -0.9230 0.1610
vn 0.0039 -0.9215 -0.3882
vn 0.1443 -0.9868 -0.0741
vn -0.3316 -0.8076 0.4877
vn -0.3248 -0.8883 0.3248
vn -0.3407 -0.8027 0.4894
vn -0.0040 -0.9319 0.3627
vn -0.4472 -0.8828 0.1439
vn -0.0040 -0.9843 0.1765
vn -0.5429 -0.8398 -0.0039
vn -0.3554 -0.9333 -0.0508
vn -0.0040 -0.9916 -0.1293
vn -0.3948 -0.8951 -0.2072
vn -0.0039 -0.9631 -0.2690
vn -0.0039 -0.9730 -0.2306
vn -0.7693 -0.6287 0.1133
vn -0.4646 -0.8550 -0.2303
vn -0.0039 -0.9227 -0.3855
vn -0.6839 -0.3947 0.6136
vn -0.4159 -0.8203 -0.3926
vn -0.4689 0.0906 0.8786
vn -0.0040 0.5261 0.8504
vn -0.0039 -0.8742 -0.4856
vn -0.8116 0.0118 0.5842
vn -0.3979 0.5869 0.7051
vn -0.8857 -0.4643 0.0039
vn -0.9359 0.0901 0.3407
vn -0.5693 0.5614 0.6007
vn -0.8994 -0.4322 -0.0662
vn -0.9520 0.0509 0.3017
vn -0.6394 0.4903 0.5923
vn -0.8672 0.2550 0.4277
vn -0.9727 -0.1680 0.1602
vn -0.9446 -0.0432 0.3253
vn -0.4340 -0.8172 -0.3793
vn -0.8019 -0.5906 -0.0900
vn -0.2993 -0.9134 -0.2760
vn -0.0039 -0.9517 -0.3069
vn -0.7761 -0.6279 0.0585
vn -0.2617 -0.9490 -0.1758
vn -0.0039 -0.9562 -0.2927
vn -0.9176 -0.2772 0.2850
vn -0.6117 -0.7520 0.2455
vn -0.2544 -0.9669 -0.0196
vn -0.0039 -0.9936 0.1130
vn -0.7457 -0.5427 0.3865
vn -0.7774 -0.2383 0.5821
vn -0.3485 -0.8263 0.4425
vn -0.0040 -0.8302 0.5574
vn -0.3798 -0.7243 0.5755
vn -0.3808 -0.2473 0.8910
vn -0.0040 -0.7340 0.6791
vn -0.0040 -0.3748 0.9271
vn -0.0040 -0.9784 -0.2066
vn -0.3699 -0.8917 0.2609
vn -0.6602 -0.6915 -0.2930
vn -0.0040 -0.7910 -0.6118
vn -0.5396 -0.6329 -0.5552
vn -0.5247 -0.5014 -0.6879
vn -0.4179 -0.5507 -0.7226
vn -0.4557 -0.4089 -0.7907
vn -0.0040 -0.4488 -0.8936
vn -0.0039 -0.2690 -0.9631
vn -0.3380 -0.4623 -0.8198
vn -0.3999 -0.3611 -0.8425
vn -0.3788 -0.2382 -0.8943
vn 0.0817 -0.4317 -0.8983
vn 0.0823 -0.5058 -0.8587
vn 0.0665 -0.3249 -0.9434
vn 0.6527 -0.3088 -0.6918
vn 0.6763 -0.3557 -0.6450
vn 0.6590 -0.2378 -0.7136
vn 0.0584 -0.2062 -0.9768
vn 0.6148 -0.1214 -0.7793
vn 0.9424 -0.1222 -0.3115
vn 0.9292 -0.1216 -0.3490
vn 0.9052 -0.2312 -0.3566
vn 0.9341 -0.0670 -0.3508
vn 0.9819 -0.0986 -0.1617
vn 0.9735 -0.1616 -0.1616
vn 0.9832 -0.0671 -0.1698
vn 0.9951 -0.0983 0.0118
vn 0.9935 -0.1139 0.0039
vn 0.8556 -0.2011 0.4770
vn 0.9814 -0.0512 -0.1852
vn 0.9942 -0.1061 0.0197
vn 0.8945 -0.2561 0.3665
vn 0.6186 -0.4846 0.6185
vn 0.2399 -0.2714 0.9321
vn 0.0432 -0.7025 0.7104
vn 0.9354 -0.1934 0.2960
vn 0.9994 -0.0276 -0.0197
vn 0.9856 0.0118 0.1688
vn 0.9062 -0.3805 0.1844
vn 0.9839 -0.0197 0.1778
vn 0.6399 -0.7419 0.2002
vn 0.2550 -0.9611 0.1059
vn -0.2618 -0.7697 0.5822
vn 0.7022 -0.7101 0.0510
vn 0.2786 -0.9536 0.1138
vn 0.2943 -0.9534 0.0667
vn 0.3326 -0.9430 -0.0117
vn 0.6779 -0.7328 0.0588
vn 0.3555 -0.9180 -0.1758
vn -0.0038 -0.9713 -0.2379
vn 0.6952 -0.7187 0.0118
vn 0.8861 -0.4607 0.0512
vn 0.3712 -0.8477 -0.3789
vn 0.7816 -0.5852 -0.2160
vn 0.2388 -0.9432 -0.2309
vn 0.1370 -0.9902 -0.0274
vn -0.4102 -0.9101 -0.0586
vn 0.0898 -0.5818 -0.8083
vn 0.5122 -0.3089 -0.8014
vn 0.7071 -0.0117 -0.7070
vn 0.8692 -0.2321 -0.4366
vn 0.6494 0.1141 -0.7518
vn 0.8824 -0.0588 -0.4667
vn 0.8842 -0.4598 0.0825
vn 0.9117 -0.4109 0.0039
vn 0.9452 -0.0274 -0.3255
vn 0.9869 -0.1219 -0.1061
vn 0.9759 -0.2156 0.0353
vn 0.9932 -0.0824 -0.0824
vn 0.9304 -0.2630 0.2552
vn 0.9631 -0.1219 -0.2398
vn 0.9660 -0.0355 -0.2563
vn 0.9276 -0.2171 0.3039
vn 0.9984 -0.0355 -0.0434
vn 0.9781 0.0039 -0.2082
vn 0.9856 0.0039 -0.1688
vn 0.9992 -0.0276 0.0277
vn 0.9676 -0.2251 0.1146
vn 0.9934 0.0432 0.1060
vn 0.9763 -0.2156 0.0196
vn 0.9951 0.0983 0.0039
vn 0.9502 0.3115 -0.0039
vn 0.9183 0.3902 0.0670
vn 0.9974 0.0512 -0.0512
vn 0.9361 0.2883 -0.2014
vn 0.9892 -0.1458 0.0118
vn 0.9796 0.1298 -0.1534
vn 0.9183 -0.3901 0.0670
vn 0.9893 0.1143 0.0907
vn 0.9259 0.3743 -0.0512
vn 0.9735 0.1537 0.1695
vn 0.9159 0.3892 0.0983
vn 0.9965 0.0828 -0.0118
vn 0.9177 0.3427 0.2008
vn 0.9761 0.0274 -0.2156
vn 0.9642 0.2637 -0.0276
vn 0.8828 0.0510 -0.4669
vn 0.9209 0.2332 -0.3122
vn 0.5134 0.0039 -0.8582
vn 0.7504 0.2161 -0.6247
vn -0.0274 -0.0274 -0.9992
vn 0.2861 0.1607 -0.9446
vn -0.3159 0.0429 -0.9478
vn -0.0040 -0.0587 -0.9983
vn -0.0039 -0.4581 -0.8889
vn 0.1841 -0.6465 -0.7404
vn 0.8760 0.1689 -0.4517
vn 0.5916 0.5211 -0.6151
vn 0.4736 0.7946 -0.3797
vn 0.7194 0.3734 -0.5857
vn -0.0039 0.9708 -0.2398
vn -0.0039 0.9397 -0.3421
vn 0.8461 0.4211 -0.3267
vn 0.3498 0.8371 -0.4205
vn 0.6341 0.6892 -0.3505
vn 0.3573 0.9226 -0.1452
vn -0.0039 0.9966 -0.0827
vn 0.8398 0.5323 -0.1064
vn 0.6748 0.7379 -0.0119
vn 0.8263 0.5417 0.1542
vn 0.7746 0.6173 0.1376
vn 0.4388 0.8975 0.0435
vn -0.0039 0.9996 0.0276
vn -0.0039 0.9998 0.0198
vn 0.7523 0.6578 0.0354
vn 0.4391 0.8980 0.0277
vn 0.4455 0.8950 0.0197
vn 0.7227 0.6911 -0.0119
vn 0.3814 0.9240 0.0275
vn -0.0039 0.9990 0.0434
vn -0.0039 0.9999 0.0118
vn 0.7227 0.6911 0.0040
vn 0.4297 0.9028 0.0197
vn -0.0039 0.9990 -0.0434
vn 0.9029 0.4298 0.0118
vn 0.7299 0.6826 0.0355
vn 0.4449 0.8937 -0.0591
vn -0.0039 0.9869 -0.1612
vn 0.7637 0.6450 -0.0277
vn 0.4385 0.8810 -0.1778
vn -0.0039 0.9666 -0.2564
vn 0.7692 0.6115 -0.1854
vn 0.4208 0.8770 -0.2320
vn -0.0039 0.9646 -0.2638
vn 0.8953 0.4378 -0.0828
vn 0.4135 0.8782 -0.2402
vn -0.0039 0.9371 -0.3490
vn 0.6819 0.7134 -0.1616
vn 0.4276 0.8433 -0.3256
vn 0.7237 0.6841 -0.0909
vn 0.4766 0.7917 -0.3821
vn 0.7735 0.6086 -0.1767
vn 0.8847 0.4601 0.0747
vn 0.3485 0.7793 -0.5208
vn -0.0039 0.7743 -0.6328
vn 0.7150 0.6044 -0.3516
vn 0.3182 0.7267 -0.6088
vn -0.0039 0.7265 -0.6872
vn -0.0039 0.7415 -0.6709
vn 0.6235 0.5529 -0.5528
vn 0.9337 0.3112 -0.1773
vn 0.4838 0.6569 -0.5782
vn 0.9362 0.3516 -0.0040
vn 0.9607 0.1843 -0.2078
vn 0.7502 0.3731 -0.5459
vn 0.2873 0.6573 -0.6967
vn 0.4612 0.5165 -0.7215
vn 0.0907 0.7608 -0.6426
vn 0.3420 0.5543 -0.7588
vn 0.5765 0.4667 -0.6707
vn -0.1454 0.8841 -0.4440
vn 0.6341 0.3505 -0.6892
vn 0.1374 0.7496 -0.6475
vn 0.4349 0.5447 -0.7171
vn 0.5517 0.1996 -0.8098
vn 0.1683 0.4734 -0.8646
vn 0.9134 -0.0509 -0.4038
vn -0.1220 0.7364 -0.6655
vn -0.3801 0.8033 -0.4585
vn 0.8483 0.3196 -0.4222
vn 0.9869 0.1062 -0.1219
vn -0.3343 0.9242 -0.1848
vn -0.6285 0.7379 -0.2459
vn -0.0040 0.9994 0.0356
vn -0.5311 0.8302 0.1692
vn -0.0040 0.9666 0.2564
vn -0.1930 0.9332 0.3032
vn -0.4530 0.6973 0.5555
vn -0.0039 0.9309 0.3653
vn -0.0514 0.7946 0.6049
vn -0.0040 0.7986 0.6019
vn 0.0751 0.6519 0.7546
vn 0.2249 0.6273 0.7456
vn 0.0276 0.6278 0.7778
vn -0.0040 0.6872 0.7265
vn 0.3360 0.3518 0.8737
vn 0.4525 0.4919 0.7438
vn 0.4456 0.5403 0.7138
vn 0.6871 0.4515 0.5693
vn 0.6678 0.3122 0.6757
vn 0.7766 0.3824 0.5007
vn 0.4682 0.3029 0.8301
vn 0.6415 0.1535 0.7516
vn 0.6582 0.1537 0.7370
vn 0.3972 0.2950 0.8691
vn 0.5879 -0.0118 0.8089
vn 0.4516 -0.0354 0.8915
vn 0.4516 -0.0353 0.8915
vn 0.6821 -0.0513 0.7294
vn 0.4391 -0.1226 0.8901
vn 0.6188 -0.0434 0.7844
vn 0.6030 0.1459 0.7843
vn 0.3667 -0.2800 0.8872
vn 0.5556 -0.1615 0.8156
vn 0.5250 0.3276 0.7855
vn 0.5320 -0.3192 0.7843
vn 0.3347 0.6971 0.6341
vn 0.8316 -0.0906 0.5479
vn 0.7535 0.4064 0.5168
vn 0.3276 0.7855 0.5250
vn -0.0039 0.8410 0.5410
vn -0.0039 0.8561 0.5168
vn 0.6439 0.6755 0.3595
vn 0.9251 0.2480 0.2874
vn 0.7692 0.6272 0.1223
vn 0.5869 0.7051 0.3979
vn 0.6056 0.7718 0.1939
vn 0.8324 0.5405 0.1223
vn 0.4697 0.7618 0.4460
vn 0.8944 0.0434 0.4452
vn 0.4910 0.8602 0.1375
vn 0.7142 0.4143 0.5642
vn 0.7002 -0.0910 0.7081
vn 0.8008 -0.1144 0.5878
vn 0.4533 -0.3587 0.8160
vn 0.8219 -0.1848 0.5388
vn 0.3357 -0.3910 0.8570
vn 0.5856 -0.6564 0.4756
vn 0.3188 -0.3581 0.8776
vn 0.3111 -0.6103 0.7285
vn 0.3350 -0.4848 0.8080
vn 0.3116 -0.2090 0.9269
vn 0.1767 -0.3417 0.9230
vn 0.2633 -0.5306 0.8057
vn 0.5639 0.1695 0.8083
vn 0.2251 0.1145 0.9676
vn 0.1224 0.0513 0.9911
vn 0.1301 -0.1853 0.9740
vn 0.1144 0.4771 0.8714
vn 0.2320 -0.5779 0.7824
vn 0.1538 0.2406 0.9584
vn 0.3885 -0.6397 0.6632
vn 0.3834 -0.1383 0.9131
vn 0.7600 -0.3740 0.5316
vn 0.7466 0.2409 0.6202
vn 0.2247 0.5559 0.8003
vn 0.4219 0.5165 0.7452
vn 0.0907 0.6426 0.7609
vn 0.2330 0.7860 0.5727
vn 0.2166 0.6498 0.7286
vn 0.3041 0.8885 0.3435
vn 0.3521 0.4233 0.8348
vn 0.2962 0.7702 0.5648
vn 0.4318 0.6378 0.6378
vn 0.5551 0.7834 0.2795
vn 0.5889 0.6205 0.5178
vn 0.6287 0.6524 0.4231
vn 0.7422 0.3888 0.5459
vn 0.5339 0.5180 0.6683
vn 0.6346 0.6424 0.4296
vn 0.7904 0.3657 0.4915
vn 0.7212 -0.1222 0.6818
vn 0.8300 -0.0590 0.5547
vn 0.8201 0.3843 0.4239
vn 0.8864 -0.0433 0.4609
vn 0.6410 0.6568 0.3972
vn 0.4002 0.8124 0.4240
vn -0.0039 0.8999 0.4362
vn 0.8388 0.3348 0.4293
vn 0.3669 0.8165 0.4458
vn -0.0038 0.8999 0.4362
vn 0.6919 0.5733 0.4389
vn 0.5888 0.7073 0.3912
vn -0.0039 0.9646 0.2638
vn 0.9195 -0.0434 0.3907
vn 0.6688 0.7084 0.2256
vn 0.7675 -0.5943 0.2401
vn 0.4369 0.5786 0.6888
vn -0.0039 0.1061 0.9943
vn 0.8271 0.0673 0.5580
vn 0.4295 -0.0355 0.9024
vn 0.4200 -0.4043 0.8125
vn -0.0039 -0.3584 0.9335
vn 0.4509 -0.4039 0.7960
vn 0.8750 0.3049 0.3761
vn 0.5371 -0.3882 0.7489
vn -0.0039 -0.4519 0.8920
vn 0.4121 -0.3022 0.8596
vn 0.3581 -0.1299 0.9246
vn 0.3102 -0.0903 0.9464
vn 0.7837 -0.0591 0.6183
vn 0.3653 -0.2396 0.8995
vn -0.0040 -0.7562 0.6543
vn 0.6582 0.0118 0.7528
vn 0.1533 -0.5936 0.7901
vn -0.1446 -0.9810 0.1290
vn 0.4124 -0.6323 0.6559
vn -0.1134 -0.9895 0.0900
vn 0.8038 0.1227 0.5821
vn 0.6398 -0.6162 0.4592
vn -0.0509 -0.9987 -0.0039
vn 0.7435 0.4445 0.4996
vn 0.7160 -0.6690 0.1995
vn -0.0897 -0.9876 -0.1288
vn 0.9103 -0.0118 0.4138
vn 0.8275 0.3286 0.4553
vn 0.9597 -0.0198 0.2804
vn 0.8626 0.2797 0.4215
vn 0.9430 -0.0592 0.3275
vn 0.8296 -0.5544 0.0668
vn 0.6625 -0.7488 0.0196
vn 0.0039 -0.9845 -0.1751
vn 0.1363 -0.9618 -0.2375
vn 0.1682 -0.9739 -0.1525
vn 0.1130 -0.9932 -0.0272
vn 0.6623 -0.6858 0.3017
vn 0.0665 -0.9972 0.0352
vn 0.5770 -0.7419 0.3415
vn 0.0273 -0.9932 0.1130
vn 0.3725 -0.8430 0.3882
vn -0.2310 -0.9672 0.1057
vn 0.2072 -0.7859 0.5826
vn -0.4256 -0.8708 0.2460
vn 0.6949 -0.1531 0.7027
vn -0.3884 -0.6709 0.6317
vn -0.5069 -0.4755 0.7190
vn -0.1541 0.0908 0.9839
vn 0.4188 -0.6222 0.6614
vn 0.3498 -0.4205 0.8371
vn 0.7163 0.3602 0.5976
vn 0.8135 -0.1769 0.5541
vn 0.7709 0.3597 0.5258
vn 0.6206 0.3835 0.6839
vn 0.8410 -0.0040 0.5410
vn 0.6124 0.1778 0.7703
vn 0.6972 0.1300 0.7050
vn 0.7932 0.2644 0.5485
vn 0.8222 0.5232 0.2242
vn 0.8250 0.0276 0.5645
vn 0.9243 0.2321 0.3029
vn 0.9624 0.2710 -0.0197
vn 0.9160 0.3028 0.2634
vn 0.9525 -0.0039 0.3044
vn 0.9584 0.2169 -0.1854
vn 0.9939 0.0511 -0.0982
vn 0.8441 -0.1217 0.5222
vn 0.9757 -0.0276 0.2173
vn 0.9781 -0.0039 -0.2082
vn 0.9559 0.1692 -0.2400
vn 0.8207 0.1924 -0.5380
vn 0.8947 -0.0906 -0.4375
vn 0.9151 -0.1531 -0.3731
vn 0.8429 -0.1607 -0.5136
vn 0.9809 -0.0591 -0.1851
vn 0.9948 0.0826 0.0590
vn 0.9292 -0.1215 -0.3489
vn 0.9012 -0.1535 -0.4053
vn 0.8698 -0.1771 -0.4605
vn 0.9135 -0.3882 -0.1216
vn 0.8726 -0.4422 -0.2074
vn 0.8959 -0.2856 -0.3403
vn 0.8594 -0.3806 0.3414
vn 0.6644 -0.6723 0.3264
vn 0.5119 -0.7855 -0.3478
vn 0.9711 -0.0825 -0.2241
vn 0.8191 -0.3645 -0.4429
vn 0.9667 -0.2328 0.1065
vn 0.8537 -0.0747 0.5153
vn 0.7933 -0.4885 -0.3634
vn 0.9475 -0.1691 0.2713
vn 0.8387 -0.0748 0.5394
vn 0.7668 -0.1455 0.6252
vn 0.8366 -0.2081 0.5067
vn 0.7062 -0.3432 0.6193
vn 0.6328 -0.4677 0.6171
vn 0.3951 -0.6688 0.6297
vn 0.4835 -0.6643 0.5700
vn 0.2946 -0.6718 0.6796
vn 0.3160 -0.8700 0.3784
vn 0.6476 -0.6555 0.3886
vn 0.3643 -0.6305 0.6854
vn 0.0898 -0.9333 0.3476
vn 0.5609 -0.8277 0.0197
vn -0.1686 -0.9060 0.3883
vn -0.3564 -0.9204 0.1606
vn -0.0118 -0.9215 -0.3882
vn -0.1519 -0.9856 -0.0740
vn 0.4042 -0.8907 0.2080
vn 0.5533 -0.6554 0.5141
vn 0.3246 -0.8097 0.4889
vn 0.3178 -0.8905 0.3256
vn 0.3175 -0.6860 0.6547
vn 0.5373 -0.8433 -0.0118
vn 0.3337 -0.8049 0.4907
vn 0.4410 -0.8858 0.1444
vn -0.0039 -0.9319 0.3626
vn -0.0039 -0.6992 0.7149
vn -0.0039 -0.9843 0.1765
vn 0.3249 -0.5363 0.7790
vn 0.3484 -0.9355 -0.0587
vn -0.0039 -0.9916 -0.1293
vn 0.3882 -0.8978 -0.2078
vn 0.7623 -0.6372 0.1134
vn 0.4554 -0.8602 -0.2296
vn -0.0039 -0.9227 -0.3854
vn 0.6955 -0.3812 0.6091
vn 0.4095 -0.8229 -0.3940
vn -0.0039 -0.8741 -0.4856
vn 0.4843 0.0906 0.8702
vn 0.8089 0.0118 0.5879
vn 0.3912 0.5888 0.7073
vn 0.8840 -0.4675 0.0040
vn 0.9330 0.0827 0.3503
vn 0.5639 0.5639 0.6033
vn 0.8979 -0.4352 -0.0666
vn 0.9513 0.0513 0.3039
vn 0.6347 0.4927 0.5952
vn 0.8652 0.2568 0.4306
vn 0.9723 -0.1692 0.1614
vn 0.9438 -0.0435 0.3277
vn 0.4276 -0.8200 -0.3806
vn 0.7991 -0.5944 -0.0905
vn 0.2922 -0.9155 -0.2766
vn -0.0038 -0.9517 -0.3069
vn 0.7730 -0.6317 0.0589
vn 0.2544 -0.9509 -0.1761
vn 0.9163 -0.2792 0.2871
vn 0.6068 -0.7556 0.2466
vn 0.2471 -0.9688 -0.0196
vn 0.7422 -0.5459 0.3888
vn 0.7743 -0.2398 0.5856
vn 0.3416 -0.8285 0.4437
vn -0.0038 -0.8302 0.5574
vn 0.3730 -0.7264 0.5772
vn 0.3740 -0.2480 0.8936
vn -0.0039 -0.7340 0.6791
vn -0.0039 -0.3747 0.9271
vn -0.0040 0.9336 0.3584
vn -0.0039 0.8789 0.4769
vn -0.1061 0.9630 0.2476
vn 0.2399 0.9481 0.2085
vn -0.0433 0.8864 0.4609
vn -0.0590 0.3345 0.9405
vn -0.7186 0.6951 -0.0196
vn 0.0354 0.9640 0.2636
vn -0.7412 -0.0274 0.6707
vn 0.1776 0.9193 -0.3512
vn 0.2647 0.9125 0.3121
vn -0.7845 0.5659 -0.2537
vn -0.7584 0.0668 0.6483
vn 0.6269 0.6742 0.3903
vn -0.6755 0.6130 -0.4099
vn 0.1622 0.8030 0.5735
vn 0.4581 0.5756 -0.6774
vn 0.8821 0.4549 -0.1226
vn 0.3730 0.5772 -0.7264
vn 0.9887 0.1300 -0.0748
vn 0.3417 -0.1768 0.9230
vn -0.7584 0.0668 0.6484
vn -0.7413 -0.0275 0.6706
vn 0.9981 0.0355 0.0513
vn 0.4147 -0.3831 0.8254
vn 0.9462 -0.0589 0.3181
vn 0.6043 0.3516 0.7150
vn 0.4125 -0.4676 0.7818
vn 0.3907 -0.0435 0.9195
vn 0.5556 0.0039 0.8314
vn -0.0039 -0.4267 0.9044
vn 0.2400 0.9481 0.2086
vn 0.0669 0.4129 0.9083
vn -0.0039 0.0513 0.9987
vn -0.0040 0.8789 0.4770
vn -0.7360 -0.5335 -0.4167
vn -0.0039 -0.9966 -0.0821
vn -0.0039 -0.4643 -0.8857
vn -0.3697 -0.4630 -0.8055
vn -0.0819 -0.9552 -0.2846
vn -0.7358 -0.5567 -0.3855
vn -0.5427 -0.3709 -0.7536
vn -0.7653 -0.0583 -0.6410
vn -0.9179 -0.1914 -0.3476
vn -0.6054 -0.6913 0.3945
vn -0.1207 -0.8692 -0.4795
vn 0.1764 -0.1293 -0.9758
vn -0.2530 -0.7745 -0.5798
vn 0.6829 -0.7297 0.0351
vn -0.0118 -0.0039 -0.9999
vn 0.8922 -0.2004 -0.4048
vn 0.9293 -0.2235 -0.2941
vn 0.8214 -0.3026 0.4834
vn 0.3259 -0.7029 0.6322
vn 0.5221 -0.6555 0.5456
vn 0.1845 -0.6164 0.7655
vn -0.7359 -0.5568 -0.3854
vn -0.0818 -0.9551 -0.2847
vn -0.2466 -0.6068 0.7556
vn -0.0039 -0.7302 0.6833
vn -0.7361 -0.5334 -0.4167
vn -0.0039 -0.7031 0.7111
vn -0.0039 0.9335 0.3585
vn 0.0983 0.9638 0.2478
vn -0.0040 0.8789 0.4769
vn -0.2474 0.9463 0.2081
vn 0.0355 0.8867 0.4610
vn 0.0512 0.3347 0.9409
vn 0.7148 0.6990 -0.0198
vn -0.0433 0.9637 0.2636
vn 0.7377 -0.0276 0.6746
vn -0.1852 0.9180 -0.3507
vn -0.2720 0.9105 0.3114
vn 0.7814 0.5694 -0.2553
vn 0.7550 0.0672 0.6522
vn -0.6317 0.6709 0.3884
vn 0.6712 0.6162 -0.4121
vn -0.1699 0.8019 0.5728
vn -0.4642 0.5735 -0.6749
vn -0.8838 0.4517 -0.1218
vn -0.3798 0.5755 -0.7243
vn -0.9889 0.1290 -0.0742
vn -0.3486 -0.1763 0.9205
vn -0.9981 0.0352 0.0509
vn -0.4212 -0.3818 0.8227
vn 0.0512 0.3346 0.9410
vn -0.9471 -0.0585 0.3157
vn -0.6093 0.3499 0.7116
vn -0.4190 -0.4660 0.7793
vn -0.3973 -0.0433 0.9167
vn -0.5610 0.0040 0.8278
vn -0.2473 0.9463 0.2081
vn -0.0039 -0.4268 0.9043
vn -0.0747 0.4126 0.9078
vn 0.0983 0.9638 0.2479
vn -0.0039 0.0514 0.9987
vn -0.0039 0.8790 0.4769
vn 0.7324 -0.5365 -0.4191
vn 0.3630 -0.4644 -0.8078
vn 0.0741 -0.9557 -0.2847
vn 0.7322 -0.5599 -0.3877
vn 0.5372 -0.3724 -0.7568
vn 0.7621 -0.0586 -0.6448
vn 0.9166 -0.1928 -0.3501
vn 0.6004 -0.6946 0.3964
vn 0.1131 -0.8700 -0.4799
vn -0.1840 -0.1291 -0.9744
vn 0.2456 -0.7760 -0.5810
vn 0.0039 -0.0039 -1.0000
vn -0.6870 -0.7258 0.0350
vn -0.8938 -0.1990 -0.4019
vn -0.9303 -0.2219 -0.2920
vn -0.8239 -0.3007 0.4804
vn -0.3329 -0.7011 0.6306
vn -0.5278 -0.6528 0.5434
vn 0.6004 -0.6946 0.3963
vn -0.1921 -0.6154 0.7644
vn 0.7323 -0.5599 -0.3876
vn 0.0741 -0.9557 -0.2848
vn 0.2393 -0.6080 0.7570
vn -0.0040 -0.7032 0.7110
vn 0.1134 -0.9584 0.2621
vn -0.3878 -0.7952 0.4662
vn 0.0903 -0.8434 0.5296
vn -0.1523 -0.7930 0.5899
vn 0.0900 -0.7712 0.6302
vn 0.0900 -0.7003 0.7081
vn -0.1059 -0.6628 0.7413
vn 0.1691 -0.6647 0.7277
vn 0.4921 -0.5001 0.7125
vn 0.3891 -0.5855 0.7112
vn 0.3333 -0.5293 0.7802
vn 0.6600 -0.3438 0.6679
vn 0.2233 -0.6853 0.6932
vn -0.0039 -0.5520 0.8339
vn 0.3570 -0.6159 0.7023
vn 0.6034 -0.4378 0.6665
vn 0.5373 -0.4902 0.6863
vn 0.3899 -0.5080 0.7680
vn 0.2866 -0.4673 0.8363
vn -0.0039 -0.4769 0.8790
vn 0.5785 -0.3975 0.7123
vn 0.2788 -0.5693 0.7734
vn -0.0039 -0.6242 0.7812
vn 0.5436 -0.4967 0.6766
vn 0.5857 -0.4285 0.6880
vn 0.8295 -0.2162 0.5150
vn 0.9001 -0.1611 0.4048
vn 0.5556 -0.5083 0.6580
vn 0.8822 -0.2549 0.3960
vn 0.9950 0.0905 0.0433
vn 0.9614 0.1780 0.2097
vn 0.9384 0.3049 0.1623
vn 0.9727 0.0591 0.2245
vn 0.9755 0.2172 0.0355
vn 0.9995 0.0277 -0.0118
vn 0.9520 -0.1225 0.2805
vn 0.8098 -0.0665 -0.5829
vn 0.9134 -0.0510 -0.4038
vn 0.5516 0.1995 -0.8099
vn 0.3344 0.1377 -0.9323
vn 0.7953 0.0901 -0.5995
vn 0.1682 0.4734 -0.8647
vn 0.1835 0.3319 -0.9253
vn 0.6705 0.3176 -0.6705
vn -0.2851 0.5272 -0.8005
vn -0.1221 0.7363 -0.6655
vn 0.0510 0.4198 -0.9062
vn 0.7915 0.2875 -0.5394
vn 0.7196 0.2477 -0.6487
vn -0.5774 0.6638 -0.4753
vn -0.0508 0.4575 -0.8877
vn 0.5469 0.4525 -0.7043
vn -0.3546 0.5105 -0.7833
vn -0.1368 0.5824 -0.8013
vn 0.5384 0.7113 -0.4519
vn -0.2862 0.5215 -0.8038
vn -0.1223 0.9902 -0.0671
vn -0.3489 0.6548 -0.6705
vn -0.5436 0.6766 -0.4967
vn -0.6458 0.6223 -0.4423
vn -0.4760 0.8615 0.1770
vn -0.6028 0.7761 0.1852
vn -0.7346 0.6482 0.2004
vn -0.6250 0.6721 0.3970
vn 0.0984 0.2478 0.9638
vn 0.1376 0.2319 0.9630
vn 0.0672 0.1621 0.9845
vn -0.6141 0.7471 0.2543
vn -0.0119 0.3280 0.9446
vn 0.5853 -0.3260 0.7424
vn -0.7197 0.6647 0.2005
vn -0.5312 0.8302 0.1692
vn -0.4531 0.6973 0.5555
vn -0.2083 0.5543 0.8059
vn 0.2650 0.2571 0.9294
vn 0.0673 0.5341 0.8427
vn 0.6600 0.3439 0.6679
vn 0.7932 0.5485 0.2644
vn 0.8313 -0.1852 0.5240
vn 0.7755 0.6259 0.0827
vn 0.7766 0.3824 0.5006
vn 0.9391 0.1297 0.3182
vn 0.8504 0.3837 0.3600
vn 0.6665 0.6034 0.4378
vn 0.5793 0.2719 0.7684
vn 0.9160 0.3027 0.2634
vn 0.2867 0.0825 0.9545
vn 0.5252 -0.0592 0.8489
vn 0.9180 -0.1064 0.3821
vn 0.9869 0.1061 -0.1219
vn 0.4445 -0.1377 0.8851
vn 0.9625 -0.2239 0.1532
vn 0.0751 -0.1066 0.9915
vn 0.9585 -0.1065 0.2643
vn 0.7953 0.0901 -0.5994
vn 0.3807 -0.1374 0.9144
vn 0.1934 -0.2407 0.9511
vn 0.7295 -0.1853 0.6585
vn 0.6804 -0.1377 0.7198
vn 0.9945 0.0983 -0.0354
vn 0.7915 0.2874 -0.5394
vn 0.9353 0.0434 0.3512
vn 0.3976 -0.2086 0.8935
vn 0.6031 -0.4139 0.6819
vn 0.4748 -0.3571 0.8044
vn 0.6488 -0.2477 0.7195
vn 0.6116 -0.2407 0.7536
vn 0.3971 -0.2713 0.8768
vn 0.4066 -0.1777 0.8962
vn 0.3581 -0.3188 0.8776
vn 0.9290 -0.0435 0.3676
vn 0.7195 0.2477 -0.6488
vn 0.4135 -0.2402 0.8782
vn 0.9549 0.0354 0.2948
vn 0.5469 0.4525 -0.7044
vn 0.4297 -0.3114 0.8476
vn 0.7941 0.3753 0.4780
vn 0.4063 0.1380 0.9033
vn 0.4291 -0.4055 0.8071
vn 0.5383 -0.4126 0.7348
vn 0.1841 -0.6464 -0.7405
vn -0.0040 -0.4582 -0.8889
vn -0.0039 -0.9829 0.1840
vn 0.6221 -0.7629 0.1760
vn -0.0039 -0.9487 0.3162
vn 0.8760 0.1689 -0.4518
vn 0.6543 -0.7092 0.2625
vn -0.0039 -0.9748 0.2231
vn 0.9864 0.0589 0.1533
vn 0.5168 0.8561 -0.0039
vn 0.4737 0.7947 -0.3797
vn -0.0039 0.9708 -0.2397
vn -0.0039 0.9996 -0.0277
vn -0.0039 0.9893 0.1458
vn 0.6137 0.7800 0.1227
vn -0.0039 0.9935 0.1139
vn 0.9887 0.0354 0.1457
vn 0.7070 0.6991 0.1066
vn -0.0039 0.9966 0.0827
vn 0.7294 -0.6585 0.1853
vn 0.9870 -0.1376 0.0826
vn 0.5994 -0.7953 0.0901
vn 0.7811 -0.6241 0.0196
vn 0.9908 0.1302 0.0355
vn 0.6821 0.7294 0.0513
vn -0.0039 0.9959 -0.0905
vn 0.9974 0.0276 -0.0670
vn 0.7350 -0.6721 -0.0904
vn 0.6627 -0.7097 -0.2392
vn 0.6764 0.7318 -0.0831
vn 0.6319 0.7262 -0.2708
vn 0.9410 0.0512 -0.3346
vn 0.5625 -0.6647 -0.4917
vn -0.0038 -0.8079 -0.5893
vn 0.4853 0.7220 -0.4932
vn -0.0039 0.8052 -0.5930
vn 0.7591 0.0511 -0.6490
vn 0.4023 -0.4960 -0.7695
vn -0.0038 -0.5191 -0.8547
vn 0.4107 0.4341 -0.8018
vn -0.0039 0.3721 -0.9282
vn 0.5525 -0.1058 -0.8268
vn 0.2618 -0.1211 -0.9575
vn -0.0039 -0.1370 -0.9906
vn -0.1446 -0.9810 0.1289
vn -0.0744 -0.9663 0.2465
vn -0.1135 -0.9895 0.0899
vn 0.6829 -0.7297 0.0352
vn 0.4888 -0.8720 0.0273
vn -0.0509 -0.9987 -0.0040
vn 0.2640 -0.4610 0.8472
vn -0.5496 -0.7600 0.3469
vn -0.6357 -0.6591 -0.4017
vn -0.1371 -0.9831 -0.1214
vn -0.0898 -0.9876 -0.1288
vn 0.2231 -0.9043 -0.3640
vn -0.4473 -0.7507 -0.4862
vn -0.5427 -0.3710 -0.7536
vn -0.3697 -0.4631 -0.8055
vn -0.0039 -0.8143 -0.5805
vn -0.0039 -0.9829 -0.1840
vn -0.3702 -0.9001 -0.2299
vn -0.0039 -0.9936 -0.1130
vn -0.3924 -0.8585 -0.3302
vn -0.1915 -0.8325 -0.5198
vn -0.3168 -0.9348 -0.1603
vn -0.0039 -0.9994 -0.0353
vn -0.7442 -0.6352 -0.2065
vn -0.4640 -0.8306 -0.3080
vn -0.2299 -0.9704 -0.0741
vn -0.0039 -0.9987 -0.0509
vn -0.2691 -0.9631 0.0039
vn -0.3851 -0.8674 -0.3151
vn 0.2699 -0.9507 0.1526
vn 0.0274 -0.9427 -0.3325
vn 0.3811 -0.9075 -0.1768
vn -0.2383 -0.9415 -0.2383
vn 0.0038 -0.9845 -0.1751
vn 0.1362 -0.9618 -0.2375
vn 0.0039 -0.8602 -0.5099
vn -0.0897 -0.9947 0.0507
vn 0.3948 -0.9187 -0.0117
vn 0.1681 -0.9739 -0.1525
vn -0.5434 -0.8093 0.2228
vn -0.0980 -0.8662 0.4899
vn -0.7532 -0.6517 0.0897
vn -0.5514 -0.8017 0.2307
vn -0.8536 -0.5028 -0.1364
vn 0.2710 -0.7188 0.6402
vn -0.7496 -0.5865 -0.3068
vn 0.1600 -0.9560 -0.2459
vn 0.9299 -0.3413 0.1373
vn -0.7197 -0.4629 -0.5174
vn -0.1448 -0.4503 -0.8810
vn 0.7501 -0.2395 -0.6165
vn 0.0273 -0.7068 -0.7069
vn -0.6429 -0.6662 -0.3779
vn 0.5733 -0.7840 -0.2379
vn 0.0117 -0.9915 -0.1293
vn 0.1129 -0.9932 -0.0273
vn 0.1130 -0.9780 -0.1754
vn 0.6140 -0.7548 0.2307
vn 0.0665 -0.9972 -0.0352
vn 0.0196 -0.9841 0.1764
vn 0.0274 -0.9990 -0.0353
vn 0.0664 -0.9972 0.0352
vn -0.6973 -0.7051 -0.1286
vn -0.0742 -0.9256 0.3711
vn 0.6153 -0.7878 0.0274
vn 0.8167 -0.4695 0.3354
vn -0.8234 -0.5658 0.0429
vn 0.3404 -0.9352 0.0978
vn -0.1910 -0.8849 0.4249
vn -0.7689 -0.6050 -0.2069
vn -0.7297 -0.6517 0.2068
vn -0.9313 -0.3000 -0.2065
vn 0.1055 -0.9257 0.3632
vn -0.7910 -0.6118 -0.0038
vn 0.9210 -0.3880 -0.0353
vn 0.3885 -0.6555 -0.6476
vn 0.9235 -0.2712 -0.2712
vn -0.6130 -0.4099 -0.6754
vn 0.3400 -0.5510 -0.7621
vn 0.1678 -0.9639 -0.2068
vn -0.6448 -0.6448 -0.4103
vn -0.7059 -0.7059 -0.0585
vn -0.8120 -0.5711 -0.1204
vn -0.3232 -0.9386 0.1207
vn -0.8061 -0.5880 0.0662
vn 0.0430 -0.9806 0.1914
vn 0.4671 -0.8832 0.0432
vn -0.7518 -0.6584 0.0351
vn 0.3717 -0.9115 0.1760
vn -0.1292 -0.9907 -0.0430
vn 0.0272 -0.9932 0.1129
vn -0.2311 -0.9672 0.1057
vn 0.5838 -0.8111 0.0353
vn -0.0741 -0.9945 -0.0741
vn -0.4026 -0.8560 0.3244
vn -0.4257 -0.8708 0.2460
vn -0.5069 -0.4754 0.7191
vn 0.7489 -0.6627 0.0039
vn 0.4887 -0.8720 0.0274
vn -0.2003 -0.5695 0.7972
vn 0.7187 -0.6951 0.0196
vn 0.7981 -0.6015 -0.0354
vn 0.4571 -0.8869 -0.0664
vn 0.1052 -0.9861 -0.1287
vn -0.4882 -0.8708 -0.0586
vn -0.2075 -0.9356 -0.2857
vn 0.3015 -0.8183 -0.4894
vn -0.4417 -0.7936 -0.4183
vn -0.1599 -0.9403 -0.3004
vn -0.7084 -0.6770 -0.1996
vn -0.6826 -0.6824 -0.2614
vn -0.8690 -0.4949 0.0039
vn -0.4872 -0.8613 0.1442
vn -0.6529 -0.7546 0.0665
vn -0.4972 -0.8496 0.1762
vn -0.1673 -0.9846 -0.0506
vn -0.0039 -0.9906 -0.1370
vn -0.3720 -0.9281 0.0118
vn -0.0040 -0.5700 0.8216
vn -0.5841 -0.7566 0.2940
vn -0.5498 -0.5420 0.6356
vn -0.5670 -0.1525 0.8095
vn -0.1460 0.5090 0.8483
vn -0.0039 0.6107 0.7919
vn -0.1377 0.2872 0.9479
vn 0.1304 0.6520 0.7469
vn -0.0040 0.6748 0.7380
vn -0.0040 0.7782 0.6281
vn -0.2095 0.2806 0.9367
vn -0.1541 0.0909 0.9839
vn -0.0197 0.4922 0.8702
vn -0.0276 0.6191 0.7848
vn 0.0276 0.8869 0.4612
vn -0.4782 0.5414 0.6916
vn 0.0987 0.6202 0.7782
vn -0.4054 0.7203 0.5629
vn 0.4752 0.3888 0.7893
vn -0.1145 0.7699 0.6278
vn 0.6347 0.4928 0.5953
vn 0.3124 0.5655 0.7633
vn 0.2567 0.6755 0.6913
vn 0.9029 0.3509 0.2484
vn 0.4553 0.6452 0.6135
vn 0.9044 0.0593 0.4226
vn 0.2400 0.7357 0.6334
vn 0.6110 0.5558 0.5637
vn 0.9438 -0.0434 0.3278
vn 0.7743 -0.2398 0.5857
vn 0.3741 0.7049 0.6026
vn 0.3521 0.6211 0.7002
vn 0.4220 0.6903 0.5877
vn -0.0039 0.3653 0.9309
vn -0.0039 -0.3748 0.9271
vn 0.3907 -0.0434 0.9195
vn 0.2804 0.4621 0.8413
vn 0.6044 0.3515 0.7150
vn 0.3988 0.7226 0.5646
vn 0.6269 0.6742 0.3904
vn 0.4393 0.5422 0.7163
vn 0.0748 0.6811 0.7284
vn 0.2646 0.9124 0.3121
vn 0.7395 0.3994 0.5418
vn 0.4761 0.6335 0.6099
vn 0.0909 0.4151 0.9052
vn 0.0907 0.6426 0.7608
vn 0.4301 0.5721 0.6984
vn 0.5476 0.5634 0.6186
vn 0.2644 0.5249 0.8090
vn -0.0039 0.5647 0.8253
vn 0.2729 0.6920 0.6683
vn -0.0039 0.7528 0.6582
vn 0.2970 0.7804 0.5503
vn -0.0039 0.8738 0.4863
vn 0.0354 0.8464 0.5314
vn 0.3029 0.7750 0.5547
vn -0.5878 0.6352 0.5010
vn 0.1060 0.9848 -0.1373
vn 0.3993 0.7868 0.4706
vn 0.8147 0.5314 0.2322
vn 0.2319 0.8529 0.4677
vn 0.4233 0.8347 0.3521
vn 0.4705 0.6840 0.5575
vn 0.3506 0.5003 0.7917
vn 0.0670 0.6267 0.7764
vn 0.5639 0.4535 0.6901
vn 0.0750 0.3670 0.9272
vn -0.2644 0.7932 0.5485
vn 0.5637 0.5558 0.6110
vn 0.8403 0.0434 0.5404
vn 0.7904 0.4915 0.3657
vn -0.5379 0.5300 0.6556
vn 0.0748 0.2797 0.9572
vn -0.6665 0.6034 0.4378
vn 0.8781 -0.0433 0.4765
vn 0.2174 0.8418 0.4940
vn 0.8049 0.5772 -0.1374
vn -0.2935 0.9276 -0.2309
vn -0.5548 0.8146 0.1693
vn -0.1529 0.9841 -0.0902
vn 0.3503 0.8621 0.3661
vn -0.3104 0.8840 0.3497
vn -0.1146 0.8574 0.5018
vn 0.5259 0.5813 0.6209
vn -0.3347 0.6971 0.6341
vn -0.5951 0.6582 0.4611
vn 0.1614 0.5788 0.7993
vn 0.5178 0.5970 0.6127
vn -0.7226 0.5117 0.4648
vn 0.1775 0.5720 0.8008
vn -0.6776 0.6149 0.4034
vn -0.7062 0.5957 0.3827
vn 0.9324 0.2951 0.2086
vn -0.5991 0.7792 0.1841
vn 0.0668 0.9458 0.3179
vn -0.6154 0.7800 -0.1137
vn 0.3276 0.9196 -0.2171
vn 0.7480 0.5897 0.3047
vn 0.1227 0.8510 0.5106
vn 0.0669 0.8235 0.5634
vn 0.4546 0.5890 0.6681
vn 0.6364 0.3992 0.6601
vn 0.8467 0.1300 0.5159
vn -0.2003 0.5462 0.8133
vn 0.0981 0.4277 0.8986
vn 0.3357 0.4541 0.8253
vn 0.6594 0.3751 0.6515
vn -0.5712 0.5397 0.6185
vn 0.3577 0.9236 0.1375
vn -0.4296 0.7055 0.5636
vn -0.3905 0.9033 0.1775
vn -0.6624 0.5057 0.5527
vn -0.6632 0.3885 0.6397
vn -0.0040 0.6830 0.7304
vn -0.6033 0.4929 0.6270
vn -0.1936 0.8021 0.5650
vn 0.2485 0.7930 0.5563
vn -0.2923 -0.3001 -0.9080
vn -0.6358 -0.6591 -0.4017
vn -0.9401 -0.2770 -0.1989
vn -0.5495 -0.7600 0.3469
vn -0.4108 0.0039 -0.9117
vn -0.6848 -0.4265 0.5909
vn -0.9628 -0.2378 -0.1287
vn -0.1984 -0.8835 -0.4243
vn -0.6593 -0.4954 0.5656
vn 0.2326 -0.4770 0.8476
vn 0.9759 -0.1620 0.1462
vn 0.3970 -0.5387 0.7431
vn 0.9664 -0.2564 0.0197
vn 0.6870 0.0196 -0.7264
vn -0.4109 0.0039 -0.9117
vn 0.6709 -0.0118 -0.7415
vn -0.2923 -0.3000 -0.9080
vn -0.8125 -0.0661 -0.5792
vn -0.5571 0.1986 -0.8064
vn -0.3413 0.1373 -0.9299
vn -0.7982 0.0896 -0.5957
vn -0.1758 0.4727 -0.8635
vn -0.1910 0.3314 -0.9240
vn -0.6748 0.3159 -0.6670
vn 0.2779 0.5283 -0.8023
vn 0.1143 0.7370 -0.6661
vn -0.0588 0.4196 -0.9058
vn -0.7944 0.2856 -0.5361
vn -0.7233 0.2463 -0.6451
vn 0.5721 0.6668 -0.4775
vn 0.3734 0.8057 -0.4598
vn 0.0430 0.4577 -0.8881
vn -0.5524 0.4505 -0.7013
vn 0.3478 0.5119 -0.7855
vn 0.1291 0.5830 -0.8021
vn -0.5440 0.7083 -0.4500
vn 0.2790 0.5226 -0.8056
vn 0.1145 0.9912 -0.0671
vn 0.3420 0.6566 -0.6723
vn 0.5381 0.6795 -0.4988
vn 0.6412 0.6255 -0.4445
vn 0.4699 0.8647 0.1776
vn 0.5977 0.7798 0.1861
vn 0.6202 0.6755 0.3989
vn -0.1062 0.2476 0.9630
vn 0.7310 0.6520 0.2015
vn -0.0751 0.1620 0.9839
vn -0.1453 0.2316 0.9619
vn 0.6092 0.7507 0.2555
vn 0.0039 0.3280 0.9447
vn 0.7159 0.6684 0.2017
vn 0.4468 0.6997 0.5575
vn 0.2008 0.5551 0.8072
vn -0.2723 0.2565 0.9274
vn -0.0751 0.5338 0.8423
vn -0.0829 0.6514 0.7541
vn -0.6644 0.3421 0.6644
vn -0.7961 0.5451 0.2628
vn -0.6912 0.4491 0.5662
vn -0.8337 -0.1840 0.5206
vn -0.7786 0.6221 0.0822
vn -0.7797 0.3801 0.4976
vn -0.8247 0.5199 0.2228
vn -0.9400 0.1287 0.3159
vn -0.8526 0.3811 0.3575
vn -0.6709 0.6002 0.4355
vn -0.5845 0.2707 0.7649
vn -0.9172 0.3005 0.2615
vn -0.2939 0.0823 0.9523
vn -0.5308 -0.0590 0.8454
vn -0.9192 -0.1056 0.3794
vn -0.9871 0.1053 -0.1209
vn -0.4508 -0.1372 0.8820
vn -0.9631 -0.2222 0.1521
vn -0.0829 -0.1066 0.9908
vn -0.9592 -0.1057 0.2623
vn -0.7982 0.0895 -0.5957
vn -0.3874 -0.1369 0.9117
vn -0.2010 -0.2404 0.9497
vn -0.9946 0.0975 -0.0351
vn -0.6846 -0.1369 0.7159
vn -0.7944 0.2857 -0.5361
vn -0.9363 0.0431 0.3486
vn -0.4042 -0.2080 0.8907
vn -0.9300 -0.0432 0.3650
vn -0.4132 -0.1771 0.8933
vn -0.9556 0.0351 0.2926
vn -0.5524 0.4506 -0.7013
vn -0.5439 0.7083 -0.4500
vn -0.4200 -0.2395 0.8754
vn -0.7970 0.3730 0.4751
vn -0.4361 -0.3104 0.8447
vn -0.4128 0.1376 0.9004
vn -0.4355 -0.4041 0.8044
vn -0.3650 -0.3178 0.8751
vn -0.5439 -0.4109 0.7317
vn -0.4037 -0.2704 0.8740
vn -0.5904 -0.3245 0.7390
vn -0.6165 -0.2395 0.7500
vn -0.4808 -0.3558 0.8014
vn -0.6533 -0.2464 0.7159
vn -0.6080 -0.4119 0.6787
vn -0.7331 -0.1843 0.6547
vn -0.1916 -0.6455 -0.7394
vn -0.0040 -0.9829 0.1841
vn -0.6268 -0.7592 0.1752
vn -0.8778 0.1678 -0.4486
vn -0.6588 -0.7056 0.2611
vn -0.9866 0.0585 0.1520
vn -0.5226 0.8526 -0.0039
vn -0.4797 0.7917 -0.3782
vn -0.0040 0.9708 -0.2397
vn -0.0040 0.9996 -0.0277
vn -0.0040 0.9893 0.1458
vn -0.6186 0.7762 0.1221
vn -0.0040 0.9935 0.1139
vn -0.9889 0.0352 0.1446
vn -0.7109 0.6952 0.1060
vn -0.0040 0.9966 0.0827
vn -0.7331 -0.6547 0.1843
vn -0.9872 -0.1365 0.0819
vn -0.6044 -0.7916 0.0897
vn -0.7841 -0.6203 0.0195
vn -0.9910 0.1292 0.0353
vn -0.6863 0.7255 0.0510
vn -0.0040 0.9959 -0.0905
vn -0.9974 0.0274 -0.0665
vn -0.7385 -0.6682 -0.0899
vn -0.6670 -0.7060 -0.2379
vn -0.6807 0.7279 -0.0826
vn -0.6366 0.7226 -0.2695
vn -0.0040 0.9309 -0.3653
vn -0.9419 0.0508 -0.3321
vn -0.5678 -0.6618 -0.4895
vn -0.0039 -0.8079 -0.5893
vn -0.4913 0.7192 -0.4913
vn -0.0040 0.8052 -0.5931
vn -0.7624 0.0508 -0.6451
vn -0.4088 -0.4945 -0.7670
vn -0.0039 -0.5191 -0.8547
vn -0.4171 0.4327 -0.7992
vn -0.0040 0.3721 -0.9282
vn -0.5579 -0.1054 -0.8232
vn -0.2691 -0.1209 -0.9555
vn -0.3330 -0.7011 0.6306
vn -0.0040 -0.7301 0.6833
vn 0.1370 -0.9821 0.1291
vn 0.0666 -0.9668 0.2466
vn 0.1058 -0.9903 0.0900
vn -0.6870 -0.7258 0.0349
vn -0.4947 -0.8686 0.0273
vn -0.2713 -0.4601 0.8454
vn 0.5441 -0.7633 0.3484
vn 0.2457 -0.7760 -0.5809
vn 0.6310 -0.6624 -0.4037
vn 0.1294 -0.9841 -0.1215
vn 0.0821 -0.9883 -0.1289
vn -0.2305 -0.9027 -0.3634
vn 0.4410 -0.7533 -0.4879
vn 0.5372 -0.3725 -0.7567
vn 0.3629 -0.4644 -0.8078
vn -0.0038 -0.8143 -0.5805
vn 0.3634 -0.9026 -0.2305
vn 0.3858 -0.8611 -0.3312
vn 0.1840 -0.8338 -0.5206
vn 0.3098 -0.9371 -0.1608
vn 0.7407 -0.6389 -0.2077
vn 0.2225 -0.9721 -0.0742
vn 0.4578 -0.8336 -0.3091
vn 0.1598 -0.9859 -0.0507
vn 0.2618 -0.9651 0.0039
vn 0.3652 -0.9308 0.0118
vn -0.2772 -0.9487 0.1522
vn -0.0039 -0.5700 0.8216
vn -0.0352 -0.9425 -0.3324
vn -0.3878 -0.9048 -0.1763
vn 0.2309 -0.9432 -0.2388
vn -0.0116 -0.9845 -0.1751
vn -0.1439 -0.9607 -0.2372
vn -0.0117 -0.8602 -0.5099
vn 0.3784 -0.8700 -0.3160
vn 0.0820 -0.9953 0.0507
vn -0.4014 -0.9158 -0.0117
vn -0.1757 -0.9726 -0.1523
vn 0.5379 -0.8128 0.2238
vn 0.0902 -0.8669 0.4903
vn 0.7498 -0.6555 0.0903
vn 0.8514 -0.5062 -0.1373
vn 0.5459 -0.8051 0.2317
vn -0.2783 -0.7172 0.6389
vn 0.7462 -0.5899 -0.3086
vn -0.1676 -0.9548 -0.2455
vn -0.9309 -0.3389 0.1363
vn 0.7159 -0.4655 -0.5203
vn 0.1372 -0.4508 -0.8820
vn -0.7534 -0.2381 -0.6129
vn -0.0352 -0.7067 -0.7067
vn 0.6383 -0.6696 -0.3798
vn -0.5786 -0.7805 -0.2369
vn -0.1207 -0.9771 -0.1752
vn 0.7657 -0.6086 -0.2081
vn 0.6933 -0.7090 -0.1293
vn -0.0274 -0.9839 0.1764
vn -0.6188 -0.7512 0.2296
vn 0.0664 -0.9261 0.3713
vn -0.0195 -0.9914 -0.1293
vn -0.1206 -0.9923 -0.0272
vn 0.8209 -0.5695 0.0432
vn -0.0743 -0.9966 -0.0352
vn 0.1834 -0.8862 0.4255
vn -0.0353 -0.9988 -0.0353
vn -0.0742 -0.9966 0.0352
vn -0.6202 -0.7840 0.0273
vn -0.8193 -0.4665 0.3332
vn -0.3473 -0.9327 0.0975
vn -0.9247 -0.2692 -0.2692
vn 0.1215 -0.9917 -0.0431
vn -0.0350 -0.9930 0.1129
vn -0.4732 -0.8799 0.0430
vn 0.0663 -0.9950 -0.0741
vn -0.5890 -0.8074 0.0351
vn 0.3960 -0.8586 0.3254
vn 0.4981 -0.4746 0.7257
vn -0.7523 -0.6588 0.0039
vn 0.1928 -0.5703 0.7985
vn -0.7185 -0.6952 0.0194
vn -0.7972 -0.6027 -0.0350
vn -0.3086 -0.8163 -0.4882
vn -0.1052 -0.9861 -0.1286
vn 0.1520 -0.9392 -0.3079
vn 0.4354 -0.7964 -0.4198
vn 0.2075 -0.9356 -0.2857
vn -0.4633 -0.8837 -0.0662
vn -0.3783 -0.9089 0.1755
vn 0.4882 -0.8708 -0.0586
vn 0.7084 -0.6770 -0.1996
vn 0.6862 -0.6783 -0.2627
vn 0.8704 -0.4923 0.0039
vn 0.4812 -0.8646 0.1448
vn 0.7523 -0.6578 0.0355
vn -0.0508 -0.9802 0.1914
vn 0.6483 -0.7584 0.0668
vn 0.3163 -0.9409 0.1211
vn 0.8034 -0.5917 0.0666
vn 0.8093 -0.5747 -0.1212
vn 0.7020 -0.7098 -0.0588
vn -0.1753 -0.9626 -0.2065
vn 0.6402 -0.6481 -0.4124
vn -0.3469 -0.5496 -0.7600
vn -0.3952 -0.6534 -0.6456
vn 0.6081 -0.4119 -0.6787
vn -0.9222 -0.3852 -0.0350
vn 0.7881 -0.6156 -0.0039
vn -0.1132 -0.9249 0.3629
vn 0.9303 -0.3022 -0.2080
vn 0.7261 -0.6554 0.2080
vn 0.4913 -0.8529 0.1769
vn 0.5789 -0.7600 0.2953
vn 0.5443 -0.5443 0.6383
vn 0.5617 -0.1532 0.8131
vn 0.1383 0.5095 0.8493
vn 0.1300 0.2875 0.9489
vn -0.1382 0.6513 0.7461
vn -0.0039 0.6748 0.7380
vn -0.0039 0.7782 0.6280
vn 0.2019 0.2810 0.9382
vn 0.1452 0.0903 0.9853
vn -0.0039 0.5261 0.8504
vn -0.2559 0.7914 0.5552
vn -0.0040 0.8738 0.4863
vn 0.0197 0.6193 0.7849
vn 0.0118 0.4923 0.8704
vn -0.0118 0.6830 0.7303
vn -0.0355 0.8866 0.4611
vn 0.4700 0.5490 0.6912
vn -0.1065 0.6197 0.7776
vn 0.3921 0.7249 0.5664
vn -0.4812 0.3873 0.7864
vn 0.1066 0.7706 0.6283
vn -0.6393 0.4903 0.5923
vn -0.3195 0.5641 0.7614
vn -0.2641 0.6741 0.6899
vn -0.8672 0.2551 0.4277
vn -0.9043 0.3484 0.2466
vn -0.9058 0.0588 0.4196
vn -0.3668 0.9188 0.1459
vn -0.6638 0.3732 0.6481
vn 0.3843 0.9073 0.1704
vn 0.4232 0.7079 0.5655
vn 0.5939 0.7040 0.3894
vn -0.3426 0.4529 0.8231
vn 0.5658 0.5421 0.6212
vn 0.6580 0.5083 0.5556
vn -0.8489 0.1291 0.5125
vn -0.1059 0.4274 0.8979
vn 0.6588 0.3905 0.6430
vn 0.5983 0.4952 0.6300
vn 0.1928 0.5470 0.8146
vn 0.1859 0.8033 0.5659
vn -0.6412 0.3966 0.6569
vn -0.1305 0.8502 0.5101
vn -0.4608 0.5869 0.6657
vn -0.0748 0.8230 0.5631
vn -0.7497 0.5927 0.2944
vn -0.5236 0.5945 0.6102
vn -0.3346 0.9172 -0.2165
vn -0.9349 0.2934 0.1995
vn 0.5940 0.7829 0.1849
vn -0.0746 0.9453 0.3176
vn 0.6110 0.7845 -0.1064
vn -0.1852 0.5712 0.7997
vn 0.7000 0.5972 0.3915
vn -0.1691 0.5781 0.7983
vn 0.6766 0.6133 0.4076
vn 0.7217 0.5088 0.4693
vn 0.1068 0.8581 0.5022
vn 0.5878 0.6589 0.4695
vn 0.3277 0.6989 0.6357
vn -0.5316 0.5789 0.6183
vn 0.3032 0.8861 0.3505
vn -0.3572 0.8597 0.3651
vn -0.2474 0.7343 0.6322
vn 0.1452 0.9853 -0.0903
vn -0.4615 0.6429 0.6114
vn 0.5494 0.8181 0.1700
vn -0.6159 0.5531 0.5610
vn -0.9446 -0.0431 0.3253
vn -0.3809 0.7029 0.6008
vn -0.3590 0.6193 0.6983
vn -0.3807 -0.2473 0.8910
vn -0.4285 0.6880 0.5857
vn -0.0040 0.3653 0.9309
vn -0.0040 -0.3747 0.9271
vn -0.2877 0.4611 0.8394
vn -0.6093 0.3499 0.7115
vn -0.4054 0.7203 0.5628
vn -0.6316 0.6709 0.3885
vn -0.4456 0.5403 0.7138
vn -0.0826 0.6807 0.7279
vn -0.7431 0.3971 0.5386
vn -0.4822 0.6311 0.6076
vn -0.0433 0.9637 0.2635
vn -0.0988 0.4148 0.9046
vn -0.4365 0.5702 0.6960
vn -0.5531 0.5610 0.6159
vn -0.2717 0.5238 0.8073
vn -0.0040 0.5647 0.8253
vn -0.2802 0.6905 0.6668
vn -0.0040 0.7528 0.6582
vn -0.3042 0.7783 0.5492
vn -0.0433 0.8461 0.5313
vn -0.3100 0.7731 0.5533
vn 0.5826 0.6381 0.5033
vn -0.1137 0.9840 -0.1372
vn -0.4059 0.7843 0.4691
vn -0.8173 0.5280 0.2307
vn -0.4766 0.6815 0.5554
vn -0.4298 0.8320 0.3509
vn -0.2393 0.8513 0.4669
vn -0.3575 0.4989 0.7895
vn -0.5693 0.4515 0.6871
vn -0.0749 0.6263 0.7760
vn -0.5691 0.5533 0.6083
vn -0.0828 0.3667 0.9266
vn -0.7933 0.4885 0.3635
vn -0.8426 0.0431 0.5369
vn -0.8077 0.5736 -0.1366
vn -0.8799 -0.0430 0.4732
vn 0.2864 0.9297 -0.2314
vn -0.2249 0.8404 0.4932
vn -0.0827 0.2795 0.9566
vn 0.6621 0.6066 0.4401
vn 0.5322 0.5322 0.6584
vn 0.2570 0.7949 0.5497
vn 0.6311 -0.6624 -0.4037
vn 0.2851 -0.3008 -0.9101
vn 0.9391 -0.2790 -0.2004
vn 0.4043 0.0039 -0.9146
vn 0.9622 -0.2396 -0.1296
vn 0.6806 -0.4288 0.5941
vn -0.2713 -0.4600 0.8454
vn 0.1910 -0.8849 -0.4249
vn 0.6548 -0.4980 0.5685
vn -0.2400 -0.4761 0.8460
vn -0.9763 -0.1607 0.1450
vn -0.4036 -0.5369 0.7408
vn -0.9669 -0.2544 0.0195
vn -0.6912 0.0195 -0.7224
vn -0.6752 -0.0117 -0.7376
vn 0.2852 -0.3007 -0.9101
vn -0.9596 0.0431 -0.2781
vn -0.6502 -0.5411 -0.5334
vn -0.8470 -0.4488 -0.2849
vn -0.8931 -0.1677 -0.4173
vn -0.9893 -0.0196 0.1447
vn -0.2221 -0.4715 -0.8534
vn -0.1132 -0.7762 -0.6202
vn 0.4957 -0.5738 -0.6519
vn -0.8013 0.1368 0.5824
vn -0.4892 -0.1135 0.8648
vn -0.2234 -0.9601 0.1685
vn 0.2949 -0.3972 0.8691
vn -0.7462 -0.5117 -0.4258
vn 0.3171 -0.9433 0.0978
vn -0.5764 -0.5373 0.6157
vn -0.4858 -0.7267 -0.4858
vn -0.7521 -0.5105 -0.4169
vn -0.9743 0.2152 -0.0665
vn -0.4765 0.2638 0.8387
vn 0.2950 -0.3972 0.8690
vn -0.4891 -0.1134 0.8648
vn -0.8017 0.2307 0.5514
vn -0.9943 -0.0429 -0.0975
vn -0.8280 0.1295 0.5455
vn -0.8320 0.2773 0.4805
vn -0.9970 0.0508 0.0586
vn -0.8591 -0.3771 -0.3460
vn -0.9710 0.2145 -0.1053
vn -0.9829 0.1684 0.0744
vn -0.7947 -0.2153 -0.5676
vn -0.8292 -0.1674 -0.5333
vn -0.9911 0.0979 0.0901
vn -0.2067 -0.4484 -0.8696
vn -0.8393 -0.0976 -0.5348
vn -0.9963 0.0742 0.0429
vn -0.1750 -0.3850 -0.9062
vn -0.1755 -0.2379 -0.9553
vn -0.8219 -0.0740 -0.5648
vn -0.2301 -0.1365 -0.9635
vn -0.9273 -0.0430 -0.3717
vn -0.9798 0.0195 0.1990
vn -0.9936 -0.0039 0.1130
vn -0.0976 -0.1210 -0.9878
vn 0.5835 -0.0509 -0.8105
vn -0.9102 -0.0977 -0.4024
vn -0.9956 -0.0273 0.0898
vn -0.1669 -0.2291 -0.9590
vn -0.9013 -0.0819 -0.4253
vn -0.9932 -0.0273 0.1129
vn -0.1604 -0.1604 -0.9739
vn -0.8674 -0.1828 -0.4629
vn -0.9808 -0.0664 0.1836
vn -0.0820 -0.1759 -0.9810
vn -0.9026 -0.1524 -0.4025
vn -0.9914 -0.0196 0.1293
vn -0.0665 -0.2466 -0.9668
vn -0.8321 -0.1133 -0.5430
vn -0.9800 -0.1991 -0.0039
vn -0.7526 -0.1988 -0.6278
vn -0.4101 -0.9101 -0.0585
vn 0.0899 -0.5818 -0.8083
vn -0.0428 -0.2996 -0.9531
vn 0.3496 -0.2003 -0.9153
vn 0.7577 -0.2552 -0.6007
vn 0.7257 -0.1530 -0.6708
vn 0.6958 -0.0983 -0.7115
vn 0.9797 -0.1377 -0.1456
vn 0.7267 -0.1768 -0.6638
vn 0.9640 -0.1298 -0.2321
vn 0.9806 -0.1536 -0.1221
vn 0.8611 -0.1298 0.4915
vn 0.7229 -0.1758 -0.6682
vn 0.9827 -0.1617 -0.0905
vn 0.8193 -0.0745 -0.5685
vn 0.9891 -0.0828 -0.1222
vn 0.8502 -0.1305 0.5101
vn 0.8772 -0.1062 0.4681
vn 0.9943 -0.0118 -0.1061
vn 0.8869 -0.0276 0.4612
vn 0.1457 -0.0433 0.9884
vn 0.9832 0.0671 -0.1698
vn 0.8814 0.0435 0.4704
vn 0.1778 -0.0040 0.9841
vn 0.1620 0.0751 0.9839
vn 0.1060 -0.0432 0.9934
vn -0.7225 0.0117 0.6912
vn -0.7488 -0.0196 0.6625
vn -0.6068 0.0196 0.7946
vn -0.9798 0.0195 0.1991
vn -0.6789 0.1530 0.7181
vn -0.9963 0.0743 0.0430
vn -0.7876 0.0353 0.6152
vn -0.9932 -0.0272 0.1130
vn -0.0118 -0.0749 0.9971
vn -0.8079 -0.0039 0.5893
vn -0.9807 -0.0664 0.1837
vn 0.7286 -0.2166 0.6498
vn -0.2559 -0.1851 0.9488
vn -0.8239 -0.0976 0.5583
vn -0.9914 -0.0196 0.1294
vn -0.2238 -0.4437 0.8678
vn -0.8813 -0.2702 0.3878
vn -0.4101 -0.9102 -0.0585
vn -0.2319 -0.6719 0.7034
vn -0.1524 -0.7930 0.5899
vn 0.3890 -0.5855 0.7112
vn 0.6099 -0.5154 0.6020
vn 0.7939 -0.3436 0.5017
vn 0.9689 -0.2236 0.1059
vn 0.9823 -0.1775 -0.0592
vn 0.9777 -0.1139 -0.1767
vn 0.8960 -0.1683 -0.4109
vn 0.8616 0.0118 -0.5075
vn 0.6495 0.1142 -0.7518
vn 0.4428 0.1136 -0.8894
vn 0.7071 -0.0117 -0.7071
vn 0.5121 -0.3088 -0.8015
vn 0.9590 0.0434 -0.2802
vn 0.8447 -0.4518 -0.2869
vn 0.6456 -0.5439 -0.5361
vn 0.8915 -0.1689 -0.4203
vn 0.9891 -0.0197 0.1458
vn 0.2147 -0.4723 -0.8549
vn 0.1054 -0.7769 -0.6208
vn -0.5016 -0.5716 -0.6494
vn 0.4832 -0.1139 0.8681
vn 0.7985 0.1377 0.5860
vn 0.2159 -0.9617 0.1688
vn -0.3021 -0.3963 0.8670
vn 0.7427 -0.5147 -0.4283
vn -0.3241 -0.9410 0.0976
vn 0.5712 -0.5397 0.6185
vn 0.4798 -0.7294 -0.4876
vn 0.7486 -0.5135 -0.4194
vn 0.9739 0.2169 -0.0670
vn 0.4704 0.2648 0.8418
vn -0.3021 -0.3962 0.8670
vn 0.4831 -0.1139 0.8681
vn 0.7989 0.2322 0.5549
vn 0.7985 0.1376 0.5861
vn 0.9942 -0.0432 -0.0982
vn 0.8256 0.1303 0.5491
vn 0.8296 0.2792 0.4836
vn 0.9969 0.0512 0.0591
vn 0.8571 -0.3796 -0.3483
vn 0.9706 0.2161 -0.1061
vn 0.9826 0.1697 0.0749
vn 0.7917 -0.2167 -0.5712
vn 0.8267 -0.1685 -0.5368
vn 0.9910 0.0987 0.0908
vn 0.1992 -0.4492 -0.8710
vn 0.8370 -0.0983 -0.5383
vn 0.9963 0.0748 0.0433
vn 0.1675 -0.3855 -0.9074
vn 0.1679 -0.2382 -0.9566
vn 0.8194 -0.0745 -0.5684
vn 0.2227 -0.1368 -0.9652
vn 0.9262 -0.0434 -0.3745
vn 0.9795 0.0197 0.2006
vn 0.9935 -0.0039 0.1139
vn 0.0899 -0.1211 -0.9886
vn -0.5886 -0.0507 -0.8068
vn 0.9089 -0.0984 -0.4053
vn 0.9955 -0.0275 0.0905
vn 0.1594 -0.2294 -0.9602
vn 0.8999 -0.0825 -0.4283
vn 0.9931 -0.0275 0.1138
vn 0.1527 -0.1606 -0.9751
vn 0.8654 -0.1840 -0.4660
vn 0.9804 -0.0669 0.1850
vn 0.0742 -0.1760 -0.9816
vn 0.9012 -0.1535 -0.4054
vn 0.9913 -0.0197 0.1303
vn 0.0587 -0.2467 -0.9673
vn 0.8296 -0.1140 -0.5465
vn 0.9797 -0.2007 -0.0040
vn 0.7492 -0.2000 -0.6315
vn -0.0976 -0.5815 -0.8077
vn 0.0350 -0.2997 -0.9534
vn -0.3564 -0.1998 -0.9127
vn -0.7610 -0.2537 -0.5971
vn -0.7294 -0.1521 -0.6670
vn -0.6998 -0.0977 -0.7076
vn -0.9800 -0.1367 -0.1445
vn -0.7304 -0.1758 -0.6601
vn -0.9645 -0.1289 -0.2304
vn -0.9809 -0.1524 -0.1211
vn -0.8631 -0.1289 0.4882
vn -0.7266 -0.1748 -0.6644
vn -0.9829 -0.1606 -0.0901
vn -0.8219 -0.0740 -0.5649
vn -0.9892 -0.0821 -0.1212
vn -0.8523 -0.1296 0.5067
vn -0.8791 -0.1055 0.4649
vn -0.9944 -0.0117 -0.1053
vn -0.8885 -0.0274 0.4580
vn -0.1534 -0.0433 0.9872
vn -0.9835 0.0666 -0.1685
vn -0.8831 0.0432 0.4671
vn -0.1855 -0.0040 0.9826
vn -0.1697 0.0750 0.9826
vn -0.1137 -0.0432 0.9926
vn 0.7187 0.0118 0.6952
vn 0.7453 -0.0197 0.6664
vn 0.0039 -0.0749 0.9972
vn 0.6018 0.0197 0.7984
vn 0.9955 -0.0276 0.0906
vn 0.6746 0.1539 0.7219
vn 0.9963 0.0748 0.0434
vn 0.7846 0.0355 0.6190
vn 0.9931 -0.0275 0.1139
vn 0.8051 -0.0039 0.5931
vn 0.9804 -0.0669 0.1851
vn 0.2485 -0.1854 0.9507
vn 0.8213 -0.0982 0.5619
vn 0.9913 -0.0198 0.1304
vn -0.7323 -0.2154 0.6461
vn 0.2163 -0.4445 0.8693
vn 0.8795 -0.2721 0.3905
vn 0.9797 -0.2007 -0.0039
vn 0.4036 -0.9131 -0.0588
vn -0.9826 -0.1762 -0.0588
vn -0.7968 -0.3415 0.4985
vn 0.2244 -0.6731 0.7046
vn 0.1448 -0.7939 0.5906
vn 0.0982 -0.6633 0.7419
vn -0.3957 -0.5837 0.7090
vn -0.6148 -0.5130 0.5991
vn -0.9694 -0.2219 0.1051
vn -0.9780 -0.1130 -0.1753
vn -0.8976 -0.1671 -0.4080
vn -0.8636 0.0117 -0.5041
vn -0.6540 0.1136 -0.7480
vn -0.4491 0.1132 -0.8863
vn -0.7109 -0.0117 -0.7032
vn -0.5179 -0.3076 -0.7982
vn 0.6568 -0.6410 0.3972
vn 0.3421 -0.6565 0.6723
vn 0.6774 -0.5991 0.4268
vn 0.8335 -0.1936 0.5175
vn 0.6429 -0.4614 0.6114
vn 0.8195 0.2890 0.4949
vn 0.5091 0.1855 0.8405
vn -0.3481 -0.3011 0.8878
vn 0.7514 0.3029 0.5862
vn 0.9679 -0.0355 0.2489
vn 0.4730 -0.8796 -0.0508
vn 0.1771 -0.5631 0.8072
vn 0.3199 0.6123 0.7230
vn -0.7128 0.1300 0.6892
vn -0.0748 0.5631 0.8230
vn -0.7107 0.0275 0.7029
vn 0.1139 0.2159 0.9697
vn -0.1219 -0.3815 0.9163
vn 0.6410 -0.2871 0.7118
vn 0.1619 0.5410 0.8253
vn -0.0277 0.4706 0.8819
vn 0.4756 0.3341 0.8137
vn 0.2336 0.5584 0.7960
vn 0.5469 0.4525 0.7043
vn 0.7181 -0.4513 0.5298
vn -0.1378 -0.3739 0.9172
vn -0.4129 0.5780 0.7039
vn -0.2719 0.6188 0.7370
vn -0.9295 0.2000 0.3098
vn -0.6121 -0.7837 0.1053
vn -0.8179 -0.4579 0.3483
vn -0.8915 0.0353 0.4516
vn -0.8504 -0.4898 0.1920
vn -0.5872 0.5400 0.6030
vn -0.8433 -0.1294 0.5217
vn -0.6207 -0.6909 0.3708
vn -0.1839 -0.5676 0.8025
vn -0.9066 0.3023 0.2944
vn -0.3654 0.8527 0.3733
vn -0.0432 0.1611 0.9860
vn 0.3645 -0.6624 0.6545
vn -0.6162 0.2159 0.7574
vn 0.3276 0.3987 0.8566
vn -0.3509 -0.4298 0.8319
vn -0.5378 0.6556 0.5300
vn -0.9946 -0.0351 -0.0975
vn -0.7031 0.5145 0.4909
vn -0.9274 -0.3482 -0.1369
vn -0.5213 0.7095 0.4743
vn -0.7267 0.3025 0.6167
vn -0.9894 -0.0665 0.1290
vn -0.8788 -0.4725 0.0663
vn -0.9917 0.0431 -0.1215
vn -0.8218 -0.5491 -0.1519
vn -0.6624 0.7016 0.2626
vn -0.7733 0.6320 0.0510
vn -0.9893 -0.0195 0.1447
vn -0.2949 0.8691 0.3972
vn -0.6647 0.5625 0.4917
vn -0.0829 0.8566 0.5092
vn -0.4990 0.4047 0.7663
vn 0.1616 0.6978 0.6978
vn 0.1454 0.9313 0.3340
vn 0.3196 0.8090 0.4933
vn 0.6846 0.4393 0.5817
vn 0.5255 0.7783 0.3437
vn 0.6182 0.7599 0.2008
vn 0.5880 0.6749 0.4459
vn 0.6816 0.3507 0.6422
vn 0.9051 0.4071 0.1225
vn 0.7330 0.5190 0.4398
vn 0.9499 0.2720 0.1537
vn 0.7614 0.3195 0.5641
vn 0.9425 0.3273 -0.0670
vn 0.9813 0.1773 -0.0749
vn 0.9860 0.1139 -0.1218
vn 0.9477 -0.0197 -0.3185
vn 0.1847 0.4598 0.8686
vn 0.7950 0.2729 0.5418
vn 0.1459 0.3667 0.9188
vn -0.5786 0.3345 0.7439
vn -0.6919 0.2306 0.6841
vn 0.0908 0.2959 0.9509
vn 0.2566 0.1698 0.9515
vn 0.8203 0.2021 0.5350
vn 0.8605 0.1611 0.4833
vn 0.9902 0.0513 -0.1302
vn 0.9915 -0.0117 -0.1294
vn 0.6759 -0.1446 -0.7227
vn 0.6287 -0.3241 -0.7069
vn 0.5918 -0.2783 -0.7565
vn 0.9950 0.0197 -0.0983
vn -0.1682 -0.3949 -0.9032
vn 0.6226 -0.2545 -0.7400
vn 0.7030 -0.2553 -0.6638
vn 0.8502 -0.3643 -0.3800
vn 0.1994 -0.9190 -0.3402
vn -0.1131 -0.7763 -0.6202
vn 0.9427 -0.2721 -0.1933
vn -0.0816 -0.9057 -0.4159
vn -0.6501 -0.5412 -0.5333
vn 0.3941 -0.8936 -0.2146
vn -0.3851 -0.8830 -0.2684
vn -0.8469 -0.4489 -0.2849
vn -0.0353 -0.9993 0.0118
vn -0.4247 -0.9001 -0.0974
vn -0.8218 -0.5492 -0.1519
vn 0.0665 -0.9974 0.0274
vn -0.4262 -0.9032 0.0508
vn -0.8788 -0.4726 0.0664
vn -0.0509 -0.9981 0.0352
vn 0.0039 -0.9987 0.0509
vn -0.0352 -0.9977 -0.0587
vn 0.5924 -0.7964 -0.1216
vn -0.0743 -0.9970 0.0195
vn 0.9904 -0.1381 0.0118
vn 0.0898 -0.9950 0.0429
vn 0.6791 -0.6791 0.2787
vn 0.9682 0.2331 0.0909
vn 0.0117 -0.8078 0.5893
vn 0.8616 -0.5075 0.0040
vn 0.0352 -0.9504 0.3090
vn 0.5121 0.6152 0.5994
vn -0.2641 0.4455 0.8554
vn -0.3185 0.4129 0.8533
vn -0.6936 -0.5682 0.4428
vn 0.2082 -0.5068 0.8366
vn 0.6606 0.5024 0.5578
vn 0.9626 -0.2711 0.0039
vn 0.0974 -0.9935 -0.0585
vn 0.5610 -0.8199 -0.1137
vn -0.3481 -0.3012 0.8878
vn 0.3096 -0.7564 0.5761
vn 0.6429 -0.4615 0.6114
vn 0.0824 -0.9848 0.1530
vn 0.3486 -0.8422 0.4113
vn 0.3420 -0.6565 0.6723
vn -0.0821 -0.9963 -0.0273
vn -0.0428 -0.9311 0.3623
vn -0.1846 -0.7656 0.6163
vn -0.2314 -0.9608 0.1529
vn -0.2305 -0.6055 0.7618
vn 0.6567 -0.6410 0.3972
vn -0.4802 -0.7535 0.4490
vn -0.7108 0.0275 0.7029
vn -0.5133 -0.8346 0.1998
vn 0.1772 -0.5631 0.8072
vn 0.1846 -0.7028 0.6871
vn -0.2781 -0.9518 0.1293
vn -0.0744 -0.7168 0.6933
vn -0.6206 -0.6909 0.3708
vn -0.8504 -0.4899 0.1920
vn -0.1840 -0.5676 0.8025
vn -0.4562 -0.7058 0.5420
vn -0.4323 -0.8607 0.2687
vn -0.9273 -0.3483 -0.1369
vn -0.3719 -0.9279 -0.0274
vn -0.3510 -0.4297 0.8320
vn -0.9946 -0.0351 -0.0974
vn 0.1925 -0.9705 0.1454
vn -0.6122 -0.7837 0.1053
vn 0.7181 -0.4513 0.5297
vn -0.1378 -0.3740 0.9171
vn -0.6612 -0.6377 0.3952
vn -0.6816 -0.5959 0.4246
vn -0.3490 -0.6547 0.6705
vn -0.8359 -0.1923 0.5141
vn -0.6475 -0.4591 0.6083
vn -0.8221 0.2871 0.4917
vn -0.5149 0.1847 0.8371
vn 0.3412 -0.3019 0.8902
vn -0.9684 -0.0353 0.2470
vn -0.4790 -0.8763 -0.0506
vn -0.1847 -0.5623 0.8060
vn -0.3270 0.6108 0.7211
vn 0.7089 0.1307 0.6931
vn -0.7548 0.3011 0.5827
vn 0.0669 0.5634 0.8235
vn 0.7068 0.0276 0.7069
vn -0.1216 0.2157 0.9689
vn 0.1142 -0.3818 0.9172
vn -0.6456 -0.2856 0.7082
vn -0.1696 0.5403 0.8242
vn 0.0198 0.4707 0.8821
vn -0.4817 0.3329 0.8107
vn -0.6888 0.4369 0.5786
vn -0.2411 0.5573 0.7945
vn 0.0751 0.8572 0.5096
vn -0.5524 0.4506 0.7013
vn -0.7219 -0.4487 0.5268
vn 0.1301 -0.3743 0.9181
vn 0.4063 0.5799 0.7062
vn 0.2646 0.6201 0.7386
vn 0.9284 0.2015 0.3121
vn 0.6072 -0.7875 0.1058
vn 0.8153 -0.4608 0.3505
vn 0.8899 0.0356 0.4548
vn 0.8482 -0.4931 0.1933
vn 0.5820 0.5425 0.6058
vn 0.3586 0.8551 0.3744
vn 0.9052 0.3044 0.2964
vn 0.8410 -0.1303 0.5251
vn 0.6158 -0.6942 0.3726
vn 0.1764 -0.5684 0.8036
vn 0.0354 0.1611 0.9863
vn -0.3713 -0.6605 0.6526
vn 0.6113 0.2169 0.7611
vn -0.3346 0.3976 0.8544
vn 0.3440 -0.4310 0.8342
vn 0.5322 0.6584 0.5322
vn 0.9945 -0.0354 -0.0983
vn 0.6991 0.5173 0.4937
vn 0.9263 -0.3508 -0.1379
vn 0.5156 0.7123 0.4762
vn 0.7230 0.3042 0.6203
vn 0.9892 -0.0670 0.1301
vn 0.8770 -0.4758 0.0668
vn 0.9915 0.0434 -0.1225
vn 0.8193 -0.5527 -0.1529
vn 0.8447 -0.4518 -0.2868
vn 0.6579 0.7053 0.2640
vn 0.7701 0.6358 0.0513
vn 0.2878 0.8710 0.3981
vn 0.6603 0.5654 0.4943
vn 0.7985 0.1377 0.5861
vn 0.4931 0.4063 0.7693
vn -0.1693 0.6969 0.6969
vn -0.1531 0.9302 0.3336
vn -0.3267 0.8070 0.4921
vn -0.5312 0.7750 0.3423
vn -0.6230 0.7562 0.1998
vn -0.5931 0.6717 0.4438
vn -0.6858 0.3488 0.6388
vn -0.9065 0.4042 0.1217
vn -0.7366 0.5160 0.4372
vn -0.9507 0.2699 0.1526
vn -0.7646 0.3176 0.5608
vn -0.9434 0.3249 -0.0665
vn -0.9816 0.1760 -0.0743
vn -0.9862 0.1131 -0.1208
vn -0.9485 -0.0195 -0.3162
vn -0.1923 0.4592 0.8673
vn -0.7978 0.2712 0.5384
vn -0.1536 0.3663 0.9177
vn 0.5733 0.3361 0.7473
vn 0.9826 0.1697 0.0750
vn 0.6878 0.2319 0.6878
vn -0.0986 0.2957 0.9502
vn -0.2640 0.1694 0.9495
vn -0.8229 0.2008 0.5315
vn -0.8625 0.1600 0.4800
vn -0.9903 0.0509 -0.1292
vn -0.9917 -0.0117 -0.1283
vn -0.6800 -0.1438 -0.7189
vn -0.6334 -0.3225 -0.7034
vn -0.5969 -0.2770 -0.7530
vn -0.9950 0.0195 -0.0976
vn 0.1606 -0.3954 -0.9044
vn -0.6273 -0.2533 -0.7364
vn -0.7069 -0.2539 -0.6601
vn -0.8523 -0.3619 -0.3775
vn -0.2069 -0.9175 -0.3397
vn 0.1054 -0.7769 -0.6207
vn -0.9435 -0.2701 -0.1918
vn 0.0739 -0.9063 -0.4162
vn -0.4007 -0.8909 -0.2140
vn 0.3784 -0.8856 -0.2692
vn 0.8447 -0.4519 -0.2868
vn 0.0274 -0.9996 0.0118
vn 0.4183 -0.9030 -0.0977
vn 0.8192 -0.5527 -0.1529
vn -0.0743 -0.9969 0.0274
vn 0.4197 -0.9062 0.0510
vn 0.8770 -0.4759 0.0669
vn 0.0431 -0.9985 0.0352
vn -0.0117 -0.9986 0.0509
vn 0.0274 -0.9979 -0.0587
vn -0.5975 -0.7927 -0.1211
vn 0.0665 -0.9976 0.0195
vn -0.9905 -0.1370 0.0117
vn -0.0975 -0.9943 0.0429
vn -0.6833 -0.6755 0.2772
vn -0.0195 -0.8077 0.5892
vn 0.0743 -0.9969 -0.0274
vn -0.3166 -0.7546 0.5748
vn 0.2239 -0.9625 0.1532
vn -0.0902 -0.9841 0.1529
vn 0.4742 -0.7563 0.4506
vn 0.6158 -0.6943 0.3726
vn 0.4260 -0.8636 0.2696
vn 0.9262 -0.3508 -0.1380
vn 0.2708 -0.9539 0.1295
vn 0.8482 -0.4932 0.1933
vn 0.3651 -0.9305 -0.0275
vn 0.3439 -0.4309 0.8343
vn 0.9945 -0.0353 -0.0982
vn 0.4500 -0.7083 0.5439
vn 0.8153 -0.4609 0.3505
vn 0.0351 -0.9314 0.3624
vn -0.1921 -0.7017 0.6860
vn 0.0666 -0.7172 0.6937
vn -0.2001 -0.9690 0.1451
vn 0.6073 -0.7874 0.1058
vn 0.1300 -0.3744 0.9181
vn -0.7219 -0.4488 0.5268
vn -0.6456 -0.2857 0.7082
vn 0.1141 -0.3818 0.9172
vn 0.1769 -0.7666 0.6172
vn -0.3555 -0.8399 0.4102
vn 0.2231 -0.6066 0.7631
vn 0.7068 0.0276 0.7068
vn -0.3489 -0.6548 0.6705
vn -0.6816 -0.5960 0.4245
vn -0.6475 -0.4592 0.6083
vn -0.6612 -0.6377 0.3951
vn 0.3412 -0.3020 0.8902
vn 0.5075 -0.8380 0.2007
vn -0.4791 -0.8763 -0.0506
vn 0.7089 0.1307 0.6930
vn -0.1848 -0.5623 0.8060
vn -0.0430 -0.9501 0.3089
vn 0.6895 -0.5713 0.4452
vn -0.8636 -0.5041 0.0039
vn -0.1051 -0.9927 -0.0584
vn -0.2156 -0.5059 0.8352
vn -0.5664 -0.8163 -0.1133
vn -0.9631 -0.2690 0.0039
vn -0.9687 0.2314 0.0902
vn -0.6651 0.4998 0.5549
vn -0.5179 0.6127 0.5969
vn 0.3114 0.4139 0.8554
vn 0.6895 -0.5714 0.4452
vn 0.2568 0.4464 0.8572
vn -0.1056 -0.9742 -0.1995
vn 0.0666 -0.7095 0.7016
vn -0.8267 -0.5289 0.1920
vn 0.7188 -0.6953 -0.0039
vn -0.7531 -0.5268 0.3941
vn 0.0900 -0.9271 0.3638
vn 0.4749 -0.5692 0.6712
vn -0.5057 -0.6624 0.5527
vn -0.8732 -0.0745 0.4816
vn 0.0275 -0.8113 0.5840
vn -0.8655 -0.3877 0.3172
vn -0.8374 0.0117 0.5465
vn -0.4976 -0.8189 0.2860
vn -0.6976 -0.5105 0.5027
vn -0.1375 -0.4910 0.8602
vn 0.0039 -0.6872 0.7265
vn -0.0983 -0.0197 0.9950
vn -0.1289 -0.9099 0.3944
vn -0.2552 -0.4986 0.8284
vn -0.6319 -0.1217 0.7654
vn -0.0508 -0.9105 0.4103
vn -0.0117 -0.8722 0.4889
vn -0.7700 -0.4886 0.4104
vn 0.4592 -0.6162 0.6398
vn -0.0585 -0.9866 -0.1521
vn 0.4290 -0.4763 0.7675
vn 0.6786 -0.7021 -0.2157
vn 0.8832 -0.4122 0.2238
vn 0.9044 -0.2173 0.3673
vn 0.5920 -0.7646 0.2548
vn 0.5712 -0.6737 0.4689
vn 0.4368 -0.1063 0.8933
vn 0.4186 -0.8803 0.2230
vn 0.0667 -0.6314 0.7726
vn -0.5057 -0.3332 0.7958
vn 0.3244 -0.8560 0.4026
vn -0.0039 -0.9562 0.2927
vn 0.2941 -0.9293 0.2235
vn -0.2685 -0.9457 0.1829
vn 0.3869 -0.9107 0.1446
vn -0.6048 -0.7375 0.3005
vn 0.2951 -0.8538 0.4289
vn -0.5224 -0.7973 0.3024
vn 0.5450 -0.7018 0.4587
vn 0.7092 -0.6543 0.2625
vn -0.1834 -0.9642 0.1913
vn -0.7548 -0.2308 0.6140
vn 0.2002 -0.2238 0.9539
vn 0.9141 -0.4041 -0.0353
vn 0.9536 -0.1138 0.2786
vn 0.9649 0.1063 0.2402
vn 0.5826 0.6619 0.4717
vn -0.4691 0.4613 0.7530
vn -0.7548 -0.2307 0.6140
vn -0.1070 0.5506 0.8279
vn 0.4368 -0.1062 0.8933
vn 0.5760 0.6237 0.5284
vn 0.8760 0.3290 0.3527
vn 0.3827 0.5957 0.7062
vn 0.5797 0.4456 0.6822
vn 0.8827 0.2335 0.4077
vn 0.9044 -0.2172 0.3673
vn 0.5908 0.6304 0.5035
vn 0.9483 0.2164 0.2322
vn 0.8832 -0.4121 0.2237
vn 0.5507 0.5190 0.6537
vn 0.9921 -0.0514 0.1146
vn 0.5640 0.5956 0.5719
vn 0.3663 0.6420 0.6735
vn -0.4513 0.4591 0.7652
vn -0.6319 -0.1216 0.7654
vn -0.3987 0.4461 0.8013
vn -0.0983 -0.0196 0.9950
vn 0.1780 0.5577 0.8108
vn 0.7125 0.0827 0.6968
vn 0.4750 -0.5692 0.6712
vn 0.7188 -0.6952 -0.0039
vn 0.8868 0.0906 0.4532
vn -0.0671 0.5098 0.8577
vn -0.8036 0.1137 0.5841
vn -0.7248 0.3252 0.6073
vn -0.8732 -0.0744 0.4816
vn -0.7895 0.3575 0.4989
vn -0.8374 0.0118 0.5465
vn -0.1377 0.6885 0.7121
vn -0.7267 0.1768 0.6638
vn -0.6234 0.4822 0.6155
vn -0.1535 0.8228 0.5472
vn -0.0119 0.3043 0.9525
vn -0.5059 0.4902 0.7098
vn 0.6365 0.0198 0.7710
vn 0.6008 -0.7029 0.3809
vn -0.0979 -0.3797 0.9199
vn 0.0987 0.5565 0.8249
vn -0.8382 0.4368 0.3266
vn -0.8299 -0.5494 -0.0974
vn -0.9552 -0.2768 0.1053
vn -0.9212 0.2548 0.2940
vn -0.9482 -0.2536 0.1912
vn -0.9006 0.2871 0.3264
vn -0.4467 0.6207 0.6444
vn -0.9912 -0.1293 -0.0274
vn -0.7385 -0.6603 0.1367
vn -0.7666 -0.6421 -0.0039
vn -0.8347 -0.4853 -0.2602
vn -0.9862 0.0663 -0.1520
vn -0.8217 -0.3621 -0.4401
vn -0.9865 0.0351 -0.1599
vn -0.9443 0.3252 0.0510
vn -0.9562 0.2849 0.0664
vn -0.9910 -0.0352 0.1293
vn -0.5533 0.6789 0.4827
vn -0.5619 0.6877 0.4597
vn -0.7438 0.4526 0.4919
vn -0.2164 0.7749 0.5939
vn -0.4211 0.7517 0.5077
vn -0.2475 0.7270 0.6405
vn -0.0907 0.8560 0.5089
vn 0.0276 0.8311 0.5554
vn 0.4075 0.7872 0.4629
vn 0.1932 0.8242 0.5323
vn 0.3348 0.8389 0.4293
vn 0.2243 0.7123 0.6651
vn 0.3206 0.7875 0.5263
vn -0.0514 0.5494 0.8340
vn 0.6207 0.6602 0.4230
vn 0.7257 0.4322 0.5353
vn 0.4937 0.6990 0.5173
vn 0.6140 0.7488 0.2496
vn 0.9397 0.3421 0.0039
vn 0.9150 0.3966 -0.0746
vn 0.9893 -0.1143 -0.0906
vn 0.9664 0.0197 -0.2564
vn 0.9380 0.3415 0.0589
vn 0.9629 0.0590 -0.2633
vn 0.8373 -0.4835 -0.2555
vn 0.7916 -0.6104 -0.0276
vn 0.8622 -0.3582 -0.3583
vn 0.5036 -0.8628 -0.0430
vn 0.3962 -0.8670 -0.3021
vn 0.0975 -0.9943 -0.0429
vn 0.7164 -0.4894 -0.4972
vn -0.2780 -0.9592 -0.0509
vn 0.9232 -0.0511 -0.3810
vn -0.1363 -0.9618 -0.2375
vn 0.1132 -0.8700 -0.4799
vn 0.4506 -0.5211 -0.7248
vn 0.9869 0.1140 -0.1140
vn 0.7009 -0.1684 -0.6931
vn -0.0039 -0.7376 -0.6752
vn -0.3391 -0.8614 -0.3781
vn -0.3313 -0.6353 -0.6976
vn -0.8347 -0.4853 -0.2601
vn -0.4552 -0.8832 -0.1128
vn -0.4955 -0.8622 0.1053
vn -0.7384 -0.6603 0.1367
vn -0.6717 -0.5617 0.4831
vn -0.9482 -0.2537 0.1912
vn -0.9551 -0.2768 0.1053
vn -0.3089 -0.9265 0.2150
vn 0.6008 -0.7029 0.3808
vn 0.0117 -0.9997 -0.0196
vn -0.0978 -0.3798 0.9199
vn 0.0743 -0.3480 -0.9345
vn -0.3313 -0.6352 -0.6977
vn 0.7075 -0.1446 -0.6918
vn -0.5392 -0.2987 -0.7874
vn 0.0900 -0.2700 -0.9586
vn -0.9336 -0.1133 -0.3399
vn -0.9910 -0.0353 0.1292
vn -0.8675 -0.2839 -0.4084
vn -0.6783 -0.4352 0.5920
vn -0.4341 -0.2542 -0.8643
vn 0.0352 -0.3324 -0.9425
vn -0.4186 -0.3012 -0.8568
vn 0.6866 -0.2393 -0.6866
vn 0.1050 -0.3538 -0.9294
vn 0.9945 0.0354 -0.0983
vn 0.8338 -0.2232 -0.5050
vn 0.7473 0.3361 0.5733
vn 0.9970 -0.0749 0.0197
vn 0.7312 0.1383 0.6680
vn -0.1381 0.4223 0.8959
vn -0.6610 0.3403 0.6688
vn -0.1303 0.1777 0.9754
vn -0.6783 -0.4352 0.5921
vn -0.7172 0.0666 0.6937
vn -0.4664 0.1372 0.8739
vn -0.6341 0.3348 0.6971
vn -0.8664 0.3646 0.3411
vn -0.9606 0.2627 0.0902
vn -0.7186 0.2081 0.6636
vn -0.9938 0.0663 0.0897
vn -0.7486 -0.0274 0.6624
vn -0.9978 -0.0431 0.0509
vn 0.0039 -0.1216 0.9926
vn -0.7805 -0.2000 0.5923
vn -0.9907 0.1135 0.0744
vn -0.9892 0.1212 0.0821
vn 0.8162 -0.2247 0.5323
vn 0.0981 -0.4435 0.8909
vn -0.8827 -0.1766 0.4355
vn -0.9943 0.0975 0.0429
vn -0.0588 -0.5217 0.8511
vn -0.8023 -0.2779 0.5283
vn -0.9964 -0.0821 0.0196
vn 0.7995 -0.2796 0.5316
vn -0.7156 -0.4575 0.5279
vn -0.9579 -0.2698 0.0978
vn 0.0509 -0.6148 0.7871
vn -0.6668 -0.5499 0.5030
vn -0.9400 -0.3159 0.1288
vn 0.1138 -0.7025 0.7025
vn 0.8538 -0.2951 0.4289
vn 0.8852 -0.3659 0.2872
vn -0.6374 -0.5826 0.5044
vn -0.9324 -0.3160 0.1756
vn -0.0039 -0.7743 0.6328
vn -0.7293 -0.4173 0.5421
vn -0.8729 -0.3640 0.3249
vn 0.1371 -0.7638 0.6307
vn -0.7415 -0.2472 0.6238
vn -0.3699 -0.8917 0.2608
vn -0.2617 -0.7698 0.5822
vn 0.0352 -0.6909 0.7221
vn -0.3814 -0.3736 0.8455
vn -0.4291 -0.1771 0.8857
vn 0.2399 -0.2713 0.9321
vn 0.2713 -0.2949 0.9162
vn 0.2716 -0.4998 0.8225
vn 0.8704 -0.1930 0.4529
vn 0.8556 -0.2011 0.4771
vn 0.8355 -0.3726 0.4040
vn 0.9872 -0.1534 -0.0433
vn 0.9550 -0.1847 -0.2319
vn 0.9740 -0.1853 -0.1301
vn 0.8202 -0.4906 0.2943
vn 0.9552 -0.0983 -0.2791
vn 0.7911 -0.5313 0.3031
vn 0.9823 -0.1538 -0.1065
vn 0.7940 -0.5280 0.3012
vn 0.9774 -0.1609 -0.1374
vn 0.9349 -0.0513 -0.3511
vn 0.9141 -0.3649 0.1766
vn 0.9706 -0.1061 -0.2161
vn 0.8889 -0.0039 -0.4581
vn 0.9726 0.0040 -0.2323
vn 0.9906 0.0750 -0.1144
vn 0.8974 0.0745 -0.4350
vn 0.8945 0.1695 -0.4138
vn 0.9950 0.0983 0.0197
vn 0.8753 0.3258 -0.3572
vn 0.9951 -0.0983 -0.0040
vn 0.8375 0.2949 -0.4600
vn 0.9814 -0.1852 -0.0512
vn 0.8889 -0.0039 -0.4582
vn 0.8095 -0.1525 -0.5670
vn 0.1130 -0.2143 -0.9702
vn 0.2949 0.1219 -0.9477
vn -0.5786 -0.2369 -0.7805
vn -0.5184 0.0507 -0.8536
vn -0.8305 -0.0897 -0.5498
vn -0.6572 -0.1283 -0.7427
vn -0.9137 -0.1050 -0.3927
vn -0.9320 0.0741 -0.3549
vn -0.9434 -0.0665 -0.3249
vn -0.9978 -0.0431 0.0508
vn -0.9938 0.0662 0.0896
vn -0.9907 0.1136 0.0744
vn -0.9607 0.2627 0.0902
vn -0.9406 0.2693 -0.2069
vn -0.9385 -0.0662 -0.3388
vn -0.9892 0.1213 0.0821
vn -0.7740 -0.3539 -0.5250
vn -0.9297 0.3648 0.0510
vn -0.4767 -0.5775 -0.6628
vn -0.5434 -0.4261 0.7233
vn 0.2613 -0.9477 0.1834
vn -0.2088 0.0985 0.9730
vn -0.4663 0.1372 0.8739
vn -0.8665 0.3645 0.3411
vn -0.9265 0.3088 -0.2150
vn -0.9311 0.1831 -0.3156
vn -0.9964 -0.0820 0.0195
vn -0.5820 0.5429 -0.6054
vn -0.9422 -0.0430 -0.3323
vn -0.9580 -0.2698 0.0977
vn -0.6125 0.4799 -0.6281
vn -0.5982 0.2464 -0.7625
vn -0.9157 -0.0818 -0.3935
vn -0.9400 -0.3159 0.1287
vn 0.2715 0.4998 -0.8225
vn -0.9266 -0.2619 -0.2698
vn -0.9324 -0.3160 0.1755
vn -0.3174 0.1920 -0.9286
vn -0.9187 -0.3948 0.0117
vn -0.8729 -0.3641 0.3249
vn -0.6603 -0.6915 -0.2930
vn -0.8152 -0.4173 -0.4017
vn -0.6268 -0.2063 -0.7514
vn -0.7421 -0.4779 -0.4701
vn -0.5397 -0.6328 -0.5552
vn -0.5494 -0.4481 -0.7052
vn -0.4896 -0.5288 -0.6933
vn -0.4179 -0.5507 -0.7225
vn -0.0430 -0.5278 -0.8483
vn -0.0819 -0.4253 -0.9013
vn -0.0506 -0.1052 -0.9932
vn 0.5505 -0.4568 -0.6988
vn 0.6763 -0.3558 -0.6450
vn 0.4899 -0.4194 -0.7643
vn 0.8587 -0.3254 -0.3960
vn 0.8352 -0.2157 -0.5058
vn 0.4586 -0.1607 -0.8740
vn 0.7671 -0.0197 -0.6412
vn 0.5520 0.1605 -0.8182
vn 0.4500 0.3404 -0.8256
vn 0.2545 0.6226 -0.7400
vn 0.1684 0.4580 -0.8729
vn -0.6107 0.3307 -0.7196
vn 0.0979 -0.9750 -0.1997
vn 0.8242 -0.5323 0.1932
vn -0.0745 -0.7091 0.7012
vn -0.7225 -0.6913 -0.0039
vn 0.7497 -0.5299 0.3964
vn -0.0977 -0.9264 0.3635
vn -0.4810 -0.5670 0.6687
vn 0.4998 -0.6651 0.5549
vn 0.8713 -0.0750 0.4849
vn -0.0352 -0.8111 0.5838
vn 0.8635 -0.3903 0.3194
vn 0.8350 0.0118 0.5501
vn 0.4917 -0.8221 0.2871
vn 0.6936 -0.5133 0.5055
vn 0.1298 -0.4916 0.8611
vn -0.0118 -0.6872 0.7264
vn 0.0905 -0.0197 0.9957
vn 0.1212 -0.9107 0.3948
vn 0.2478 -0.4996 0.8300
vn 0.6272 -0.1223 0.7692
vn 0.0430 -0.9109 0.4105
vn 0.0039 -0.8723 0.4890
vn 0.7668 -0.4915 0.4129
vn -0.4654 -0.6140 0.6375
vn 0.0507 -0.9871 -0.1522
vn -0.4355 -0.4747 0.7649
vn -0.6827 -0.6984 -0.2146
vn -0.8849 -0.4093 0.2223
vn -0.9058 -0.2157 0.3647
vn -0.5971 -0.7610 0.2537
vn -0.5765 -0.6707 0.4668
vn -0.4431 -0.1059 0.8902
vn -0.4251 -0.8774 0.2223
vn -0.0745 -0.6311 0.7721
vn 0.4998 -0.3346 0.7989
vn -0.3314 -0.8538 0.4015
vn -0.3012 -0.9271 0.2230
vn 0.2613 -0.9477 0.1833
vn -0.3935 -0.9079 0.1442
vn 0.5998 -0.7410 0.3019
vn -0.3022 -0.8518 0.4279
vn 0.5166 -0.8006 0.3037
vn -0.5505 -0.6988 0.4568
vn -0.7130 -0.6507 0.2611
vn 0.1759 -0.9656 0.1915
vn 0.7514 -0.2321 0.6177
vn -0.2077 -0.2234 0.9523
vn -0.9153 -0.4012 -0.0351
vn -0.9543 -0.1129 0.2766
vn -0.9654 0.1055 0.2384
vn -0.5878 0.6588 0.4695
vn 0.4630 0.4630 0.7558
vn 0.4998 -0.3345 0.7989
vn 0.0991 0.5510 0.8286
vn -0.4432 -0.1058 0.8902
vn -0.5813 0.6209 0.5260
vn -0.8778 0.3267 0.3503
vn -0.3894 0.5939 0.7040
vn -0.5849 0.4436 0.6791
vn -0.8845 0.2319 0.4049
vn -0.9058 -0.2156 0.3647
vn -0.5959 0.6275 0.5012
vn -0.9491 0.2148 0.2305
vn -0.8849 -0.4093 0.2222
vn -0.5562 0.5168 0.6509
vn -0.3731 0.6401 0.6716
vn -0.9922 -0.0509 0.1138
vn -0.6828 -0.6984 -0.2146
vn -0.4354 -0.4747 0.7649
vn -0.5694 0.5930 0.5694
vn 0.4450 0.4607 0.7679
vn 0.7667 -0.4916 0.4129
vn 0.3920 0.4475 0.8038
vn 0.0905 -0.0196 0.9957
vn -0.1856 0.5568 0.8096
vn -0.7163 0.0822 0.6929
vn -0.7226 -0.6913 -0.0039
vn -0.8884 0.0900 0.4501
vn 0.0593 0.5101 0.8581
vn 0.8008 0.1144 0.5878
vn 0.8242 -0.5324 0.1932
vn 0.7497 -0.5299 0.3965
vn 0.7211 0.3271 0.6108
vn 0.8713 -0.0748 0.4850
vn 0.7865 0.3597 0.5020
vn 0.8350 0.0119 0.5501
vn 0.1300 0.6892 0.7128
vn 0.7230 0.1778 0.6676
vn 0.6185 0.4846 0.6185
vn 0.1458 0.8238 0.5479
vn 0.0040 0.3043 0.9526
vn 0.1298 -0.4915 0.8612
vn 0.5000 0.4921 0.7126
vn -0.6412 0.0197 0.7671
vn -0.6058 -0.6995 0.3791
vn 0.0901 -0.3800 0.9206
vn -0.1065 0.5561 0.8243
vn 0.8358 0.4397 0.3288
vn 0.8274 -0.5530 -0.0980
vn 0.9545 -0.2788 0.1060
vn 0.9200 0.2567 0.2961
vn 0.9474 -0.2555 0.1926
vn 0.8991 0.2891 0.3287
vn 0.4404 0.6228 0.6466
vn 0.9911 -0.1303 -0.0276
vn 0.7349 -0.6641 0.1376
vn 0.7634 -0.6459 -0.0039
vn 0.8324 -0.4884 -0.2618
vn 0.4146 0.7541 0.5093
vn 0.9859 0.0668 -0.1532
vn 0.8192 -0.3645 -0.4429
vn 0.9863 0.0354 -0.1611
vn 0.9434 0.3276 0.0513
vn 0.9556 0.2871 0.0669
vn 0.9908 -0.0355 0.1303
vn 0.5478 0.6818 0.4848
vn 0.5565 0.6907 0.4618
vn 0.2088 0.7762 0.5949
vn 0.7402 0.4552 0.4948
vn 0.2402 0.7284 0.6417
vn 0.0829 0.8566 0.5093
vn 0.6740 -0.4375 0.5952
vn 0.7134 0.0670 0.6976
vn 0.4602 0.1377 0.8771
vn 0.6565 0.3421 0.6723
vn 0.6293 0.3364 0.7006
vn 0.8644 0.3671 0.3435
vn 0.9600 0.2647 0.0909
vn 0.0435 0.5496 0.8343
vn 0.1304 0.4228 0.8968
vn 0.7147 0.2093 0.6673
vn 0.9937 0.0668 0.0904
vn 0.7452 -0.0276 0.6663
vn 0.9977 -0.0434 0.0513
vn 0.1225 0.1779 0.9764
vn 0.7774 -0.2013 0.5959
vn 0.9906 0.1144 0.0750
vn 0.9891 0.1221 0.0828
vn -0.0118 -0.1216 0.9925
vn -0.7349 0.1375 0.6641
vn 0.8810 -0.1778 0.4385
vn 0.9942 0.0982 0.0432
vn -0.1059 -0.4431 0.8902
vn 0.7995 -0.2796 0.5317
vn 0.9964 -0.0827 0.0197
vn 0.0510 -0.5219 0.8515
vn 0.7117 -0.4601 0.5308
vn 0.9573 -0.2718 0.0985
vn -0.0587 -0.6145 0.7867
vn 0.6625 -0.5527 0.5056
vn 0.9391 -0.3183 0.1297
vn -0.1215 -0.7019 0.7019
vn 0.6326 -0.5855 0.5069
vn 0.9313 -0.3183 0.1769
vn 0.7256 -0.4197 0.5452
vn 0.8710 -0.3665 0.3271
vn -0.1447 -0.7630 0.6300
vn 0.7379 -0.2486 0.6274
vn 0.2544 -0.7713 0.5834
vn -0.0429 -0.6907 0.7219
vn 0.3747 -0.3747 0.8480
vn 0.4227 -0.1777 0.8887
vn -0.2473 -0.2708 0.9303
vn -0.2786 -0.2943 0.9142
vn -0.2788 -0.4987 0.8207
vn -0.8378 -0.3702 0.4013
vn -0.8723 -0.1917 0.4498
vn -0.8576 -0.1997 0.4739
vn -0.9874 -0.1522 -0.0429
vn -0.8227 -0.4874 0.2924
vn -0.9744 -0.1839 -0.1291
vn -0.9557 -0.1833 -0.2301
vn -0.7940 -0.5280 0.3012
vn -0.9826 -0.1527 -0.1057
vn -0.7969 -0.5248 0.2993
vn -0.9777 -0.1597 -0.1363
vn -0.9559 -0.0975 -0.2770
vn -0.9359 -0.0509 -0.3485
vn -0.8376 -0.2143 -0.5025
vn -0.8607 -0.3232 -0.3934
vn -0.9066 -0.2296 -0.3541
vn -0.7703 -0.0196 -0.6374
vn -0.5559 -0.4548 -0.6958
vn -0.6805 -0.3539 -0.6416
vn -0.4958 -0.4178 -0.7613
vn 0.0352 -0.5279 -0.8486
vn -0.4647 -0.1601 -0.8709
vn 0.0742 -0.4256 -0.9019
vn 0.4836 -0.5308 -0.6960
vn 0.5342 -0.6355 -0.5575
vn 0.5439 -0.4500 -0.7083
vn 0.7385 -0.4806 -0.4728
vn 0.8125 -0.4200 -0.4043
vn 0.6220 -0.2074 -0.7550
vn 0.0429 -0.1052 -0.9935
vn 0.9174 -0.3977 0.0118
vn 0.3631 -0.8943 0.2617
vn 0.9313 -0.3183 0.1768
vn 0.9255 -0.2639 -0.2718
vn 0.9391 -0.3182 0.1296
vn 0.9144 -0.0824 -0.3963
vn 0.9573 -0.2718 0.0984
vn 0.3103 0.1925 -0.9309
vn 0.9413 -0.0433 -0.3348
vn 0.9964 -0.0827 0.0196
vn 0.5932 0.2475 -0.7661
vn 0.9300 0.1844 -0.3179
vn 0.9942 0.0983 0.0432
vn -0.5574 0.1599 -0.8147
vn 0.9254 0.3111 -0.2166
vn 0.9891 0.1222 0.0827
vn 0.6076 0.4822 -0.6311
vn 0.9397 0.2713 -0.2083
vn 0.9906 0.1145 0.0750
vn 0.5768 0.5454 -0.6082
vn -0.2788 0.4987 -0.8207
vn 0.9310 0.0747 -0.3574
vn 0.9977 -0.0434 0.0512
vn -0.4562 0.3392 -0.8227
vn -0.2618 0.6213 -0.7385
vn -0.8960 0.1683 -0.4109
vn -0.8989 0.0740 -0.4319
vn -0.8905 -0.0039 -0.4550
vn -0.9710 -0.1053 -0.2145
vn -0.9731 0.0040 -0.2305
vn -0.9154 -0.3623 0.1753
vn -0.8869 -0.3634 0.2852
vn -0.9907 0.0744 -0.1136
vn -0.8559 -0.2931 0.4260
vn -0.8772 0.3236 -0.3548
vn -0.9950 0.0976 0.0195
vn -0.8398 0.2930 -0.4570
vn -0.9952 -0.0976 -0.0039
vn -0.8188 -0.2233 0.5289
vn -0.9816 -0.1838 -0.0508
vn -0.9970 -0.0743 0.0195
vn -0.8122 -0.1516 -0.5634
vn -0.3021 0.1216 -0.9455
vn -0.1759 0.4574 -0.8717
vn 0.6057 0.3322 -0.7230
vn 0.5127 0.0509 -0.8571
vn -0.1207 -0.2141 -0.9693
vn 0.6527 -0.1290 -0.7465
vn 0.9124 -0.1057 -0.3955
vn 0.5734 -0.2379 -0.7840
vn 0.9425 -0.0670 -0.3273
vn 0.9937 0.0668 0.0903
vn 0.8280 -0.0903 -0.5534
vn -0.1127 -0.3536 -0.9286
vn 0.9376 -0.0667 -0.3413
vn 0.4121 -0.3022 -0.8596
vn 0.8655 -0.2859 -0.4112
vn 0.7709 -0.3560 -0.5282
vn 0.9286 0.3675 0.0514
vn 0.4707 -0.5796 -0.6652
vn 0.5378 -0.4280 0.7263
vn -0.2685 -0.9457 0.1830
vn 0.2012 0.0986 0.9746
vn 0.9286 0.3675 0.0513
vn 0.8645 0.3671 0.3434
vn 0.4601 0.1377 0.8771
vn 0.9908 -0.0356 0.1303
vn 0.9326 -0.1141 -0.3424
vn 0.9863 0.0353 -0.1611
vn 0.5336 -0.2999 -0.7907
vn 0.3243 -0.6368 -0.6995
vn 0.4277 -0.2551 -0.8672
vn -0.0820 -0.3478 -0.9340
vn -0.0430 -0.3323 -0.9422
vn -0.4568 -0.5193 -0.7223
vn -0.0977 -0.2698 -0.9579
vn -0.6907 -0.2380 -0.6829
vn -0.7113 -0.1438 -0.6880
vn -0.7049 -0.1675 -0.6893
vn -0.8362 -0.2217 -0.5017
vn -0.9946 0.0351 -0.0975
vn -0.9871 0.1131 -0.1131
vn -0.7507 0.3341 0.5699
vn -0.9243 -0.0507 -0.3783
vn -0.7294 0.4297 0.5323
vn -0.9390 0.3390 0.0585
vn -0.2318 0.7110 0.6639
vn -0.6255 0.6570 0.4209
vn -0.2008 0.8229 0.5315
vn -0.3417 0.8366 0.4282
vn -0.0354 0.8309 0.5553
vn -0.4140 0.7847 0.4613
vn -0.3276 0.7855 0.5250
vn -0.4996 0.6963 0.5153
vn -0.6190 0.7451 0.2484
vn -0.9162 0.3938 -0.0741
vn -0.9406 0.3395 0.0039
vn -0.9635 0.0585 -0.2613
vn -0.9669 0.0196 -0.2544
vn -0.9895 -0.1134 -0.0900
vn -0.8642 -0.3558 -0.3558
vn -0.7945 -0.6066 -0.0274
vn -0.8396 -0.4803 -0.2538
vn -0.5094 -0.8594 -0.0428
vn -0.4028 -0.8643 -0.3011
vn -0.7202 -0.4866 -0.4944
vn -0.1208 -0.8692 -0.4794
vn -0.0039 -0.7377 -0.6752
vn -0.1052 -0.9935 -0.0429
vn 0.1287 -0.9628 -0.2378
vn 0.3322 -0.8637 -0.3791
vn 0.3243 -0.6369 -0.6994
vn 0.8324 -0.4885 -0.2618
vn 0.4490 -0.8863 -0.1132
vn 0.7633 -0.6460 -0.0039
vn 0.2708 -0.9613 -0.0510
vn 0.4896 -0.8655 0.1057
vn 0.7348 -0.6641 0.1375
vn 0.6673 -0.5646 0.4857
vn 0.9474 -0.2556 0.1927
vn 0.9544 -0.2789 0.1061
vn 0.3018 -0.9287 0.2155
vn -0.6057 -0.6996 0.3790
vn 0.8274 -0.5530 -0.0981
vn -0.0196 -0.9996 -0.0196
vn 0.0900 -0.3800 0.9206
vn -0.1456 0.1377 0.9797
vn -0.0825 0.3340 0.9390
vn -0.2313 0.2313 0.9450
vn -0.3407 0.0900 0.9359
vn 0.0355 0.2172 0.9755
vn 0.1302 0.3906 0.9113
vn -0.2322 -0.0354 0.9720
vn -0.4042 -0.1216 0.9065
vn 0.1934 0.2407 0.9511
vn 0.3351 0.3590 0.8711
vn -0.2555 -0.1926 0.9474
vn -0.3817 -0.3345 0.8617
vn 0.3496 0.2003 0.9152
vn 0.5169 0.2565 0.8167
vn -0.2244 -0.3503 0.9093
vn -0.2856 -0.5125 0.8098
vn 0.4779 0.0988 0.8729
vn 0.6430 0.0828 0.7614
vn -0.1299 -0.4762 0.8697
vn -0.1212 -0.6450 0.7545
vn 0.5498 -0.0356 0.8346
vn 0.6899 -0.1616 0.7056
vn 0.0039 -0.5610 0.8278
vn 0.1216 -0.7018 0.7019
vn 0.5395 -0.1772 0.8231
vn 0.1452 -0.5533 0.8202
vn 0.5488 -0.3435 0.7621
vn 0.6402 -0.3731 0.6716
vn 0.5163 -0.5479 0.6582
vn 0.3039 -0.5722 0.7617
vn 0.3333 -0.6627 0.6706
vn 0.4119 -0.4432 0.7962
vn 0.1696 -0.1933 0.9664
vn 0.0747 0.3342 0.9396
vn 0.1378 0.1378 0.9808
vn 0.2239 0.2318 0.9466
vn 0.3337 0.0903 0.9383
vn -0.0434 0.2171 0.9752
vn -0.1380 0.3902 0.9104
vn 0.2247 -0.0355 0.9738
vn 0.3976 -0.1220 0.9094
vn -0.2010 0.2404 0.9497
vn -0.3421 0.3578 0.8689
vn 0.2482 -0.1930 0.9493
vn 0.3749 -0.3355 0.8642
vn -0.3564 0.1998 0.9127
vn -0.5226 0.2554 0.8134
vn 0.2169 -0.3509 0.9109
vn 0.2784 -0.5136 0.8116
vn -0.4839 0.0984 0.8696
vn -0.6476 0.0824 0.7575
vn 0.1221 -0.4766 0.8706
vn 0.1134 -0.6456 0.7552
vn -0.5553 -0.0355 0.8309
vn -0.6940 -0.1608 0.7018
vn -0.0118 -0.5610 0.8277
vn -0.1293 -0.7012 0.7012
vn -0.5451 -0.1765 0.8196
vn -0.1529 -0.5527 0.8192
vn -0.5543 -0.3420 0.7588
vn -0.6447 -0.3712 0.6682
vn -0.5221 -0.5456 0.6555
vn -0.3110 -0.5709 0.7599
vn -0.3403 -0.6610 0.6688
vn -0.4183 -0.4418 0.7936
vn -0.1772 -0.1930 0.9651
vn -0.0040 -0.9998 0.0196
vn 0.3819 -0.8858 0.2638
vn -0.0039 -0.9768 -0.2140
vn 0.6718 -0.6797 -0.2946
vn 0.5446 -0.6309 -0.5525
vn -0.0039 -0.6459 -0.7634
vn 0.5059 -0.4902 -0.7098
vn -0.0039 -0.4331 -0.9013
vn 0.4812 -0.3873 -0.7864
vn -0.0039 -0.2545 -0.9671
vn 0.3241 -0.4647 -0.8240
vn 0.3878 -0.3565 -0.8500
vn 0.3795 -0.2308 -0.8959
vn -0.1286 -0.4326 -0.8924
vn -0.0507 -0.5184 -0.8536
vn -0.6272 -0.3623 -0.6895
vn 0.3319 0.0664 -0.9410
vn -0.0039 -0.0196 -0.9998
vn -0.0039 -0.4015 -0.9159
vn -0.2372 -0.7427 -0.6261
vn 0.0196 -0.0353 -0.9992
vn -0.2620 0.1682 -0.9503
vn -0.9175 0.2070 -0.3396
vn -0.4947 -0.0273 -0.8686
vn -0.6056 -0.1289 -0.7853
vn -0.6158 0.5452 -0.5688
vn -0.4971 0.7946 -0.3484
vn -0.0040 0.9555 -0.2949
vn -0.0039 0.9690 -0.2472
vn -0.3818 0.8858 -0.2638
vn -0.0040 0.9999 -0.0119
vn -0.6780 0.4663 -0.5682
vn -0.4829 0.8756 0.0118
vn -0.6482 0.7346 -0.2003
vn -0.4198 0.9062 0.0510
vn -0.0040 0.9987 0.0513
vn -0.0040 0.9999 0.0119
vn -0.7552 0.6456 0.1135
vn -0.4297 0.9029 -0.0118
vn -0.0040 0.9951 -0.0983
vn -0.7338 0.6788 0.0275
vn -0.4137 0.9022 -0.1221
vn -0.7262 0.6869 -0.0275
vn -0.3955 0.8889 -0.2310
vn -0.0039 0.9455 -0.3256
vn -0.7603 0.6421 -0.0985
vn -0.9138 0.4039 0.0431
vn -0.4196 0.8588 -0.2941
vn -0.0040 0.8968 -0.4425
vn -0.6860 0.7174 -0.1215
vn -0.7728 0.6159 -0.1530
vn -0.3568 0.7803 -0.5136
vn -0.0039 0.7774 -0.6290
vn -0.8966 0.4424 -0.0196
vn -0.3255 0.7176 -0.6157
vn -0.6309 0.5447 -0.5525
vn -0.5291 0.6231 -0.5761
vn -0.9345 0.3558 0.0117
vn -0.9607 0.1843 -0.2078
vn -0.4715 0.5495 -0.6898
vn -0.2625 0.6543 -0.7092
vn -0.1292 0.7243 -0.6773
vn -0.0039 0.8278 -0.5610
vn -0.3489 0.5528 -0.7567
vn 0.0981 0.8909 -0.4435
vn -0.0039 0.9502 -0.3115
vn -0.1459 0.7453 -0.6506
vn 0.1136 0.7406 -0.6622
vn 0.6286 0.7394 -0.2412
vn 0.5311 0.8302 0.1692
vn -0.0039 0.9685 0.2490
vn -0.4418 0.5513 -0.7077
vn -0.5579 0.1912 -0.8076
vn 0.1691 0.9243 0.3422
vn -0.0040 0.9104 0.4138
vn 0.4223 0.6829 0.5960
vn 0.0515 0.7810 0.6224
vn -0.0039 0.7711 0.6367
vn -0.0515 0.6613 0.7484
vn -0.0039 0.5410 0.8410
vn -0.0435 0.5496 0.8343
vn 0.0433 0.2875 0.9568
vn -0.0039 0.3421 0.9397
vn -0.2638 0.5158 0.8151
vn -0.4298 0.5322 0.7294
vn -0.3503 0.0827 0.9330
vn -0.5064 -0.0667 0.8597
vn -0.6677 -0.0976 0.7380
vn -0.5929 -0.2238 0.7735
vn -0.4591 -0.2786 0.8436
vn -0.4267 0.0040 0.9044
vn -0.4214 -0.2797 0.8627
vn -0.4518 0.0275 0.8917
vn -0.4062 -0.2484 0.8794
vn -0.5222 0.3416 0.7814
vn -0.7080 0.3872 0.5906
vn -0.5465 -0.0118 0.8374
vn -0.4445 -0.1377 0.8851
vn -0.6748 0.2802 0.6827
vn -0.7632 0.3718 0.5284
vn -0.5364 -0.1292 0.8340
vn -0.6407 0.1612 0.7507
vn -0.4602 0.1377 0.8771
vn -0.3811 0.2710 0.8839
vn -0.7685 0.2877 0.5715
vn -0.8134 0.5226 0.2554
vn -0.6000 0.2078 0.7725
vn -0.4151 0.4704 0.7787
vn -0.2790 0.5462 0.7898
vn -0.3801 0.5212 0.7641
vn -0.7034 0.2318 0.6719
vn -0.6485 0.2712 0.7113
vn -0.5519 -0.0196 0.8337
vn -0.8165 0.0586 0.5743
vn -0.8310 -0.0819 0.5501
vn -0.6853 -0.2467 0.6853
vn -0.3495 -0.5615 0.7500
vn -0.9146 0.2395 0.3258
vn -0.9533 0.0039 0.3021
vn -0.9191 0.3012 0.2542
vn -0.8449 -0.1140 0.5227
vn -0.9468 0.2533 -0.1987
vn -0.9955 0.0742 -0.0586
vn -0.9622 -0.0275 0.2709
vn -0.8505 0.3224 -0.4156
vn -0.9179 -0.0429 -0.3945
vn -0.9548 0.1676 -0.2455
vn -0.6370 0.3556 -0.6839
vn -0.5838 0.4584 -0.6700
vn -0.8220 0.1987 -0.5337
vn -0.9157 -0.1364 -0.3780
vn -0.8937 -0.0820 -0.4410
vn -0.9594 -0.0583 -0.2758
vn -0.8384 -0.1677 -0.5186
vn -0.9782 -0.0818 -0.1910
vn -0.8977 -0.2915 -0.3303
vn -0.9783 -0.0585 -0.1988
vn -0.8736 -0.1841 -0.4505
vn -0.9938 0.0896 0.0663
vn -0.9248 -0.1365 -0.3551
vn -0.9160 -0.3391 -0.2144
vn -0.8769 -0.4560 -0.1520
vn -0.8874 -0.3558 0.2932
vn -0.6448 -0.6448 0.4103
vn -0.9604 0.1764 0.2156
vn -0.5767 -0.4983 0.6474
vn -0.8998 -0.1519 0.4090
vn -0.5979 -0.4181 0.6839
vn -0.9509 0.2935 0.0978
vn -0.8436 -0.2001 0.4983
vn -0.9904 0.0665 0.1214
vn -0.9797 0.1600 -0.1210
vn -0.9567 0.2851 -0.0586
vn -0.9906 -0.0039 -0.1370
vn -0.9253 0.3787 -0.0195
vn -0.9949 -0.0273 -0.0975
vn -0.9996 0.0274 0.0118
vn -0.9872 -0.0819 0.1366
vn -0.9809 -0.0351 -0.1915
vn -0.9793 -0.1678 -0.1131
vn -0.9953 0.0820 0.0508
vn -0.9791 -0.1989 0.0429
vn -0.9314 -0.0818 -0.3546
vn -0.9154 -0.3544 -0.1908
vn -0.9628 -0.1832 0.1988
vn -0.6842 -0.3402 0.6451
vn -0.9700 -0.2376 0.0506
vn -0.8885 -0.0274 -0.4580
vn -0.8204 0.0194 -0.5715
vn -0.4750 -0.5691 0.6712
vn -0.7175 -0.4848 -0.5002
vn -0.5279 -0.4575 0.7156
vn -0.0904 -0.6802 0.7274
vn 0.1769 -0.6801 0.7115
vn -0.3333 -0.5293 0.7802
vn -0.6023 -0.4291 0.6732
vn -0.1758 -0.6682 0.7229
vn -0.5512 -0.4886 0.6763
vn -0.3724 -0.6075 0.7016
vn -0.5891 -0.3785 0.7140
vn -0.5608 -0.4745 0.6785
vn -0.2393 -0.6787 0.6944
vn -0.4047 -0.4990 0.7663
vn -0.0040 -0.5556 0.8314
vn -0.0039 -0.4830 0.8756
vn -0.0039 -0.6913 0.7226
vn -0.3176 -0.6783 0.6626
vn -0.5436 -0.6766 0.4967
vn -0.3186 -0.7905 0.5231
vn -0.0040 -0.9215 0.3882
vn -0.3101 -0.8046 0.5063
vn -0.4165 -0.8836 0.2141
vn -0.4330 -0.8856 0.1677
vn -0.0040 -0.9713 0.2380
vn -0.2863 -0.8982 0.3334
vn -0.3319 -0.9253 0.1835
vn -0.0039 -0.9345 0.3558
vn -0.3323 -0.8797 0.3401
vn -0.0040 -0.8840 0.4675
vn -0.4249 -0.8849 0.1910
vn -0.4113 -0.7638 0.4974
vn -0.0818 -0.9314 0.3546
vn -0.2704 -0.8974 0.3488
vn -0.4113 -0.5916 0.6934
vn -0.4657 -0.3561 0.8101
vn -0.4186 -0.3952 0.8177
vn -0.2853 -0.4885 0.8246
vn -0.4181 -0.5979 0.6839
vn -0.5054 -0.4428 0.7406
vn -0.3088 -0.6607 0.6842
vn -0.6858 -0.3018 0.6623
vn -0.8031 -0.2233 0.5524
vn -0.8193 -0.0745 0.5685
vn -0.7630 -0.1448 0.6300
vn -0.8592 -0.0745 0.5061
vn -0.3951 -0.6297 0.6688
vn -0.9662 -0.2386 0.0978
vn -0.9406 -0.2069 0.2693
vn -0.7823 -0.5177 -0.3464
vn -0.5743 -0.8165 0.0586
vn -0.5593 -0.7783 -0.2855
vn -0.0196 -0.9186 -0.3948
vn 0.1529 -0.9841 -0.0902
vn 0.2858 -0.9434 0.1683
vn 0.1524 -0.9027 0.4025
vn 0.3725 -0.8901 0.2628
vn -0.0038 -0.9784 -0.2066
vn 0.6638 -0.6874 -0.2946
vn -0.0038 -0.7910 -0.6118
vn 0.5364 -0.6383 -0.5521
vn -0.0039 -0.6421 -0.7666
vn 0.4972 -0.4894 -0.7164
vn 0.4647 -0.3944 -0.7928
vn -0.0039 -0.2618 -0.9651
vn 0.3182 0.0511 -0.9467
vn -0.0039 -0.0431 -0.9991
vn -0.0039 -0.4394 -0.8983
vn -0.2060 -0.6802 -0.7035
vn -0.2623 0.1605 -0.9515
vn -0.8998 0.1519 -0.4090
vn -0.4946 -0.0351 -0.8684
vn -0.6132 0.5507 -0.5663
vn -0.6725 0.4704 -0.5714
vn -0.4830 0.8756 0.0118
vn -0.4298 0.9029 -0.0118
vn -0.0040 0.9951 -0.0984
vn -0.7262 0.6870 -0.0275
vn -0.3955 0.8889 -0.2311
vn -0.0040 0.9455 -0.3256
vn -0.7424 0.6638 -0.0903
vn -0.9396 0.3420 -0.0118
vn -0.7318 0.6692 -0.1291
vn -0.9365 0.3409 -0.0823
vn -0.7737 0.6166 -0.1453
vn -0.8967 0.4425 -0.0117
vn -0.9347 0.3090 -0.1760
vn -0.5265 0.6278 -0.5733
vn -0.0980 0.7564 -0.6467
vn -0.1450 0.7487 -0.6468
vn -0.9176 -0.0507 -0.3944
vn -0.9871 0.1054 -0.1209
vn 0.1377 0.8851 -0.4445
vn 0.6274 0.7379 -0.2486
vn 0.1772 0.9255 0.3348
vn 0.4224 0.6829 0.5960
vn 0.0277 0.7708 0.6364
vn -0.0040 0.7711 0.6367
vn -0.0354 0.6494 0.7596
vn -0.0039 0.5931 0.8051
vn -0.2247 0.5559 0.8003
vn -0.4279 0.5379 0.7263
vn -0.0513 0.5639 0.8242
vn -0.0119 0.4233 0.9059
vn -0.0039 0.4613 0.8872
vn -0.3726 0.1608 0.9139
vn -0.5663 0.0039 0.8242
vn -0.6155 -0.1921 0.7644
vn -0.6960 -0.1769 0.6959
vn -0.4498 -0.1917 0.8723
vn -0.4124 0.0825 0.9073
vn -0.4424 -0.1683 0.8809
vn -0.4591 0.0981 0.8829
vn -0.4757 -0.1376 0.8688
vn -0.5225 0.3575 0.7740
vn -0.7080 0.3872 0.5907
vn -0.5838 0.0353 0.8111
vn -0.5627 -0.0826 0.8225
vn -0.6812 0.2874 0.6733
vn -0.5907 -0.0900 0.8019
vn -0.6407 0.1611 0.7507
vn -0.5199 0.1525 0.8405
vn -0.4987 0.2788 0.8207
vn -0.8118 0.5215 0.2628
vn -0.6010 0.2003 0.7738
vn -0.5379 0.4280 0.7263
vn -0.3747 0.5404 0.7534
vn -0.4776 0.5328 0.6986
vn -0.6700 0.1607 0.7248
vn -0.7266 0.2867 0.6244
vn -0.6871 -0.0196 0.7263
vn -0.8216 -0.0118 0.5700
vn -0.7534 -0.2381 0.6129
vn -0.5129 -0.5911 0.6225
vn -0.9147 -0.1440 -0.3776
vn -0.8932 -0.0897 -0.4407
vn -0.9700 -0.0506 -0.2376
vn -0.8451 -0.1596 -0.5102
vn -0.9798 -0.0586 -0.1912
vn -0.9294 -0.1283 -0.3461
vn -0.8705 -0.1835 -0.4567
vn -0.8898 -0.3489 0.2940
vn -0.8726 -0.4422 -0.2074
vn -0.6667 -0.6511 0.3626
vn -0.8997 -0.2843 -0.3311
vn -0.5105 -0.7833 -0.3546
vn -0.9732 -0.0821 -0.2149
vn -0.8558 -0.0743 0.5119
vn -0.7894 -0.5016 -0.3539
vn -0.9435 -0.1919 0.2701
vn -0.8193 -0.0745 0.5684
vn -0.8107 -0.2154 0.5444
vn -0.5535 -0.4593 0.6948
vn -0.3798 -0.5443 0.7479
vn -0.5744 -0.4728 0.6682
vn -0.4117 -0.5999 0.6861
vn -0.5130 -0.6148 0.5991
vn -0.6142 -0.4186 0.6690
vn -0.5813 -0.7530 0.3082
vn -0.3018 -0.6623 0.6858
vn -0.4720 -0.8778 0.0819
vn -0.3783 -0.9243 -0.0507
vn -0.0040 -1.0000 0.0039
vn -0.3322 -0.9418 0.0508
vn -0.0039 -0.9713 0.2379
vn -0.4325 -0.8844 0.1753
vn -0.0039 -0.9187 0.3949
vn -0.2784 -0.8979 0.3411
vn -0.0040 -0.6952 0.7188
vn -0.0898 -0.9333 0.3476
vn -0.3152 -0.8054 0.5019
vn -0.0040 -0.6242 0.7812
vn -0.0039 -0.4829 0.8756
vn -0.5745 -0.5041 0.6449
vn -0.0040 -0.5520 0.8339
vn -0.5457 -0.4908 0.6792
vn -0.4100 -0.8864 0.2148
vn 0.1442 -0.9862 -0.0819
vn -0.0117 -0.9187 -0.3948
vn 0.1529 -0.9055 0.3959
vn 0.3164 -0.9336 0.1680
vn -0.5658 -0.8234 0.0429
vn -0.3797 -0.6302 0.6772
vn -0.9606 0.1843 0.2078
vn -0.8338 -0.2231 0.5050
vn -0.9510 0.2935 0.0978
vn -0.9857 0.0195 0.1675
vn -0.9966 0.0117 -0.0821
vn -0.9943 -0.0429 0.0975
vn -0.9809 -0.0352 -0.1915
vn -0.9997 0.0118 0.0196
vn -0.7267 -0.3025 0.6167
vn -0.9793 -0.1678 -0.1128
vn -0.9953 0.0820 0.0507
vn -0.9154 -0.3544 -0.1909
vn -0.8240 0.0195 -0.5662
vn -0.5057 -0.5527 0.6624
vn -0.7202 -0.4945 -0.4866
vn -0.4481 -0.5182 0.7285
vn -0.8819 -0.4701 0.0350
vn -0.0983 -0.6958 0.7115
vn -0.6002 -0.4355 0.6709
vn -0.5855 -0.3890 0.7112
vn -0.5504 -0.4801 0.6831
vn -0.1057 -0.8421 0.5288
vn -0.1288 -0.9565 0.2616
vn 0.4262 -0.9032 -0.0508
vn -0.1523 -0.9880 -0.0273
vn -0.0585 -0.5032 -0.8622
vn -0.0662 -0.4478 -0.8917
vn -0.4091 -0.8533 -0.3234
vn -0.2612 -0.9394 -0.2222
vn -0.1523 -0.9880 -0.0274
vn -0.0039 -0.9584 -0.2856
vn -0.7147 -0.6991 -0.0195
vn -0.3079 -0.9472 -0.0896
vn -0.0039 -0.9895 -0.1447
vn -0.0039 -0.9994 0.0353
vn -0.8954 -0.4262 0.1290
vn -0.6578 -0.7434 0.1207
vn -0.2704 -0.9599 0.0745
vn 0.3725 -0.8901 0.2627
vn -0.3089 -0.9423 0.1290
vn 0.2555 -0.7507 0.6092
vn -0.0588 -0.7098 0.7019
vn -0.6448 -0.5042 0.5745
vn -0.2478 -0.2636 0.9323
vn -0.8617 -0.2222 0.4562
vn -0.9918 -0.0588 0.1137
vn -0.9429 -0.2152 0.2543
vn -0.8892 -0.2546 0.3800
vn -0.9913 -0.1214 -0.0509
vn -0.9842 -0.1673 -0.0583
vn -0.8890 -0.2368 -0.3921
vn -0.9949 -0.0819 -0.0585
vn -0.9936 0.0039 0.1130
vn -0.9167 -0.1287 -0.3784
vn -0.9853 0.1285 0.1130
vn -0.7121 -0.2841 -0.6420
vn -0.9299 -0.1439 -0.3385
vn -0.6577 -0.2452 -0.7122
vn -0.9944 -0.0663 -0.0819
vn -0.9192 -0.1056 -0.3794
vn -0.9947 0.0507 -0.0897
vn -0.8741 -0.0039 -0.4857
vn -0.9290 0.3254 0.1764
vn -0.9442 0.2782 -0.1763
vn -0.7293 0.1833 -0.6591
vn -0.8280 0.5455 0.1295
vn -0.8036 0.5606 -0.1999
vn -0.3886 -0.8831 0.2630
vn -0.6760 -0.6761 -0.2931
vn -0.5501 -0.6282 -0.5502
vn -0.5117 -0.4882 -0.7070
vn -0.4872 -0.3859 -0.7834
vn -0.3311 -0.4635 -0.8219
vn -0.3944 -0.3554 -0.8474
vn -0.3862 -0.2301 -0.8933
vn 0.1209 -0.4330 -0.8933
vn 0.0429 -0.5186 -0.8539
vn 0.6224 -0.3640 -0.6929
vn 0.7043 -0.2872 -0.6492
vn 0.6533 -0.2465 -0.7159
vn 0.6006 -0.1295 -0.7890
vn 0.9154 -0.1296 -0.3811
vn 0.8873 -0.2384 -0.3948
vn 0.9288 -0.1450 -0.3410
vn 0.9915 -0.1225 -0.0435
vn 0.9839 -0.1686 -0.0588
vn 0.8544 -0.2244 0.4686
vn 0.9948 -0.0826 -0.0590
vn 0.8876 -0.2564 0.3827
vn 0.6428 -0.5008 0.5797
vn 0.2391 -0.2548 0.9370
vn 0.0510 -0.7023 0.7101
vn 0.9420 -0.2168 0.2562
vn 0.9943 -0.0668 -0.0825
vn 0.9935 0.0039 0.1139
vn 0.9180 -0.1064 -0.3821
vn 0.9946 0.0511 -0.0904
vn 0.8704 -0.0039 -0.4923
vn 0.4888 -0.0274 -0.8720
vn 0.9850 0.1295 0.1138
vn -0.0274 -0.0353 -0.9990
vn 0.7257 0.1844 -0.6629
vn -0.3388 0.0662 -0.9385
vn -0.0038 -0.4015 -0.9159
vn 0.2298 -0.7441 -0.6273
vn 0.2547 0.1685 -0.9522
vn 0.9163 0.2084 -0.3421
vn 0.9434 0.2802 -0.1776
vn 0.6737 0.4688 -0.5713
vn 0.6109 0.5478 -0.5715
vn 0.4912 0.7977 -0.3498
vn -0.0039 0.9555 -0.2949
vn -0.0039 0.9690 -0.2471
vn 0.3751 0.8884 -0.2646
vn -0.0039 0.9999 -0.0118
vn 0.6436 0.7384 -0.2014
vn 0.4769 0.8789 0.0118
vn 0.4133 0.9092 0.0512
vn -0.0039 0.9987 0.0513
vn -0.0039 0.9999 0.0119
vn 0.8008 0.5641 -0.2012
vn 0.8256 0.5490 0.1304
vn 0.7518 0.6495 0.1141
vn 0.9279 0.3277 0.1777
vn 0.9125 0.4068 0.0434
vn 0.7301 0.6827 0.0276
vn 0.4233 0.9059 -0.0118
vn -0.0039 0.9951 -0.0984
vn 0.7225 0.6909 -0.0276
vn 0.4071 0.9051 -0.1225
vn 0.9242 0.3815 -0.0197
vn 0.3889 0.8917 -0.2317
vn 0.7569 0.6460 -0.0991
vn 0.4131 0.8616 -0.2951
vn 0.6818 0.7212 -0.1222
vn 0.7696 0.6197 -0.1539
vn 0.8950 0.4456 -0.0197
vn 0.3499 0.7825 -0.5151
vn 0.7150 0.6044 -0.3515
vn 0.3185 0.7194 -0.6172
vn 0.6261 0.5474 -0.5553
vn 0.5234 0.6257 -0.5784
vn 0.9335 0.3584 0.0118
vn 0.9600 0.1857 -0.2094
vn 0.4654 0.5515 -0.6923
vn 0.2552 0.6557 -0.7106
vn 0.1215 0.7250 -0.6780
vn 0.3421 0.5543 -0.7588
vn -0.1059 0.8902 -0.4431
vn -0.0040 0.9502 -0.3115
vn 0.1382 0.7461 -0.6514
vn -0.1213 0.7400 -0.6616
vn 0.1682 0.4734 -0.8646
vn -0.6334 0.7357 -0.2400
vn -0.5367 0.8267 0.1685
vn -0.0040 0.9685 0.2491
vn 0.4355 0.5532 -0.7101
vn 0.5525 0.1920 -0.8111
vn -0.1767 0.9230 0.3417
vn -0.4288 0.6806 0.5940
vn -0.0039 0.9104 0.4138
vn 0.6324 0.3573 -0.6873
vn 0.9167 -0.0432 -0.3973
vn -0.0594 0.7806 0.6221
vn 0.0436 0.6615 0.7486
vn -0.0040 0.5410 0.8410
vn 0.0356 0.5497 0.8346
vn -0.0512 0.2873 0.9565
vn -0.0040 0.3421 0.9397
vn 0.2564 0.5169 0.8167
vn 0.4233 0.5340 0.7319
vn 0.3434 0.0829 0.9355
vn 0.5005 -0.0670 0.8631
vn 0.6633 -0.0981 0.7418
vn 0.5878 -0.2249 0.7771
vn 0.4528 -0.2796 0.8466
vn 0.4203 0.0039 0.9074
vn 0.4150 -0.2806 0.8655
vn 0.4455 0.0276 0.8949
vn 0.3996 -0.2492 0.8822
vn 0.5165 0.3430 0.7846
vn 0.7040 0.3893 0.5939
vn 0.5409 -0.0118 0.8410
vn 0.4382 -0.1382 0.8882
vn 0.6705 0.2817 0.6864
vn 0.7599 0.3741 0.5316
vn 0.6565 0.2005 0.7272
vn 0.5000 -0.0827 0.8621
vn 0.4283 0.1454 0.8919
vn 0.3743 0.2719 0.8865
vn 0.5869 0.1694 0.7917
vn 0.7653 0.2894 0.5750
vn 0.8107 0.5260 0.2571
vn 0.4085 0.4719 0.7813
vn 0.2717 0.5474 0.7915
vn 0.3734 0.5227 0.7664
vn 0.6994 0.2331 0.6757
vn 0.6439 0.2725 0.7149
vn 0.5464 -0.0197 0.8373
vn 0.8139 0.0590 0.5780
vn 0.6811 -0.2480 0.6890
vn 0.3426 -0.5630 0.7521
vn 0.8286 -0.0825 0.5537
vn 0.4996 -0.4445 0.7435
vn 0.8003 -0.2247 0.5559
vn 0.2781 -0.4896 0.8264
vn 0.4121 -0.3965 0.8203
vn 0.6816 -0.3034 0.6659
vn 0.4048 -0.5935 0.6956
vn 0.4596 -0.3574 0.8131
vn 0.4047 -0.7663 0.4990
vn 0.4117 -0.5998 0.6861
vn 0.4185 -0.8878 0.1916
vn 0.3253 -0.8820 0.3410
vn 0.2631 -0.8992 0.3495
vn -0.0039 -0.8840 0.4675
vn 0.3249 -0.9277 0.1840
vn 0.4267 -0.8886 0.1683
vn -0.0039 -0.9216 0.3882
vn 0.2791 -0.9002 0.3342
vn 0.3115 -0.7925 0.5244
vn -0.0038 -0.6913 0.7226
vn 0.0741 -0.9320 0.3549
vn 0.3030 -0.8066 0.5076
vn 0.3105 -0.6800 0.6643
vn 0.3263 -0.5307 0.7823
vn 0.5381 -0.6795 0.4988
vn -0.0039 -0.6242 0.7813
vn 0.5715 -0.5005 0.6503
vn 0.5928 -0.4201 0.6871
vn 0.2866 -0.4673 0.8364
vn -0.0039 -0.5556 0.8314
vn 0.5457 -0.4907 0.6792
vn 0.3981 -0.5006 0.7687
vn 0.5840 -0.3802 0.7173
vn 0.2319 -0.6799 0.6956
vn 0.5554 -0.4766 0.6814
vn 0.5972 -0.4311 0.6763
vn 0.3656 -0.6093 0.7036
vn 0.1682 -0.6691 0.7239
vn 0.0900 -0.7711 0.6303
vn 0.0826 -0.6807 0.7279
vn 0.1062 -0.8456 0.5231
vn -0.1845 -0.6791 0.7105
vn -0.3864 -0.7923 0.4723
vn 0.4688 -0.5712 0.6737
vn 0.1452 -0.9538 0.2630
vn -0.5041 -0.8634 -0.0195
vn 0.1522 -0.9874 -0.0429
vn 0.5222 -0.4594 0.7185
vn 0.9622 -0.1846 0.2003
vn 0.9696 -0.2394 0.0511
vn 0.6800 -0.3420 0.6486
vn 0.9304 -0.0824 -0.3572
vn 0.8869 -0.0276 -0.4612
vn 0.8178 0.0195 -0.5752
vn 0.8413 -0.2014 0.5016
vn 0.9870 -0.0826 0.1376
vn 0.9806 -0.0354 -0.1930
vn 0.9141 -0.3570 -0.1922
vn 0.7137 -0.4875 -0.5030
vn 0.9790 -0.1691 -0.1140
vn 0.9904 -0.0039 -0.1381
vn 0.9948 -0.0275 -0.0983
vn 0.9902 0.0671 0.1223
vn 0.9794 0.1613 -0.1219
vn 0.9995 0.0277 0.0118
vn 0.9502 0.2957 0.0986
vn 0.9560 0.2872 -0.0590
vn 0.9953 0.0826 0.0511
vn 0.9598 0.1777 0.2172
vn 0.9907 -0.0592 0.1224
vn 0.9787 -0.2005 0.0432
vn 0.8938 -0.4292 0.1300
vn 0.8784 -0.4766 0.0355
vn 0.6540 -0.7479 0.1136
vn 0.7109 -0.7030 -0.0196
vn 0.2777 -0.9584 0.0665
vn -0.2618 -0.7385 0.6213
vn 0.3009 -0.9494 -0.0899
vn 0.4101 -0.8554 -0.3164
vn 0.0506 -0.4168 -0.9076
vn 0.0663 -0.4726 -0.8788
vn 0.3259 -0.9385 0.1139
vn -0.0039 -0.9883 0.1524
vn -0.0038 -0.9611 -0.2763
vn 0.1522 -0.9874 -0.0430
vn 0.3165 -0.9182 -0.2384
vn -0.5040 -0.8635 -0.0195
vn -0.3792 -0.8874 0.2620
vn -0.0039 -0.9998 0.0195
vn -0.6682 -0.6839 -0.2931
vn -0.5419 -0.6356 -0.5498
vn -0.5031 -0.4875 -0.7136
vn -0.0040 -0.4331 -0.9013
vn -0.4708 -0.3930 -0.7899
vn -0.3380 -0.4623 -0.8197
vn 0.7082 -0.2857 -0.6456
vn 0.6533 -0.2464 -0.7159
vn 0.9288 -0.1450 -0.3409
vn 0.9912 -0.1224 -0.0513
vn 0.8597 -0.2238 0.4593
vn 0.6403 -0.5067 0.5773
vn 0.2404 -0.2641 0.9341
vn 0.0510 -0.7101 0.7022
vn 0.9944 -0.0668 -0.0825
vn 0.8723 -0.0039 -0.4890
vn 0.4887 -0.0352 -0.8718
vn -0.3252 0.0509 -0.9443
vn -0.0040 -0.0431 -0.9991
vn -0.0038 -0.4394 -0.8983
vn 0.1985 -0.6813 -0.7046
vn 0.2550 0.1609 -0.9535
vn 0.8983 0.1530 -0.4119
vn 0.6682 0.4728 -0.5744
vn 0.6083 0.5533 -0.5690
vn 0.7301 0.6828 0.0276
vn 0.4233 0.9059 -0.0119
vn 0.3889 0.8917 -0.2318
vn 0.7388 0.6677 -0.0909
vn 0.7281 0.6730 -0.1299
vn 0.9387 0.3446 -0.0119
vn 0.9355 0.3434 -0.0829
vn 0.7706 0.6204 -0.1462
vn 0.8952 0.4456 -0.0118
vn 0.3184 0.7195 -0.6173
vn 0.6262 0.5474 -0.5552
vn 0.5208 0.6304 -0.5756
vn 0.0902 0.7570 -0.6472
vn 0.1373 0.7496 -0.6475
vn 0.9163 -0.0511 -0.3972
vn 0.9868 0.1062 -0.1219
vn -0.6322 0.7343 -0.2473
vn -0.0040 0.9685 0.2490
vn -0.1848 0.9242 0.3343
vn -0.0356 0.7706 0.6363
vn 0.0276 0.6496 0.7598
vn -0.0040 0.5931 0.8051
vn 0.2172 0.5569 0.8017
vn 0.4215 0.5397 0.7288
vn 0.0434 0.5642 0.8245
vn 0.0040 0.4233 0.9060
vn -0.0040 0.4614 0.8872
vn 0.3658 0.1613 0.9166
vn 0.5610 0.0039 0.8278
vn 0.6919 -0.1779 0.6998
vn 0.6105 -0.1930 0.7681
vn 0.4436 -0.1923 0.8754
vn 0.4058 0.0828 0.9102
vn 0.4361 -0.1689 0.8839
vn 0.4529 0.0985 0.8861
vn 0.4696 -0.1381 0.8720
vn 0.5168 0.3590 0.7772
vn 0.5786 0.0354 0.8148
vn 0.5573 -0.0830 0.8261
vn 0.6769 0.2890 0.6769
vn 0.5855 -0.0904 0.8056
vn 0.6360 0.1620 0.7545
vn 0.5142 0.1531 0.8439
vn 0.4928 0.2799 0.8239
vn 0.8091 0.5249 0.2644
vn 0.5959 0.2013 0.7774
vn 0.5323 0.4297 0.7294
vn 0.3679 0.5420 0.7556
vn 0.4714 0.5348 0.7012
vn 0.7228 0.2883 0.6280
vn 0.6829 -0.0198 0.7303
vn 0.6656 0.1615 0.7286
vn 0.8189 -0.0119 0.5738
vn 0.7500 -0.2395 0.6165
vn 0.5071 -0.5935 0.6250
vn 0.9133 0.2412 0.3281
vn 0.9525 0.0040 0.3044
vn 0.9178 0.3034 0.2560
vn 0.8426 -0.1147 0.5262
vn 0.9460 0.2551 -0.2002
vn 0.9955 0.0747 -0.0590
vn 0.9541 0.1688 -0.2474
vn 0.8194 0.2000 -0.5372
vn 0.9134 -0.1450 -0.3803
vn 0.8916 -0.0903 -0.4438
vn 0.9696 -0.0510 -0.2394
vn 0.8429 -0.1608 -0.5136
vn 0.9795 -0.0590 -0.1927
vn 0.9937 0.0903 0.0668
vn 0.9283 -0.1292 -0.3486
vn 0.8686 -0.1847 -0.4599
vn 0.9135 -0.3882 -0.1215
vn 0.8707 -0.4452 -0.2088
vn 0.8982 -0.2863 -0.3334
vn 0.8882 -0.3513 0.2961
vn 0.6624 -0.6545 0.3645
vn 0.5047 -0.7864 -0.3561
vn 0.9728 -0.0827 -0.2166
vn 0.9657 -0.2404 0.0986
vn 0.8537 -0.0748 0.5154
vn 0.7864 -0.5047 -0.3561
vn 0.9426 -0.1933 0.2721
vn 0.8167 -0.0749 0.5721
vn 0.7597 -0.1456 0.6338
vn 0.8080 -0.2168 0.5479
vn 0.5480 -0.4613 0.6978
vn 0.3731 -0.5459 0.7502
vn 0.5691 -0.4750 0.6712
vn 0.4051 -0.6018 0.6883
vn 0.5071 -0.6172 0.6015
vn 0.6093 -0.4206 0.6722
vn 0.5761 -0.7564 0.3096
vn 0.2946 -0.6638 0.6874
vn 0.4659 -0.8810 0.0822
vn 0.3716 -0.9270 -0.0509
vn -0.0038 -0.9768 -0.2140
vn -0.0039 -1.0000 0.0039
vn 0.3252 -0.9443 0.0509
vn -0.0038 -0.9713 0.2379
vn 0.4261 -0.8874 0.1759
vn 0.2711 -0.8998 0.3419
vn -0.0039 -0.6952 0.7188
vn 0.0821 -0.9340 0.3478
vn 0.3081 -0.8074 0.5032
vn 0.5692 -0.5064 0.6477
vn -0.0039 -0.5520 0.8338
vn 0.5402 -0.4929 0.6821
vn 0.5803 -0.3908 0.7145
vn 0.2232 -0.6853 0.6932
vn 0.5449 -0.4822 0.6860
vn 0.5952 -0.4375 0.6740
vn 0.0905 -0.6963 0.7120
vn 0.0980 -0.8428 0.5292
vn -0.3878 -0.7952 0.4661
vn 0.4418 -0.5200 0.7310
vn 0.4998 -0.5549 0.6651
vn 0.1211 -0.9575 0.2618
vn -0.4326 -0.9002 -0.0507
vn 0.1447 -0.9891 -0.0273
vn 0.7230 -0.3042 0.6203
vn 0.8215 0.0196 -0.5699
vn 0.8314 -0.2246 0.5083
vn 0.7165 -0.4972 -0.4893
vn 0.8983 -0.1530 0.4119
vn 0.0584 -0.4480 -0.8921
vn 0.0507 -0.5034 -0.8625
vn 0.8822 -0.2548 0.3960
vn 0.9600 0.1857 0.2094
vn 0.9950 0.0904 0.0432
vn 0.4035 -0.8892 0.2155
vn -0.1518 -0.9850 -0.0818
vn 0.0039 -0.9187 -0.3949
vn -0.1605 -0.9044 0.3954
vn -0.3234 -0.9313 0.1676
vn 0.5605 -0.8270 0.0431
vn 0.3730 -0.6321 0.6792
vn 0.9855 0.0196 0.1688
vn 0.9942 -0.0432 0.0983
vn 0.9965 0.0118 -0.0827
vn 0.9997 0.0118 0.0198
vn 0.9953 0.0826 0.0512
vn 0.9916 -0.0593 0.1145
vn 0.8802 -0.4734 0.0352
vn 0.8938 -0.4292 0.1299
vn 0.6534 -0.7472 0.1213
vn 0.4026 -0.8560 -0.3244
vn 0.2631 -0.9619 0.0746
vn -0.2628 -0.7492 0.6080
vn 0.2539 -0.9413 -0.2226
vn 0.1446 -0.9891 -0.0274
vn 0.3018 -0.9446 0.1293
vn -0.3792 -0.8875 0.2619
vn -0.1598 -0.9862 -0.0429
vn -0.0039 -0.9994 -0.0352
vn -0.1529 -0.9527 0.2627
vn 0.4982 -0.8669 -0.0196
vn 0.3797 -0.7946 0.4737
vn -0.1140 -0.8449 0.5226
vn 0.8135 -0.0668 -0.5777
vn 0.9166 -0.0433 -0.3973
vn 0.3482 0.1370 -0.9274
vn 0.7924 0.0907 -0.6032
vn 0.2159 0.3416 -0.9147
vn 0.7512 0.2714 -0.6017
vn 0.6936 0.3331 -0.6387
vn -0.1214 0.7399 -0.6616
vn 0.0274 0.4107 -0.9114
vn 0.7713 0.2545 -0.5834
vn -0.5848 0.6633 -0.4671
vn 0.0510 0.4356 -0.8987
vn 0.5776 0.4519 -0.6798
vn -0.3568 0.5136 -0.7803
vn -0.0904 0.6168 -0.7819
vn 0.5570 0.7149 -0.4226
vn -0.2934 0.5203 -0.8020
vn -0.0905 0.9958 -0.0118
vn -0.3642 0.7322 -0.5756
vn -0.5599 0.6852 -0.4659
vn -0.6460 0.6381 -0.4189
vn -0.4294 0.8706 0.2403
vn -0.5856 0.7743 0.2398
vn -0.7564 0.6467 0.0980
vn -0.5774 0.6639 0.4753
vn 0.0831 0.2649 0.9607
vn -0.5991 0.7479 0.2858
vn -0.1147 0.3518 0.9290
vn 0.2013 0.0908 0.9753
vn -0.7249 0.6543 0.2155
vn -0.5368 0.8267 0.1685
vn -0.4288 0.6806 0.5941
vn -0.2003 0.5224 0.8288
vn 0.2255 0.2650 0.9375
vn 0.0750 0.5095 0.8572
vn 0.0436 0.6615 0.7487
vn 0.4233 0.5341 0.7319
vn 0.6276 0.3434 0.6987
vn 0.7995 0.5317 0.2796
vn 0.7040 0.3894 0.5939
vn 0.8196 -0.1765 0.5451
vn 0.7830 0.6099 0.1220
vn 0.7600 0.3741 0.5315
vn 0.9424 0.1223 0.3115
vn 0.8505 0.3758 0.3679
vn 0.6598 0.6045 0.4464
vn 0.5944 0.2637 0.7597
vn 0.9178 0.3033 0.2561
vn 0.2562 0.0434 0.9657
vn 0.5003 -0.0748 0.8626
vn 0.9191 -0.1223 0.3747
vn 0.9167 -0.0433 -0.3973
vn 0.4679 -0.1612 0.8690
vn 0.0829 -0.1066 0.9908
vn 0.9605 -0.1067 0.2569
vn 0.7924 0.0906 -0.6032
vn 0.3972 -0.1298 0.9085
vn 0.2013 -0.2329 0.9514
vn 0.7369 -0.1852 0.6502
vn 0.6899 -0.1222 0.7135
vn 0.9937 0.1060 -0.0353
vn 0.9624 0.0668 0.2632
vn 0.7713 0.2545 -0.5833
vn 0.4142 -0.2012 0.8877
vn 0.6030 -0.4139 0.6819
vn 0.4765 -0.3662 0.7993
vn 0.6261 -0.2323 0.7443
vn 0.5800 -0.2170 0.7852
vn 0.3990 -0.2805 0.8730
vn 0.5484 -0.2880 0.7851
vn 0.4285 -0.1848 0.8845
vn 0.3675 -0.3201 0.8732
vn 0.8729 -0.0991 0.4778
vn 0.4685 -0.2244 0.8545
vn 0.9658 0.0749 0.2483
vn 0.5570 0.7149 -0.4227
vn 0.4779 -0.2251 0.8491
vn 0.7851 0.4379 0.4379
vn 0.4214 -0.3033 0.8547
vn 0.3581 0.2716 0.8933
vn 0.1066 0.2882 0.9516
vn 0.2299 -0.7442 -0.6272
vn -0.0159 -0.4043 -0.9145
vn -0.0039 -0.9215 0.3882
vn 0.6077 -0.7096 0.3567
vn -0.0038 -0.9487 0.3162
vn 0.6580 -0.7053 0.2640
vn -0.0039 -0.9671 0.2545
vn 0.9891 0.0512 0.1379
vn 0.6871 -0.7028 0.1845
vn 0.9887 0.0355 0.1457
vn 0.6525 -0.7541 0.0742
vn 0.7109 0.6952 0.1060
vn 0.7349 -0.6721 -0.0904
vn 0.9908 0.1303 0.0355
vn 0.6626 -0.7097 -0.2392
vn 0.5912 -0.6225 -0.5129
vn 0.9385 0.0510 -0.3416
vn 0.6807 0.7279 -0.0826
vn 0.3396 -0.5190 -0.7844
vn -0.0039 -0.5099 -0.8602
vn 0.6356 0.7224 -0.2724
vn 0.4921 0.7126 -0.5000
vn -0.0039 0.7919 -0.6107
vn 0.6283 0.7706 0.1067
vn -0.0039 0.9943 0.1061
vn 0.5254 0.8493 -0.0513
vn -0.0039 0.9977 -0.0671
vn 0.4913 0.7977 -0.3497
vn 0.4121 0.4278 -0.8044
vn -0.0039 0.3788 -0.9255
vn 0.7728 0.1530 -0.6159
vn 0.5840 -0.1607 -0.7957
vn 0.2623 -0.1057 -0.9592
vn -0.0039 -0.1130 -0.9936
vn -0.6899 -0.6353 0.3469
vn -0.9030 -0.4183 0.0978
vn -0.9186 -0.3948 0.0196
vn -0.6370 -0.6526 0.4103
vn -0.9166 -0.3628 0.1678
vn 0.0118 -0.8756 0.4829
vn -0.6834 -0.4881 0.5428
vn -0.8820 -0.3332 0.3332
vn 0.0274 -0.8336 0.5518
vn 0.7569 -0.6314 0.1686
vn 0.8425 -0.5369 0.0431
vn -0.7550 -0.2073 0.6220
vn -0.3885 -0.8831 0.2629
vn 0.9109 -0.2405 -0.3352
vn 0.8963 -0.1213 -0.4266
vn -0.4351 -0.1372 0.8898
vn -0.3736 -0.3815 0.8455
vn 0.1138 -0.7180 0.6866
vn 0.2788 -0.4987 0.8207
vn 0.8784 -0.1930 0.4372
vn 0.8382 -0.3817 0.3896
vn 0.9765 -0.1922 -0.0981
vn 0.8009 -0.5484 0.2406
vn 0.9478 -0.2478 -0.2006
vn 0.8518 -0.3023 -0.4279
vn 0.9303 -0.2473 -0.2708
vn 0.8040 -0.2549 -0.5373
vn 0.7803 -0.1765 -0.6000
vn 0.5450 -0.4587 -0.7018
vn 0.6224 -0.3641 -0.6929
vn 0.4794 -0.4249 -0.7679
vn 0.4416 -0.2696 -0.8558
vn 0.5615 -0.1060 -0.8206
vn 0.3412 0.1843 -0.9217
vn -0.3777 -0.0740 -0.9230
vn -0.5749 0.0352 -0.8175
vn -0.5706 -0.3532 -0.7414
vn -0.5494 -0.4481 -0.7053
vn -0.4870 -0.5259 -0.6973
vn -0.5502 -0.6282 -0.5502
vn -0.7448 -0.4718 -0.4718
vn -0.6761 -0.6760 -0.2931
vn -0.9318 -0.3626 0.0195
vn -0.3885 -0.8831 0.2630
vn -0.9167 -0.3627 0.1677
vn -0.8773 -0.3470 -0.3314
vn -0.9030 -0.4183 0.0977
vn -0.8938 -0.1990 -0.4020
vn -0.9186 -0.3948 0.0195
vn -0.8789 -0.2149 -0.4258
vn 0.3413 0.1373 -0.9299
vn 0.2078 0.3490 -0.9138
vn 0.6860 0.3332 -0.6468
vn -0.2863 0.5215 -0.8038
vn 0.0195 0.4172 -0.9086
vn 0.7646 0.2548 -0.5920
vn -0.5826 0.6608 -0.4732
vn -0.6322 0.7343 -0.2474
vn 0.0275 0.4360 -0.8995
vn 0.5639 0.4535 -0.6902
vn -0.3568 0.5137 -0.7803
vn -0.1140 0.6017 -0.7905
vn 0.5532 0.7101 -0.4355
vn -0.1061 0.9940 -0.0275
vn -0.3653 0.7109 -0.6010
vn -0.5504 0.6831 -0.4801
vn -0.6470 0.6314 -0.4275
vn -0.4507 0.8662 0.2156
vn -0.5939 0.7749 0.2164
vn -0.6154 0.6624 0.4272
vn 0.0904 0.2554 0.9626
vn 0.0435 0.1700 0.9845
vn 0.1221 0.2638 0.9568
vn -0.6067 0.7476 0.2701
vn -0.0197 0.3350 0.9420
vn -0.7261 0.6554 0.2080
vn 0.2404 0.2641 0.9341
vn 0.0748 0.5003 0.8626
vn 0.6376 0.3366 0.6930
vn 0.7977 0.5305 0.2869
vn 0.8266 -0.1780 0.5339
vn 0.7852 0.6037 0.1381
vn 0.5880 0.2723 0.7617
vn 0.2725 0.0671 0.9598
vn 0.5157 -0.0669 0.8542
vn 0.9172 -0.1141 0.3818
vn 0.9163 -0.0511 -0.3971
vn 0.4597 -0.1453 0.8761
vn 0.3906 -0.1302 0.9113
vn 0.2009 -0.2404 0.9497
vn 0.7331 -0.1843 0.6547
vn 0.6850 -0.1307 0.7167
vn 0.9603 0.0593 0.2727
vn 0.7646 0.2549 -0.5920
vn 0.4048 -0.2004 0.8921
vn 0.4778 -0.3593 0.8016
vn 0.6334 -0.2400 0.7357
vn 0.5929 -0.2238 0.7735
vn 0.5635 -0.3034 0.7684
vn 0.4220 -0.1854 0.8874
vn 0.3650 -0.3178 0.8751
vn 0.5153 -0.3659 0.7750
vn 0.8642 -0.0987 0.4933
vn 0.4459 -0.2328 0.8643
vn 0.9629 0.0589 0.2633
vn 0.4548 -0.2650 0.8503
vn 0.7931 0.4064 0.4537
vn 0.4205 -0.3498 0.8371
vn 0.3808 0.2159 0.8991
vn -0.0039 -0.9651 0.2618
vn 0.6177 -0.7514 0.2321
vn 0.9905 0.0434 0.1302
vn 0.7109 0.6952 0.1061
vn 0.7350 -0.6720 -0.0904
vn 0.6821 0.7295 0.0513
vn 0.5860 -0.6254 -0.5152
vn 0.3409 -0.5133 -0.7876
vn -0.0038 -0.5099 -0.8602
vn -0.0039 0.7986 -0.6019
vn 0.6197 0.7776 0.1066
vn -0.0039 0.9977 -0.0670
vn 0.4121 0.4277 -0.8045
vn 0.7659 0.1532 -0.6245
vn 0.5759 -0.1528 -0.8031
vn 0.2621 -0.1134 -0.9584
vn -0.0038 -0.1207 -0.9927
vn -0.6969 -0.6190 0.3621
vn -0.9137 -0.3927 0.1050
vn -0.9251 -0.3787 0.0274
vn -0.6516 -0.6282 0.4253
vn -0.9254 -0.3397 0.1679
vn 0.0117 -0.8636 0.5041
vn -0.6856 -0.4740 0.5524
vn -0.8773 -0.3470 0.3314
vn 0.0274 -0.8113 0.5840
vn 0.7781 -0.5982 0.1916
vn 0.8511 -0.5217 0.0588
vn -0.7478 -0.2310 0.6225
vn -0.2627 -0.7492 0.6080
vn 0.9252 -0.1929 -0.3268
vn 0.9053 -0.1058 -0.4115
vn -0.4272 -0.1607 0.8897
vn -0.3815 -0.3736 0.8455
vn 0.8597 -0.2237 0.4593
vn 0.9636 -0.2242 -0.1455
vn 0.8134 -0.5226 0.2554
vn 0.9570 -0.2166 -0.1930
vn 0.9401 -0.2163 -0.2635
vn 0.8284 -0.2395 -0.5064
vn 0.8433 -0.3256 -0.4276
vn 0.8873 -0.2385 -0.3948
vn 0.7964 -0.1216 -0.5924
vn 0.4839 -0.4210 -0.7672
vn 0.4500 -0.2230 -0.8648
vn 0.5698 -0.0275 -0.8213
vn 0.3496 0.2003 -0.9152
vn -0.0508 -0.2229 -0.9735
vn -0.3854 -0.0039 -0.9227
vn -0.5801 0.0350 -0.8138
vn -0.5799 -0.3153 -0.7512
vn -0.4870 -0.5259 -0.6974
vn -0.5420 -0.6356 -0.5498
vn -0.6682 -0.6838 -0.2931
vn -0.8151 -0.4173 -0.4017
vn -0.9253 -0.3787 0.0195
vn -0.3792 -0.8875 0.2620
vn -0.8920 -0.3077 -0.3311
vn -0.9137 -0.3927 0.1049
vn -0.9020 -0.1757 -0.3944
vn -0.9251 -0.3786 0.0273
vn -0.8836 -0.2141 -0.4165
vn -0.8161 -0.0664 -0.5740
vn -0.5579 0.1911 -0.8076
vn -0.3551 0.1366 -0.9248
vn -0.7953 0.0901 -0.5995
vn -0.2234 0.3410 -0.9131
vn -0.7546 0.2698 -0.5982
vn -0.6976 0.3313 -0.6353
vn 0.2790 0.5227 -0.8056
vn 0.1137 0.7406 -0.6623
vn -0.0352 0.4106 -0.9111
vn -0.7745 0.2529 -0.5799
vn 0.5796 0.6663 -0.4692
vn 0.3734 0.8057 -0.4599
vn 0.6286 0.7393 -0.2412
vn -0.0589 0.4354 -0.8983
vn -0.5828 0.4498 -0.6767
vn 0.3499 0.5151 -0.7825
vn 0.0826 0.6173 -0.7824
vn -0.5624 0.7118 -0.4208
vn 0.2862 0.5215 -0.8038
vn 0.0827 0.9965 -0.0118
vn 0.3573 0.7343 -0.5772
vn 0.5545 0.6882 -0.4680
vn 0.6414 0.6414 -0.4210
vn 0.4229 0.8735 0.2411
vn 0.5804 0.7779 0.2409
vn 0.7530 0.6505 0.0986
vn 0.5722 0.6669 0.4774
vn -0.0909 0.2647 0.9600
vn 0.5940 0.7514 0.2872
vn 0.1068 0.3521 0.9298
vn -0.2089 0.0907 0.9737
vn 0.7211 0.6581 0.2167
vn 0.5312 0.8302 0.1692
vn 0.4224 0.6829 0.5961
vn 0.1927 0.5232 0.8301
vn -0.2329 0.2646 0.9358
vn -0.0829 0.5092 0.8566
vn -0.0515 0.6612 0.7484
vn -0.4298 0.5323 0.7294
vn -0.6324 0.3417 0.6952
vn -0.8023 0.5283 0.2779
vn -0.8221 -0.1753 0.5416
vn -0.7860 0.6062 0.1212
vn -0.7633 0.3719 0.5284
vn -0.8134 0.5227 0.2554
vn -0.9432 0.1213 0.3092
vn -0.8527 0.3733 0.3655
vn -0.6642 0.6013 0.4441
vn -0.5994 0.2625 0.7562
vn -0.9191 0.3011 0.2542
vn -0.2636 0.0433 0.9637
vn -0.5061 -0.0745 0.8592
vn -0.9203 -0.1214 0.3720
vn -0.9179 -0.0430 -0.3945
vn -0.4740 -0.1606 0.8658
vn -0.0907 -0.1065 0.9902
vn -0.9611 -0.1059 0.2550
vn -0.7953 0.0901 -0.5994
vn -0.4038 -0.1294 0.9056
vn -0.2089 -0.2325 0.9499
vn -0.9938 0.1052 -0.0351
vn -0.6940 -0.1216 0.7097
vn -0.9630 0.0663 0.2612
vn -0.7745 0.2530 -0.5798
vn -0.4208 -0.2005 0.8847
vn -0.8747 -0.0981 0.4746
vn -0.4348 -0.1841 0.8815
vn -0.9663 0.0743 0.2465
vn -0.5828 0.4499 -0.6767
vn -0.4747 -0.2236 0.8513
vn -0.7881 0.4352 0.4352
vn -0.4839 -0.2243 0.8459
vn -0.3650 0.2708 0.8908
vn -0.1144 0.2880 0.9508
vn -0.4278 -0.3023 0.8518
vn -0.3743 -0.3191 0.8707
vn -0.5538 -0.2868 0.7817
vn -0.4056 -0.2796 0.8703
vn -0.5852 -0.2160 0.7816
vn -0.4825 -0.3648 0.7963
vn -0.6309 -0.2312 0.7406
vn -0.7404 -0.1841 0.6464
vn -0.2372 -0.7428 -0.6261
vn -0.0038 -0.4014 -0.9159
vn -0.6126 -0.7062 0.3551
vn -0.9175 0.2069 -0.3396
vn -0.6624 -0.7016 0.2626
vn -0.0040 -0.9671 0.2545
vn -0.9893 0.0508 0.1369
vn -0.6912 -0.6990 0.1836
vn -0.6570 -0.7503 0.0739
vn -0.9872 -0.1365 0.0820
vn -0.7148 0.6914 0.1055
vn -0.7386 -0.6682 -0.0899
vn -0.9910 0.1292 0.0352
vn -0.6670 -0.7060 -0.2380
vn -0.0040 -0.9487 -0.3162
vn -0.5962 -0.6196 -0.5105
vn -0.9394 0.0507 -0.3391
vn -0.6849 0.7240 -0.0822
vn -0.3464 -0.5177 -0.7823
vn -0.6402 0.7188 -0.2711
vn -0.4980 0.7098 -0.4981
vn -0.0040 0.7919 -0.6107
vn -0.6331 0.7668 0.1062
vn -0.0040 0.9943 0.1061
vn -0.5311 0.8458 -0.0511
vn -0.0040 0.9977 -0.0670
vn -0.4972 0.7947 -0.3484
vn -0.7760 0.1521 -0.6122
vn -0.4185 0.4264 -0.8019
vn -0.5891 -0.1600 -0.7920
vn -0.0040 0.3788 -0.9255
vn -0.2696 -0.1055 -0.9572
vn 0.6858 -0.6388 0.3488
vn 0.9173 -0.3977 0.0197
vn 0.9016 -0.4213 0.0984
vn 0.6323 -0.6558 0.4124
vn 0.9154 -0.3654 0.1690
vn -0.0196 -0.8755 0.4829
vn 0.6792 -0.4907 0.5457
vn 0.8802 -0.3355 0.3355
vn -0.0352 -0.8334 0.5516
vn -0.7602 -0.6277 0.1676
vn -0.8448 -0.5334 0.0428
vn 0.7517 -0.2086 0.6257
vn 0.3818 -0.8858 0.2637
vn 0.2545 -0.7400 0.6226
vn -0.9123 -0.2388 -0.3328
vn -0.8978 -0.1205 -0.4236
vn 0.4288 -0.1377 0.8929
vn -0.0588 -0.7020 0.7098
vn -0.2465 -0.2543 0.9352
vn 0.3668 -0.3826 0.8480
vn -0.1215 -0.7174 0.6860
vn -0.2860 -0.4976 0.8189
vn -0.8802 -0.1917 0.4342
vn -0.8565 -0.2229 0.4654
vn -0.8405 -0.3792 0.3870
vn -0.9842 -0.1673 -0.0584
vn -0.8037 -0.5449 0.2391
vn -0.9768 -0.1907 -0.0973
vn -0.9486 -0.2459 -0.1991
vn -0.9314 -0.2455 -0.2689
vn -0.8539 -0.3002 -0.4250
vn -0.8889 -0.2368 -0.3921
vn -0.8067 -0.2533 -0.5339
vn -0.7834 -0.1754 -0.5963
vn -0.5505 -0.4568 -0.6988
vn -0.4854 -0.4233 -0.7650
vn -0.4478 -0.2687 -0.8528
vn -0.5669 -0.1055 -0.8170
vn -0.3482 0.1838 -0.9192
vn 0.0350 -0.2996 -0.9534
vn 0.3710 -0.0743 -0.9257
vn 0.5696 0.0354 -0.8211
vn 0.5654 -0.3548 -0.7446
vn 0.8771 -0.2163 -0.4287
vn 0.9173 -0.3976 0.0197
vn 0.9016 -0.4212 0.0984
vn 0.8755 -0.3494 -0.3337
vn 0.9154 -0.3654 0.1689
vn 0.9307 -0.3652 0.0196
vn 0.8803 -0.3355 0.3355
vn 0.3818 -0.8858 0.2638
vn 0.6718 -0.6796 -0.2946
vn 0.7413 -0.4746 -0.4746
vn 0.5447 -0.6309 -0.5525
vn 0.4810 -0.5279 -0.7000
vn -0.8161 -0.0664 -0.5741
vn -0.5570 0.1987 -0.8064
vn -0.3482 0.1370 -0.9273
vn -0.1758 0.4728 -0.8635
vn -0.2153 0.3485 -0.9123
vn -0.6901 0.3314 -0.6434
vn -0.0273 0.4172 -0.9084
vn -0.7678 0.2533 -0.5885
vn 0.5774 0.6638 -0.4753
vn -0.0353 0.4359 -0.8993
vn -0.5693 0.4515 -0.6871
vn 0.1063 0.6022 -0.7912
vn -0.5586 0.7070 -0.4336
vn 0.2863 0.5215 -0.8038
vn 0.0983 0.9948 -0.0275
vn 0.3584 0.7130 -0.6027
vn 0.5449 0.6860 -0.4821
vn 0.6425 0.6346 -0.4296
vn 0.4445 0.8693 0.2163
vn 0.5888 0.7785 0.2174
vn 0.6105 0.6656 0.4293
vn -0.0982 0.2552 0.9619
vn -0.0514 0.1700 0.9841
vn -0.1298 0.2636 0.9559
vn 0.6017 0.7512 0.2714
vn 0.0118 0.3351 0.9421
vn 0.7223 0.6592 0.2092
vn -0.2478 0.2636 0.9323
vn -0.0827 0.4999 0.8621
vn -0.6422 0.3349 0.6895
vn -0.8005 0.5272 0.2851
vn -0.7080 0.3873 0.5906
vn -0.8291 -0.1768 0.5305
vn -0.7882 0.6000 0.1372
vn -0.8117 0.5216 0.2627
vn -0.5931 0.2710 0.7581
vn -0.2798 0.0670 0.9577
vn -0.5214 -0.0666 0.8507
vn -0.9184 -0.1133 0.3790
vn -0.9176 -0.0508 -0.3943
vn -0.4658 -0.1449 0.8729
vn -0.8162 -0.0664 -0.5740
vn -0.3972 -0.1298 0.9085
vn -0.2085 -0.2400 0.9481
vn -0.7546 0.2697 -0.5982
vn -0.6901 0.3314 -0.6433
vn -0.6892 -0.1300 0.7128
vn -0.9609 0.0589 0.2706
vn -0.4114 -0.1998 0.8893
vn -0.8662 -0.0980 0.4899
vn -0.4284 -0.1848 0.8845
vn -0.9635 0.0585 0.2614
vn -0.5692 0.4515 -0.6871
vn -0.5586 0.7071 -0.4336
vn -0.4522 -0.2320 0.8612
vn -0.7960 0.4038 0.4509
vn -0.4610 -0.2640 0.8472
vn -0.3875 0.2153 0.8964
vn -0.4270 -0.3486 0.8344
vn -0.3717 -0.3169 0.8726
vn -0.5211 -0.3644 0.7718
vn -0.5688 -0.3021 0.7650
vn -0.5980 -0.2228 0.7699
vn -0.4839 -0.3580 0.7986
vn -0.6381 -0.2388 0.7320
vn -0.7367 -0.1832 0.6509
vn -0.0040 -0.9651 0.2618
vn -0.6225 -0.7478 0.2310
vn -0.6588 -0.7055 0.2612
vn -0.9907 0.0431 0.1292
vn -0.6912 -0.6990 0.1835
vn -0.9910 0.1293 0.0352
vn -0.5912 -0.6225 -0.5129
vn -0.9394 0.0506 -0.3391
vn -0.3478 -0.5119 -0.7855
vn -0.6402 0.7188 -0.2710
vn -0.0040 0.7986 -0.6019
vn -0.6245 0.7738 0.1061
vn -0.7691 0.1523 -0.6207
vn -0.5811 -0.1521 -0.7995
vn -0.2693 -0.1132 -0.9564
vn -0.0039 -0.1207 -0.9927
vn 0.6929 -0.6224 0.3641
vn 0.9240 -0.3814 0.0276
vn 0.9123 -0.3955 0.1058
vn 0.6470 -0.6314 0.4274
vn 0.9243 -0.3422 0.1691
vn -0.0195 -0.8635 0.5040
vn 0.6814 -0.4766 0.5554
vn 0.8755 -0.3494 0.3337
vn -0.0353 -0.8111 0.5838
vn -0.7811 -0.5946 0.1904
vn -0.8533 -0.5182 0.0585
vn 0.7443 -0.2323 0.6261
vn 0.2555 -0.7508 0.6092
vn -0.9263 -0.1915 -0.3244
vn -0.9067 -0.1051 -0.4086
vn 0.4208 -0.1612 0.8927
vn -0.2478 -0.2635 0.9323
vn -0.1216 -0.7019 0.7019
vn -0.8160 -0.5193 0.2538
vn -0.9642 -0.2225 -0.1444
vn -0.9577 -0.2150 -0.1916
vn -0.9410 -0.2148 -0.2616
vn -0.8308 -0.2379 -0.5032
vn -0.8456 -0.3234 -0.4247
vn -0.7992 -0.1209 -0.5887
vn -0.5558 -0.4548 -0.6958
vn -0.4899 -0.4194 -0.7643
vn -0.4562 -0.2222 -0.8617
vn -0.5751 -0.0274 -0.8176
vn -0.3565 0.1998 -0.9127
vn 0.3788 -0.0039 -0.9255
vn 0.5749 0.0352 -0.8174
vn 0.0430 -0.2229 -0.9739
vn 0.5747 -0.3167 -0.7546
vn 0.5365 -0.6382 -0.5521
vn 0.6639 -0.6874 -0.2946
vn 0.9242 -0.3814 0.0197
vn 0.8904 -0.3099 -0.3334
vn 0.9124 -0.3955 0.1057
vn 0.9005 -0.1770 -0.3972
vn 0.9240 -0.3814 0.0275
vn 0.8819 -0.2156 -0.4194
vn -0.0040 -0.9883 0.1524
vn -0.3329 -0.9361 0.1136
vn -0.2849 -0.9563 0.0664
vn -0.0588 -0.7019 0.7098
vn -0.0040 -0.9895 -0.1447
vn -0.0040 -0.9584 -0.2856
vn -0.6584 -0.7441 0.1130
vn -0.4166 -0.8527 -0.3153
vn -0.0039 -0.9611 -0.2763
vn -0.3235 -0.9159 -0.2377
vn -0.0741 -0.4723 -0.8783
vn -0.0584 -0.4166 -0.9072
vn -0.8802 -0.4733 0.0352
vn -0.9909 -0.0587 0.1214
vn -0.6474 -0.4983 0.5767
vn -0.2465 -0.2544 0.9352
vn -0.8566 -0.2229 0.4654
vn -0.8892 -0.2547 0.3800
vn -0.9917 -0.1215 -0.0431
vn -0.9853 0.1285 0.1129
vn -0.7082 -0.2856 -0.6456
vn -0.8723 -0.0039 -0.4890
vn -0.9290 0.3253 0.1764
vn -0.9670 -0.1762 0.1840
vn -0.8302 -0.3313 -0.4483
vn -0.9726 -0.2070 0.1054
vn -0.8729 -0.2858 -0.3954
vn -0.9901 -0.0822 0.1134
vn -0.0894 -0.3773 -0.9218
vn -0.0895 -0.3933 -0.9150
vn -0.8222 -0.1753 -0.5416
vn -0.9987 -0.0509 0.0039
vn 0.6781 -0.3018 -0.6702
vn -0.7791 -0.0743 -0.6225
vn 0.0664 -0.4726 -0.8788
vn 0.0508 -0.3322 -0.9418
vn 0.7092 -0.2625 -0.6543
vn 0.3338 -0.1924 -0.9228
vn 0.9535 -0.2550 -0.1609
vn 0.9467 -0.2789 -0.1611
vn 0.8758 -0.2632 0.4046
vn 0.7700 -0.2931 -0.5667
vn 0.9685 -0.2078 -0.1372
vn 0.7898 -0.2790 0.5462
vn 0.2331 -0.2331 0.9441
vn 0.9826 -0.1618 -0.0908
vn -0.0196 -0.2471 0.9688
vn -0.7537 -0.1289 0.6444
vn 0.7098 -0.2784 0.6470
vn -0.7340 -0.1452 0.6634
vn -0.9726 -0.2070 0.1055
vn -0.2393 -0.2786 0.9301
vn -0.8085 -0.1601 0.5663
vn -0.9901 -0.0822 0.1135
vn -0.2081 -0.4359 0.8756
vn -0.9015 -0.1600 0.4020
vn -0.9987 -0.0509 0.0040
vn -0.5040 -0.8635 -0.0196
vn -0.3864 -0.7923 0.4722
vn 0.7989 -0.3345 0.4998
vn -0.2232 -0.6774 0.7009
vn 0.4688 -0.5713 0.6737
vn 0.6327 -0.5069 0.5855
vn 0.9696 -0.2395 0.0510
vn 0.9777 -0.2081 -0.0275
vn 0.8839 -0.0118 -0.4675
vn 0.8178 0.0196 -0.5752
vn 0.8748 -0.1765 -0.4511
vn 0.5219 -0.0510 -0.8515
vn 0.7136 -0.4875 -0.5031
vn -0.9714 -0.1600 0.1755
vn -0.8368 -0.3153 -0.4476
vn -0.9730 -0.1290 0.1914
vn -0.8856 -0.2458 -0.3941
vn -0.9913 -0.0509 0.1214
vn 0.0039 -0.3326 -0.9431
vn -0.0895 -0.3773 -0.9218
vn -0.8253 -0.1525 -0.5437
vn -0.9871 -0.1600 -0.0039
vn 0.6869 -0.2788 -0.6711
vn -0.7621 -0.1524 -0.6292
vn -0.4325 -0.9002 -0.0507
vn 0.0508 -0.5035 -0.8625
vn -0.0505 -0.3228 -0.9451
vn 0.3402 -0.1994 -0.9190
vn 0.7460 -0.2773 -0.6054
vn 0.7525 -0.2222 -0.6200
vn 0.9584 -0.2308 -0.1682
vn 0.9515 -0.2624 -0.1605
vn 0.8856 -0.2401 0.3976
vn 0.9744 -0.1775 -0.1381
vn 0.8009 -0.2407 0.5484
vn 0.2325 -0.2089 0.9499
vn 0.9841 -0.1529 -0.0902
vn -0.0197 -0.2006 0.9795
vn -0.6892 -0.0748 0.7207
vn 0.7195 -0.2477 0.6488
vn -0.7978 -0.1061 0.5935
vn -0.9730 -0.1289 0.1915
vn -0.9714 -0.1599 0.1756
vn -0.2475 -0.2396 0.9388
vn -0.8175 -0.1369 0.5594
vn -0.9913 -0.0509 0.1215
vn -0.2163 -0.4445 0.8693
vn -0.8900 -0.2392 0.3882
vn 0.8010 -0.3275 0.5011
vn -0.2318 -0.6719 0.7034
vn 0.6326 -0.5069 0.5855
vn 0.9775 -0.2081 -0.0353
vn 0.8872 -0.0118 -0.4613
vn 0.8215 0.0197 -0.5699
vn 0.8779 -0.1771 -0.4449
vn 0.5217 -0.0588 -0.8511
vn 0.7164 -0.4972 -0.4894
vn 0.0585 -0.4480 -0.8921
vn 0.8278 -0.3335 -0.4512
vn 0.9665 -0.1776 0.1854
vn 0.9722 -0.2086 0.1062
vn 0.8710 -0.2877 -0.3981
vn 0.9900 -0.0828 0.1144
vn 0.0817 -0.3775 -0.9224
vn 0.0818 -0.3935 -0.9157
vn 0.8196 -0.1765 -0.5451
vn 0.9987 -0.0513 0.0039
vn -0.6823 -0.3002 -0.6666
vn 0.7760 -0.0748 -0.6263
vn 0.4981 -0.8669 -0.0196
vn -0.0742 -0.4724 -0.8783
vn -0.0585 -0.3320 -0.9414
vn -0.7131 -0.2611 -0.6507
vn -0.3407 -0.1919 -0.9204
vn -0.9542 -0.2531 -0.1597
vn -0.9475 -0.2768 -0.1598
vn -0.8776 -0.2613 0.4018
vn -0.7731 -0.2914 -0.5633
vn -0.9690 -0.2063 -0.1362
vn -0.7928 -0.2773 0.5428
vn -0.2405 -0.2326 0.9424
vn 0.0118 -0.2471 0.9689
vn 0.7504 -0.1296 0.6482
vn -0.7136 -0.2769 0.6435
vn 0.7304 -0.1461 0.6672
vn 0.9665 -0.1775 0.1854
vn 0.9722 -0.2086 0.1063
vn 0.2319 -0.2792 0.9318
vn 0.8057 -0.1612 0.5699
vn 0.2006 -0.4366 0.8770
vn 0.9987 -0.0513 0.0040
vn 0.3797 -0.7947 0.4736
vn -0.8017 -0.3324 0.4967
vn 0.2158 -0.6786 0.7021
vn 0.1447 -0.7939 0.5906
vn 0.1769 -0.6800 0.7115
vn -0.4749 -0.5692 0.6712
vn -0.6373 -0.5044 0.5826
vn -0.9700 -0.2377 0.0507
vn -0.9781 -0.2065 -0.0273
vn -0.8856 -0.0117 -0.4643
vn -0.8204 0.0195 -0.5715
vn -0.8766 -0.1753 -0.4481
vn -0.5276 -0.0508 -0.8480
vn -0.7175 -0.4848 -0.5003
vn 0.8345 -0.3173 -0.4505
vn 0.9710 -0.1612 0.1768
vn 0.9726 -0.1300 0.1929
vn 0.8839 -0.2475 -0.3968
vn 0.9912 -0.0513 0.1224
vn -0.0117 -0.3326 -0.9430
vn 0.8228 -0.1535 -0.5472
vn 0.9869 -0.1612 -0.0040
vn -0.6910 -0.2772 -0.6676
vn 0.7588 -0.1533 -0.6330
vn -0.0585 -0.5033 -0.8622
vn 0.0428 -0.3229 -0.9455
vn -0.3471 -0.1989 -0.9165
vn -0.7495 -0.2757 -0.6019
vn -0.7559 -0.2209 -0.6163
vn -0.9590 -0.2290 -0.1670
vn -0.9523 -0.2604 -0.1593
vn -0.8873 -0.2384 0.3948
vn -0.9748 -0.1761 -0.1370
vn -0.8037 -0.2391 0.5449
vn -0.2400 -0.2085 0.9481
vn -0.9844 -0.1517 -0.0895
vn 0.0118 -0.2007 0.9796
vn 0.6850 -0.0752 0.7246
vn -0.7233 -0.2463 0.6451
vn 0.7949 -0.1068 0.5972
vn 0.9726 -0.1299 0.1930
vn 0.9709 -0.1612 0.1769
vn 0.2400 -0.2401 0.9406
vn 0.8149 -0.1378 0.5630
vn 0.9911 -0.0513 0.1225
vn 0.2088 -0.4452 0.8707
vn 0.8884 -0.2408 0.3909
vn 0.9869 -0.1612 -0.0039
vn 0.4261 -0.9032 -0.0508
vn -0.8038 -0.3254 0.4980
vn 0.0981 -0.6633 0.7419
vn -0.5056 -0.5527 0.6625
vn -0.6374 -0.5044 0.5826
vn -0.9778 -0.2065 -0.0351
vn -0.8888 -0.0117 -0.4581
vn -0.8240 0.0196 -0.5663
vn -0.8797 -0.1759 -0.4418
vn -0.5274 -0.0586 -0.8476
vn 0.8857 -0.3582 0.2953
vn 0.6402 -0.6481 0.4124
vn 0.9237 -0.1376 -0.3576
vn 0.4100 -0.8864 0.2148
vn 0.8751 -0.4591 -0.1530
vn 0.5538 -0.7817 -0.2867
vn -0.1606 -0.9829 -0.0901
vn -0.1600 -0.9016 0.4020
vn 0.9147 -0.3416 -0.2159
vn 0.3017 -0.6623 0.6858
vn 0.8717 -0.1854 -0.4536
vn 0.7597 -0.1456 0.6337
vn 0.8361 -0.1688 -0.5220
vn 0.8167 -0.0750 0.5721
vn 0.3885 -0.6317 0.6709
vn 0.8426 -0.1147 0.5261
vn 0.8572 -0.0751 0.5096
vn 0.9397 -0.2084 0.2713
vn -0.2929 -0.9413 0.1679
vn 0.5690 -0.8202 0.0589
vn 0.0117 -0.9187 -0.3948
vn 0.7793 -0.5208 -0.3486
vn 0.9657 -0.2404 0.0985
vn 0.8962 -0.2935 -0.3327
vn 0.9778 -0.0825 -0.1924
vn 0.9616 -0.0277 0.2730
vn 0.9588 -0.0587 -0.2778
vn 0.8922 -0.0825 -0.4441
vn 0.9133 0.2412 0.3282
vn 0.8483 0.3245 -0.4183
vn 0.8194 0.2000 -0.5371
vn 0.5786 0.4605 -0.6731
vn 0.9144 -0.1373 -0.3807
vn 0.9780 -0.0589 -0.2003
vt 0.857100 0.025500
vt 0.827700 0.030100
vt 0.867600 0.063300
vt 0.848600 0.080400
vt 0.882200 0.105500
vt 0.861700 0.112500
vt 0.893200 0.136000
vt 0.879100 0.145900
vt 0.836200 0.133200
vt 0.900200 0.172500
vt 0.907200 0.166000
vt 0.919100 0.194300
vt 0.860500 0.159300
vt 0.877400 0.182100
vt 0.895300 0.202300
vt 0.830800 0.177300
vt 0.812600 0.150500
vt 0.849500 0.196400
vt 0.864400 0.221400
vt 0.802700 0.189800
vt 0.783500 0.163700
vt 0.816500 0.212500
vt 0.831300 0.232400
vt 0.760500 0.202900
vt 0.745600 0.178000
vt 0.776000 0.227700
vt 0.718400 0.221100
vt 0.705600 0.194200
vt 0.732000 0.248300
vt 0.675700 0.241700
vt 0.666400 0.209200
vt 0.636800 0.221600
vt 0.795100 0.250600
vt 0.635100 0.261100
vt 0.749100 0.274000
vt 0.685400 0.272500
vt 0.612200 0.262600
vt 0.616600 0.223900
vt 0.601300 0.225500
vt 0.638500 0.295800
vt 0.699100 0.300100
vt 0.647000 0.322200
vt 0.610100 0.308800
vt 0.626200 0.331700
vt 0.669500 0.350900
vt 0.643600 0.366300
vt 0.720100 0.327600
vt 0.771100 0.298900
vt 0.704800 0.383300
vt 0.820300 0.269800
vt 0.747700 0.356200
vt 0.795500 0.326600
vt 0.850800 0.252800
vt 0.846900 0.295100
vt 0.878000 0.241000
vt 0.879200 0.283400
vt 0.910400 0.241400
vt 0.937300 0.234800
vt 0.948500 0.264600
vt 0.922500 0.281500
vt 0.908900 0.325800
vt 0.881400 0.339100
vt 0.916300 0.362700
vt 0.853600 0.329100
vt 0.866200 0.408200
vt 0.895400 0.441600
vt 0.939200 0.389600
vt 0.839500 0.380100
vt 0.816100 0.355500
vt 0.772500 0.382900
vt 0.814200 0.446400
vt 0.838000 0.491900
vt 0.790500 0.411900
vt 0.737100 0.400900
vt 0.766500 0.471100
vt 0.797900 0.516000
vt 0.735000 0.431800
vt 0.750600 0.539500
vt 0.682700 0.414700
vt 0.700200 0.455200
vt 0.725300 0.496400
vt 0.682500 0.520200
vt 0.702800 0.563800
vt 0.632100 0.434500
vt 0.657300 0.477800
vt 0.639200 0.542200
vt 0.662600 0.582800
vt 0.630000 0.600500
vt 0.612800 0.501300
vt 0.596200 0.564000
vt 0.576100 0.631500
vt 0.586700 0.459600
vt 0.550000 0.591200
vt 0.540300 0.657000
vt 0.566900 0.525900
vt 0.509800 0.620100
vt 0.507100 0.686400
vt 0.520500 0.553000
vt 0.539100 0.485500
vt 0.476100 0.651300
vt 0.480900 0.710300
vt 0.477500 0.583200
vt 0.448900 0.680300
vt 0.460400 0.731900
vt 0.443500 0.619000
vt 0.427700 0.708700
vt 0.441000 0.758700
vt 0.415400 0.651800
vt 0.404900 0.585300
vt 0.410100 0.739300
vt 0.393400 0.683900
vt 0.396500 0.772100
vt 0.424100 0.791000
vt 0.375800 0.717200
vt 0.377300 0.621700
vt 0.387900 0.805100
vt 0.414500 0.821400
vt 0.404100 0.850800
vt 0.362700 0.752200
vt 0.380600 0.837900
vt 0.357100 0.786900
vt 0.321000 0.732100
vt 0.323100 0.771900
vt 0.354500 0.820200
vt 0.370300 0.872800
vt 0.390900 0.881700
vt 0.362700 0.921300
vt 0.338400 0.847800
vt 0.324900 0.803000
vt 0.316900 0.832400
vt 0.338100 0.878400
vt 0.323500 0.855000
vt 0.290800 0.851400
vt 0.302500 0.872500
vt 0.280800 0.840500
vt 0.314400 0.890100
vt 0.301100 0.821100
vt 0.279100 0.840100
vt 0.346200 0.903700
vt 0.316000 0.909000
vt 0.320300 0.928100
vt 0.305400 0.922900
vt 0.332900 0.946000
vt 0.297800 0.946100
vt 0.306800 0.961200
vt 0.273000 0.959600
vt 0.268800 0.941400
vt 0.272800 0.971900
vt 0.243800 0.968400
vt 0.246100 0.976700
vt 0.246100 0.946900
vt 0.217200 0.976200
vt 0.228100 0.942200
vt 0.215000 0.961500
vt 0.193600 0.961000
vt 0.193500 0.971500
vt 0.174000 0.966700
vt 0.205800 0.945500
vt 0.175800 0.957800
vt 0.236700 0.923400
vt 0.253800 0.923100
vt 0.255600 0.902600
vt 0.240100 0.904400
vt 0.250700 0.878700
vt 0.222700 0.921400
vt 0.225200 0.906000
vt 0.233400 0.885000
vt 0.216100 0.934700
vt 0.216700 0.907300
vt 0.212600 0.917200
vt 0.207800 0.928600
vt 0.219900 0.892100
vt 0.207100 0.911800
vt 0.211100 0.899300
vt 0.210000 0.882200
vt 0.201100 0.922400
vt 0.199800 0.936200
vt 0.191700 0.948800
vt 0.193200 0.928200
vt 0.189500 0.938900
vt 0.177000 0.948100
vt 0.192400 0.924500
vt 0.187500 0.930000
vt 0.178800 0.938400
vt 0.180700 0.930100
vt 0.187000 0.925100
vt 0.199700 0.920100
vt 0.191600 0.922800
vt 0.204700 0.909600
vt 0.198200 0.918200
vt 0.203900 0.902800
vt 0.202700 0.909200
vt 0.200900 0.903900
vt 0.201400 0.891900
vt 0.198900 0.899900
vt 0.199400 0.908500
vt 0.197900 0.904700
vt 0.196400 0.916400
vt 0.195200 0.909300
vt 0.191600 0.903200
vt 0.191600 0.920100
vt 0.191500 0.912800
vt 0.187200 0.921400
vt 0.189000 0.917700
vt 0.184800 0.920000
vt 0.186100 0.915800
vt 0.185400 0.910100
vt 0.181900 0.918700
vt 0.182900 0.924600
vt 0.179800 0.922400
vt 0.177100 0.914700
vt 0.174900 0.926800
vt 0.171500 0.918800
vt 0.168300 0.935200
vt 0.181200 0.906900
vt 0.162400 0.944600
vt 0.189700 0.897800
vt 0.169700 0.908900
vt 0.176300 0.899000
vt 0.186400 0.890000
vt 0.154200 0.916700
vt 0.156500 0.895400
vt 0.159200 0.927800
vt 0.164700 0.885400
vt 0.148900 0.937400
vt 0.142300 0.925600
vt 0.146200 0.905200
vt 0.158400 0.953700
vt 0.157700 0.964700
vt 0.140700 0.963600
vt 0.139700 0.948300
vt 0.130800 0.933600
vt 0.124600 0.951800
vt 0.125200 0.964600
vt 0.120600 0.939500
vt 0.135700 0.914200
vt 0.125700 0.921500
vt 0.110600 0.953800
vt 0.114200 0.965700
vt 0.109100 0.942500
vt 0.099600 0.954600
vt 0.101900 0.967600
vt 0.115800 0.927200
vt 0.092300 0.957200
vt 0.093100 0.969200
vt 0.096500 0.943400
vt 0.087100 0.959200
vt 0.083800 0.968800
vt 0.078500 0.966600
vt 0.089800 0.950200
vt 0.086300 0.956300
vt 0.082500 0.959900
vt 0.079600 0.959800
vt 0.073100 0.961300
vt 0.083100 0.955500
vt 0.076100 0.958000
vt 0.069100 0.955100
vt 0.079200 0.954600
vt 0.076200 0.953500
vt 0.080600 0.951400
vt 0.084900 0.950300
vt 0.077900 0.947500
vt 0.063600 0.946700
vt 0.083100 0.941600
vt 0.070800 0.939700
vt 0.069300 0.937000
vt 0.061200 0.943900
vt 0.075500 0.934300
vt 0.072600 0.931000
vt 0.088600 0.934700
vt 0.080600 0.927200
vt 0.078400 0.924600
vt 0.099300 0.933900
vt 0.094500 0.927400
vt 0.088200 0.920000
vt 0.085100 0.915900
vt 0.101800 0.922200
vt 0.106800 0.931200
vt 0.096100 0.914500
vt 0.093400 0.910100
vt 0.099400 0.907100
vt 0.103600 0.910900
vt 0.108700 0.901400
vt 0.110200 0.917700
vt 0.112700 0.904500
vt 0.116500 0.892000
vt 0.119400 0.911700
vt 0.121400 0.896700
vt 0.121100 0.883700
vt 0.128700 0.904300
vt 0.128700 0.887500
vt 0.123700 0.876500
vt 0.137600 0.895000
vt 0.133500 0.876300
vt 0.125200 0.867000
vt 0.145900 0.883900
vt 0.138800 0.864600
vt 0.128800 0.856000
vt 0.155700 0.869200
vt 0.130800 0.843600
vt 0.122300 0.842200
vt 0.128100 0.836200
vt 0.147600 0.844200
vt 0.133000 0.826400
vt 0.172300 0.877600
vt 0.169400 0.852100
vt 0.184100 0.864900
vt 0.197900 0.874600
vt 0.195200 0.845400
vt 0.222700 0.870100
vt 0.212200 0.860100
vt 0.239400 0.859100
vt 0.262700 0.862400
vt 0.228100 0.845000
vt 0.254300 0.842000
vt 0.262900 0.833400
vt 0.274100 0.853600
vt 0.239800 0.829200
vt 0.279400 0.822900
vt 0.252100 0.813400
vt 0.217900 0.826500
vt 0.232000 0.806800
vt 0.258700 0.797700
vt 0.283500 0.810500
vt 0.305800 0.792500
vt 0.292100 0.784200
vt 0.304900 0.767100
vt 0.287800 0.761400
vt 0.299600 0.739900
vt 0.266500 0.768300
vt 0.281000 0.700600
vt 0.267400 0.727700
vt 0.267300 0.754000
vt 0.337700 0.693100
vt 0.355400 0.656400
vt 0.296100 0.663300
vt 0.341700 0.588500
vt 0.312900 0.622300
vt 0.372000 0.559000
vt 0.312200 0.548500
vt 0.253600 0.633300
vt 0.394900 0.533900
vt 0.265000 0.567400
vt 0.349700 0.525600
vt 0.297400 0.503500
vt 0.435600 0.539600
vt 0.382400 0.505000
vt 0.488200 0.511300
vt 0.421500 0.491300
vt 0.335300 0.487500
vt 0.370200 0.471700
vt 0.468500 0.469800
vt 0.407900 0.453400
vt 0.516400 0.445400
vt 0.451800 0.432000
vt 0.561200 0.418500
vt 0.498000 0.408600
vt 0.600600 0.387500
vt 0.542600 0.383500
vt 0.586000 0.356900
vt 0.481300 0.373400
vt 0.524900 0.351400
vt 0.570000 0.327700
vt 0.434700 0.395600
vt 0.547000 0.291700
vt 0.393000 0.414300
vt 0.416800 0.352800
vt 0.465800 0.336400
vt 0.502800 0.319400
vt 0.479300 0.266400
vt 0.434700 0.289100
vt 0.585100 0.264200
vt 0.519800 0.247400
vt 0.560200 0.212500
vt 0.603500 0.198400
vt 0.490600 0.211400
vt 0.459400 0.234500
vt 0.525400 0.183500
vt 0.411200 0.259500
vt 0.561200 0.153800
vt 0.383200 0.269800
vt 0.584700 0.181900
vt 0.611400 0.149300
vt 0.595000 0.124700
vt 0.387700 0.307500
vt 0.331400 0.283500
vt 0.342200 0.316100
vt 0.295900 0.295600
vt 0.299800 0.322300
vt 0.305800 0.342300
vt 0.354500 0.340700
vt 0.369700 0.352500
vt 0.377100 0.370100
vt 0.371100 0.377100
vt 0.347900 0.393600
vt 0.357700 0.434900
vt 0.318200 0.409100
vt 0.324400 0.447800
vt 0.285900 0.417900
vt 0.288200 0.457400
vt 0.242000 0.455000
vt 0.248900 0.416800
vt 0.249900 0.509000
vt 0.224800 0.415100
vt 0.218500 0.452200
vt 0.208300 0.410400
vt 0.215100 0.500600
vt 0.224000 0.549500
vt 0.181000 0.444900
vt 0.182200 0.488900
vt 0.199300 0.513000
vt 0.181600 0.404100
vt 0.208500 0.367900
vt 0.145800 0.487400
vt 0.148200 0.441200
vt 0.142200 0.529500
vt 0.150900 0.397000
vt 0.174500 0.546700
vt 0.137300 0.574400
vt 0.181000 0.363200
vt 0.204600 0.330300
vt 0.153900 0.359800
vt 0.184200 0.325400
vt 0.158400 0.317300
vt 0.201200 0.559100
vt 0.182100 0.578200
vt 0.196800 0.587900
vt 0.169600 0.604100
vt 0.138100 0.595300
vt 0.210500 0.611900
vt 0.163600 0.650600
vt 0.132400 0.649700
vt 0.128300 0.672800
vt 0.201100 0.659100
vt 0.156900 0.680200
vt 0.122600 0.692800
vt 0.241200 0.676900
vt 0.190800 0.691900
vt 0.230600 0.710800
vt 0.146100 0.703700
vt 0.177600 0.717500
vt 0.244600 0.735300
vt 0.213000 0.725300
vt 0.242500 0.748000
vt 0.184900 0.736200
vt 0.242200 0.764800
vt 0.218300 0.745500
vt 0.238500 0.788000
vt 0.228900 0.765000
vt 0.221500 0.780800
vt 0.214900 0.802100
vt 0.207800 0.761300
vt 0.211600 0.781000
vt 0.194800 0.821100
vt 0.191500 0.798300
vt 0.178900 0.834100
vt 0.172600 0.817100
vt 0.161000 0.831700
vt 0.158200 0.808200
vt 0.146500 0.820100
vt 0.170700 0.796200
vt 0.147600 0.786200
vt 0.131800 0.803000
vt 0.189900 0.777200
vt 0.162400 0.769600
vt 0.193100 0.770000
vt 0.171500 0.772400
vt 0.187200 0.762300
vt 0.198500 0.761400
vt 0.186200 0.746800
vt 0.156500 0.740600
vt 0.140300 0.752100
vt 0.134000 0.732100
vt 0.109700 0.719900
vt 0.120600 0.747600
vt 0.102300 0.732700
vt 0.127200 0.772000
vt 0.112400 0.760400
vt 0.091800 0.747400
vt 0.102900 0.772300
vt 0.084500 0.755500
vt 0.079300 0.760400
vt 0.113200 0.796500
vt 0.092600 0.781900
vt 0.069900 0.768000
vt 0.121400 0.814100
vt 0.076200 0.789900
vt 0.122000 0.825800
vt 0.115000 0.831800
vt 0.056800 0.775300
vt 0.105900 0.817700
vt 0.103100 0.824800
vt 0.093300 0.799700
vt 0.091600 0.817300
vt 0.089800 0.823800
vt 0.076700 0.802900
vt 0.080100 0.816800
vt 0.080300 0.822200
vt 0.066100 0.819700
vt 0.064700 0.815700
vt 0.053200 0.820100
vt 0.063700 0.792900
vt 0.062600 0.803800
vt 0.052000 0.792500
vt 0.043600 0.781400
vt 0.050400 0.806000
vt 0.039100 0.797500
vt 0.033500 0.787100
vt 0.053000 0.817400
vt 0.038200 0.805700
vt 0.027200 0.799800
vt 0.022100 0.796200
vt 0.039200 0.818600
vt 0.038400 0.821600
vt 0.025000 0.805800
vt 0.018100 0.803400
vt 0.025800 0.818900
vt 0.025500 0.821100
vt 0.015400 0.817500
vt 0.015100 0.820200
vt 0.264600 0.873300
vt 0.271500 0.869600
vt 0.272300 0.871400
vt 0.273600 0.875800
vt 0.266800 0.879700
vt 0.272300 0.879800
vt 0.269500 0.883500
vt 0.265800 0.882600
vt 0.275000 0.882900
vt 0.268200 0.886200
vt 0.263300 0.884700
vt 0.273500 0.885900
vt 0.280600 0.887000
vt 0.262800 0.887000
vt 0.279600 0.888500
vt 0.282300 0.891100
vt 0.272700 0.888000
vt 0.267100 0.888700
vt 0.279000 0.890200
vt 0.278700 0.891300
vt 0.278700 0.893000
vt 0.279100 0.894300
vt 0.272100 0.895600
vt 0.271500 0.890600
vt 0.270900 0.893100
vt 0.267800 0.896800
vt 0.265800 0.891200
vt 0.262200 0.892100
vt 0.265200 0.894100
vt 0.262900 0.897000
vt 0.268900 0.900800
vt 0.262400 0.906700
vt 0.270800 0.900400
vt 0.269300 0.905200
vt 0.268500 0.907200
vt 0.271100 0.905600
vt 0.269700 0.907200
vt 0.297000 0.882900
vt 0.298300 0.881900
vt 0.302500 0.882600
vt 0.303000 0.885400
vt 0.296000 0.883800
vt 0.297000 0.886300
vt 0.304000 0.888300
vt 0.299400 0.888900
vt 0.295600 0.889600
vt 0.293100 0.888800
vt 0.288900 0.893000
vt 0.299300 0.891700
vt 0.304800 0.891200
vt 0.305800 0.894700
vt 0.295100 0.891800
vt 0.298800 0.894400
vt 0.294100 0.894100
vt 0.299000 0.897200
vt 0.307000 0.898300
vt 0.293800 0.895900
vt 0.293300 0.897500
vt 0.298100 0.900500
vt 0.296600 0.900800
vt 0.296000 0.903500
vt 0.298000 0.904600
vt 0.307200 0.907300
vt 0.296200 0.904900
vt 0.298300 0.905800
vt 0.297500 0.906100
vt 0.573800 0.074100
vt 0.553200 0.044100
vt 0.575400 0.045600
vt 0.592800 0.060300
vt 0.585900 0.088600
vt 0.605300 0.044700
vt 0.607600 0.080300
vt 0.601100 0.101200
vt 0.643500 0.072000
vt 0.630300 0.036300
vt 0.626200 0.103400
vt 0.615300 0.112100
vt 0.629600 0.125000
vt 0.660600 0.068000
vt 0.653500 0.031300
vt 0.673000 0.031200
vt 0.639400 0.121000
vt 0.640200 0.135700
vt 0.648100 0.096100
vt 0.648900 0.130200
vt 0.651700 0.140900
vt 0.651600 0.115200
vt 0.659500 0.140000
vt 0.656400 0.126700
vt 0.661200 0.114200
vt 0.664300 0.093300
vt 0.664800 0.126600
vt 0.671500 0.115300
vt 0.681800 0.085300
vt 0.677800 0.100400
vt 0.677400 0.116000
vt 0.670300 0.128900
vt 0.686000 0.101500
vt 0.691400 0.066100
vt 0.693200 0.087900
vt 0.685600 0.118300
vt 0.693000 0.037800
vt 0.693900 0.016500
vt 0.720000 0.027200
vt 0.712900 0.052400
vt 0.705700 0.070400
vt 0.726600 0.039600
vt 0.741200 0.017100
vt 0.754900 0.040500
vt 0.734900 0.061000
vt 0.756200 0.066000
vt 0.773500 0.054600
vt 0.722000 0.081800
vt 0.778200 0.076400
vt 0.799000 0.071400
vt 0.806300 0.097000
vt 0.739400 0.077300
vt 0.758000 0.092400
vt 0.773000 0.099300
vt 0.787600 0.119000
vt 0.802700 0.113800
vt 0.767100 0.117000
vt 0.749200 0.105600
vt 0.794600 0.128200
vt 0.808800 0.128300
vt 0.802300 0.139200
vt 0.765700 0.137300
vt 0.768900 0.146300
vt 0.769300 0.154700
vt 0.743900 0.129700
vt 0.749900 0.152800
vt 0.749900 0.159700
vt 0.746200 0.143900
vt 0.730700 0.127800
vt 0.733200 0.098900
vt 0.729100 0.150000
vt 0.729000 0.154800
vt 0.729500 0.161500
vt 0.711100 0.159600
vt 0.711300 0.153200
vt 0.710900 0.144700
vt 0.721200 0.110600
vt 0.706900 0.118000
vt 0.705100 0.090800
vt 0.694000 0.104300
vt 0.694600 0.128800
vt 0.694400 0.141300
vt 0.684400 0.133700
vt 0.694200 0.150500
vt 0.691800 0.157400
vt 0.681300 0.143100
vt 0.677400 0.150000
vt 0.676800 0.154400
vt 0.664200 0.148700
vt 0.673900 0.142400
vt 0.667700 0.146400
vt 0.664200 0.138300
vt 0.673700 0.136600
vt 0.677600 0.128600
vt 0.856100 0.980800
vt 0.829100 0.991100
vt 0.824500 0.971500
vt 0.855400 0.966600
vt 0.822500 0.938300
vt 0.892200 0.964100
vt 0.856500 0.929400
vt 0.816500 0.890100
vt 0.891500 0.929100
vt 0.927900 0.935500
vt 0.920100 0.976600
vt 0.953300 0.978400
vt 0.953400 0.941800
vt 0.961700 0.897100
vt 0.928900 0.890800
vt 0.979300 0.805200
vt 0.892000 0.885800
vt 0.937000 0.797800
vt 0.993400 0.709500
vt 0.855100 0.883900
vt 0.892100 0.793900
vt 0.845900 0.794800
vt 0.803100 0.798100
vt 0.795700 0.709000
vt 0.850600 0.707300
vt 0.806200 0.613200
vt 0.898300 0.707500
vt 0.948500 0.707400
vt 0.984100 0.616200
vt 0.896800 0.623000
vt 0.854000 0.618300
vt 0.862000 0.553900
vt 0.830200 0.544900
vt 0.941500 0.621100
vt 0.925400 0.550100
vt 0.954100 0.539200
vt 0.893700 0.555300
vt 0.880900 0.484400
vt 0.871300 0.479200
vt 0.899400 0.482200
vt 0.906100 0.477900
vt 0.890600 0.486100
vt 0.885000 0.477900
vt 0.882100 0.472100
vt 0.893500 0.477400
vt 0.895900 0.471500
vt 0.889300 0.480700
vt 0.888900 0.474000
vt 0.889200 0.470400
vt 0.047000 0.468400
vt 0.043900 0.465400
vt 0.056300 0.461600
vt 0.043400 0.473100
vt 0.039400 0.471600
vt 0.048000 0.473000
vt 0.039800 0.479600
vt 0.034400 0.479900
vt 0.043600 0.478900
vt 0.048400 0.477900
vt 0.052300 0.475000
vt 0.053100 0.483200
vt 0.041300 0.491800
vt 0.036700 0.492300
vt 0.044900 0.487900
vt 0.062500 0.479800
vt 0.054500 0.471400
vt 0.055500 0.467500
vt 0.057200 0.464500
vt 0.066400 0.476800
vt 0.077400 0.504400
vt 0.065900 0.507500
vt 0.085900 0.525700
vt 0.056000 0.495400
vt 0.050900 0.487900
vt 0.072000 0.530500
vt 0.093800 0.548000
vt 0.057500 0.510200
vt 0.053400 0.495400
vt 0.078500 0.555300
vt 0.099200 0.566700
vt 0.047200 0.489600
vt 0.051600 0.502000
vt 0.043400 0.491900
vt 0.046100 0.496500
vt 0.043500 0.499400
vt 0.042100 0.504200
vt 0.037100 0.504000
vt 0.037700 0.512400
vt 0.046700 0.502000
vt 0.048400 0.506700
vt 0.043700 0.514100
vt 0.037900 0.527200
vt 0.051000 0.507100
vt 0.049300 0.509800
vt 0.052000 0.509700
vt 0.050800 0.513400
vt 0.053500 0.514000
vt 0.048200 0.513100
vt 0.051200 0.515300
vt 0.049800 0.515300
vt 0.047900 0.515300
vt 0.053100 0.518000
vt 0.051000 0.517700
vt 0.048900 0.517500
vt 0.050900 0.519900
vt 0.055100 0.521100
vt 0.047700 0.522700
vt 0.041900 0.527900
vt 0.038100 0.543600
vt 0.051200 0.523100
vt 0.047600 0.529000
vt 0.042800 0.543600
vt 0.051800 0.528100
vt 0.044400 0.554500
vt 0.038900 0.556000
vt 0.054700 0.528200
vt 0.051900 0.530600
vt 0.046700 0.540200
vt 0.049200 0.536700
vt 0.054800 0.532900
vt 0.051000 0.553000
vt 0.052100 0.535400
vt 0.060300 0.535800
vt 0.054300 0.537300
vt 0.055700 0.539800
vt 0.052100 0.538500
vt 0.053700 0.539700
vt 0.051400 0.540100
vt 0.053200 0.541900
vt 0.050500 0.541400
vt 0.054700 0.541800
vt 0.053300 0.543700
vt 0.054000 0.547600
vt 0.057200 0.546400
vt 0.058600 0.553700
vt 0.065500 0.559400
vt 0.055800 0.554000
vt 0.060100 0.558800
vt 0.055400 0.559400
vt 0.050500 0.564200
vt 0.059500 0.565200
vt 0.056900 0.566700
vt 0.042200 0.565900
vt 0.038000 0.565600
vt 0.037400 0.577500
vt 0.051100 0.573000
vt 0.046600 0.577500
vt 0.050200 0.597100
vt 0.034700 0.590000
vt 0.044000 0.606100
vt 0.054400 0.583100
vt 0.059900 0.593800
vt 0.065600 0.604600
vt 0.057200 0.579500
vt 0.059900 0.584700
vt 0.059300 0.574200
vt 0.061900 0.583500
vt 0.061200 0.574100
vt 0.062100 0.579600
vt 0.062200 0.589500
vt 0.065300 0.586100
vt 0.065600 0.591300
vt 0.065600 0.580300
vt 0.068300 0.584900
vt 0.068500 0.578200
vt 0.073500 0.593400
vt 0.074700 0.573000
vt 0.082000 0.591800
vt 0.091300 0.578000
vt 0.105400 0.582500
vt 0.097400 0.588400
vt 0.112700 0.605100
vt 0.092400 0.596500
vt 0.082500 0.603500
vt 0.095100 0.604200
vt 0.098000 0.610700
vt 0.102600 0.619000
vt 0.083500 0.612100
vt 0.084200 0.639800
vt 0.094700 0.641900
vt 0.078500 0.678800
vt 0.063800 0.612600
vt 0.038700 0.612600
vt 0.046500 0.627500
vt 0.072600 0.623400
vt 0.076300 0.632700
vt 0.067500 0.626800
vt 0.052400 0.626700
vt 0.058400 0.625800
vt 0.043700 0.648400
vt 0.041300 0.647700
vt 0.036900 0.667000
vt 0.055200 0.630400
vt 0.038700 0.668800
vt 0.034400 0.680000
vt 0.052200 0.639500
vt 0.036100 0.680800
vt 0.028200 0.697300
vt 0.059000 0.631000
vt 0.030200 0.697600
vt 0.053800 0.639400
vt 0.039300 0.681700
vt 0.027000 0.713800
vt 0.024200 0.712900
vt 0.022900 0.731000
vt 0.034100 0.700600
vt 0.027100 0.731700
vt 0.030000 0.745500
vt 0.030500 0.715800
vt 0.041500 0.751800
vt 0.039100 0.754500
vt 0.034800 0.740900
vt 0.043100 0.749400
vt 0.032700 0.741500
vt 0.031200 0.735500
vt 0.030700 0.729300
vt 0.034500 0.729300
vt 0.035700 0.721900
vt 0.039100 0.723700
vt 0.038500 0.728400
vt 0.034300 0.712800
vt 0.042700 0.725700
vt 0.042000 0.732200
vt 0.038500 0.719400
vt 0.042800 0.721500
vt 0.046100 0.729200
vt 0.043400 0.736400
vt 0.046700 0.722300
vt 0.048700 0.732200
vt 0.050100 0.741400
vt 0.053700 0.735700
vt 0.053000 0.724600
vt 0.058000 0.727400
vt 0.061900 0.717900
vt 0.053000 0.714400
vt 0.064900 0.710400
vt 0.045900 0.714000
vt 0.055200 0.706100
vt 0.041000 0.717200
vt 0.039100 0.716100
vt 0.042500 0.714300
vt 0.041100 0.709800
vt 0.041200 0.714100
vt 0.036800 0.709100
vt 0.043900 0.707500
vt 0.040900 0.705700
vt 0.035900 0.704400
vt 0.043300 0.701400
vt 0.046900 0.701000
vt 0.039600 0.697000
vt 0.045500 0.698300
vt 0.051300 0.696200
vt 0.038000 0.693700
vt 0.041600 0.692900
vt 0.040300 0.686600
vt 0.047500 0.694600
vt 0.045900 0.694500
vt 0.047700 0.692700
vt 0.044200 0.692500
vt 0.046100 0.691200
vt 0.044900 0.688900
vt 0.047200 0.690600
vt 0.051700 0.689700
vt 0.047900 0.688900
vt 0.046900 0.685200
vt 0.050000 0.686100
vt 0.058600 0.675300
vt 0.047300 0.680000
vt 0.049300 0.681000
vt 0.052000 0.680300
vt 0.050000 0.678000
vt 0.043800 0.669400
vt 0.052000 0.677500
vt 0.050900 0.674600
vt 0.056100 0.674800
vt 0.053100 0.670500
vt 0.049000 0.669200
vt 0.056400 0.668500
vt 0.051400 0.669100
vt 0.053200 0.668200
vt 0.052800 0.666000
vt 0.048100 0.664600
vt 0.053100 0.661800
vt 0.047200 0.657300
vt 0.050500 0.647800
vt 0.054400 0.653800
vt 0.057100 0.649200
vt 0.056700 0.655700
vt 0.059100 0.650200
vt 0.060400 0.642000
vt 0.062100 0.636000
vt 0.062900 0.642000
vt 0.061800 0.632700
vt 0.064700 0.636700
vt 0.064900 0.632100
vt 0.070100 0.633200
vt 0.065300 0.644800
vt 0.060000 0.650800
vt 0.069400 0.649500
vt 0.060500 0.654400
vt 0.062900 0.663900
vt 0.068700 0.676600
vt 0.287800 0.918700
vt 0.282300 0.910700
vt 0.286300 0.909200
vt 0.286200 0.921100
vt 0.278500 0.915500
vt 0.292100 0.926000
vt 0.284900 0.924100
vt 0.290700 0.926400
vt 0.292700 0.932700
vt 0.275500 0.918900
vt 0.290300 0.928900
vt 0.283200 0.925400
vt 0.281300 0.927100
vt 0.289400 0.929700
vt 0.272400 0.920600
vt 0.288500 0.931000
vt 0.286700 0.932300
vt 0.286200 0.933700
vt 0.279200 0.929400
vt 0.269800 0.927900
vt 0.278200 0.931300
vt 0.268600 0.931900
vt 0.422200 0.829600
vt 0.433400 0.852700
vt 0.415100 0.843900
vt 0.444700 0.839500
vt 0.437600 0.815800
vt 0.460600 0.854700
vt 0.445900 0.863600
vt 0.456600 0.880000
vt 0.442500 0.807500
vt 0.448000 0.814600
vt 0.451100 0.816000
vt 0.448000 0.814200
vt 0.457600 0.828100
vt 0.450200 0.812900
vt 0.448400 0.810900
vt 0.452200 0.811300
vt 0.455400 0.814800
vt 0.452500 0.809500
vt 0.451200 0.808000
vt 0.448700 0.806700
vt 0.449000 0.804400
vt 0.454500 0.803900
vt 0.447300 0.795600
vt 0.457700 0.808900
vt 0.456300 0.799700
vt 0.462600 0.795300
vt 0.463100 0.806300
vt 0.461800 0.815100
vt 0.472100 0.802000
vt 0.481400 0.795400
vt 0.475500 0.814900
vt 0.494600 0.807000
vt 0.498100 0.782600
vt 0.487700 0.832600
vt 0.510800 0.796500
vt 0.515100 0.773600
vt 0.505400 0.822800
vt 0.521800 0.811600
vt 0.525200 0.788600
vt 0.536200 0.802700
vt 0.545400 0.770400
vt 0.534500 0.758300
vt 0.553000 0.742600
vt 0.557600 0.785500
vt 0.547100 0.816800
vt 0.567000 0.754600
vt 0.568700 0.726500
vt 0.580600 0.768700
vt 0.584300 0.739300
vt 0.584500 0.708700
vt 0.598700 0.753900
vt 0.602600 0.721700
vt 0.600200 0.688300
vt 0.618100 0.737400
vt 0.622200 0.701300
vt 0.614900 0.666900
vt 0.640800 0.716000
vt 0.644000 0.679800
vt 0.632500 0.642400
vt 0.666900 0.658900
vt 0.637000 0.632300
vt 0.684000 0.645800
vt 0.665100 0.691300
vt 0.693200 0.676400
vt 0.682900 0.719000
vt 0.655100 0.738700
vt 0.631100 0.756400
vt 0.696700 0.745200
vt 0.610400 0.771400
vt 0.667800 0.760500
vt 0.643200 0.775000
vt 0.679600 0.782500
vt 0.590500 0.785900
vt 0.621200 0.788700
vt 0.568500 0.801400
vt 0.599700 0.802500
vt 0.653900 0.794100
vt 0.630900 0.806100
vt 0.577600 0.817100
vt 0.608500 0.818700
vt 0.639800 0.823600
vt 0.556500 0.831700
vt 0.586200 0.832400
vt 0.617300 0.834600
vt 0.595100 0.847500
vt 0.664100 0.813500
vt 0.626300 0.850400
vt 0.648100 0.841600
vt 0.605000 0.862000
vt 0.635200 0.866600
vt 0.614600 0.876300
vt 0.655800 0.860200
vt 0.585800 0.875700
vt 0.597200 0.889400
vt 0.586100 0.899800
vt 0.671600 0.834000
vt 0.678200 0.855100
vt 0.691100 0.804900
vt 0.697100 0.828500
vt 0.701400 0.852200
vt 0.710100 0.772500
vt 0.719000 0.799400
vt 0.722100 0.826800
vt 0.723700 0.853100
vt 0.745400 0.794100
vt 0.746700 0.825700
vt 0.750500 0.857500
vt 0.761300 0.860000
vt 0.761000 0.825300
vt 0.768800 0.794600
vt 0.794700 0.807200
vt 0.791700 0.792100
vt 0.790300 0.771000
vt 0.762800 0.764000
vt 0.787800 0.737400
vt 0.734600 0.764900
vt 0.753500 0.736200
vt 0.776200 0.707500
vt 0.725400 0.731900
vt 0.744200 0.714000
vt 0.758100 0.678300
vt 0.705200 0.701500
vt 0.727800 0.686000
vt 0.738700 0.652300
vt 0.714200 0.665300
vt 0.729300 0.639900
vt 0.706500 0.645200
vt 0.471900 0.967900
vt 0.467100 0.970100
vt 0.465000 0.963700
vt 0.471200 0.962200
vt 0.464200 0.955900
vt 0.476700 0.965700
vt 0.471300 0.948300
vt 0.464000 0.953500
vt 0.478000 0.958500
vt 0.475200 0.971900
vt 0.472200 0.973000
vt 0.473600 0.977000
vt 0.477900 0.973800
vt 0.479600 0.976300
vt 0.484000 0.966400
vt 0.483700 0.973500
vt 0.490500 0.975000
vt 0.486500 0.980100
vt 0.494000 0.983000
vt 0.489800 0.958500
vt 0.494300 0.965500
vt 0.499200 0.980500
vt 0.502000 0.968800
vt 0.499500 0.987100
vt 0.497400 0.989300
vt 0.500100 0.992700
vt 0.504800 0.980700
vt 0.501500 0.987200
vt 0.503400 0.988800
vt 0.504000 0.992100
vt 0.510100 0.987800
vt 0.513800 0.981000
vt 0.523800 0.991200
vt 0.508600 0.970600
vt 0.525300 0.979800
vt 0.529900 0.989400
vt 0.530200 0.982400
vt 0.520500 0.971900
vt 0.511400 0.961900
vt 0.530500 0.979100
vt 0.534100 0.984200
vt 0.526000 0.973100
vt 0.536200 0.982100
vt 0.538500 0.985400
vt 0.538200 0.980800
vt 0.540900 0.982300
vt 0.536600 0.974600
vt 0.543100 0.975200
vt 0.524100 0.960100
vt 0.533300 0.967400
vt 0.541600 0.969200
vt 0.552100 0.976100
vt 0.544100 0.963200
vt 0.557900 0.972400
vt 0.568400 0.957400
vt 0.556200 0.946100
vt 0.533000 0.958700
vt 0.540500 0.943600
vt 0.548800 0.927800
vt 0.525300 0.940700
vt 0.535200 0.926200
vt 0.547700 0.922100
vt 0.502400 0.956300
vt 0.543800 0.913400
vt 0.559100 0.917900
vt 0.519300 0.915200
vt 0.507300 0.931600
vt 0.494400 0.952800
vt 0.478600 0.949100
vt 0.488400 0.942200
vt 0.490700 0.916700
vt 0.480700 0.934900
vt 0.473700 0.940700
vt 0.476300 0.930100
vt 0.505200 0.902800
vt 0.468500 0.933400
vt 0.515100 0.891000
vt 0.480600 0.912900
vt 0.490700 0.885700
vt 0.470800 0.913500
vt 0.474400 0.891900
vt 0.527900 0.905100
vt 0.531000 0.874500
vt 0.542900 0.888400
vt 0.557600 0.899800
vt 0.574100 0.912200
vt 0.571500 0.887600
vt 0.558500 0.874300
vt 0.574900 0.861400
vt 0.547500 0.859900
vt 0.565300 0.846500
vt 0.538500 0.844900
vt 0.521500 0.858400
vt 0.530600 0.828600
vt 0.513700 0.840700
vt 0.496900 0.853200
vt 0.505200 0.873200
vt 0.473000 0.843100
vt 0.485000 0.862600
vt 0.470700 0.871900
vt 0.462400 0.895000
vt 0.446600 0.888400
vt 0.436500 0.870500
vt 0.460900 0.913900
vt 0.434800 0.884100
vt 0.418300 0.873600
vt 0.450000 0.897200
vt 0.422200 0.885300
vt 0.403600 0.889600
vt 0.424900 0.897200
vt 0.410300 0.897700
vt 0.394700 0.905800
vt 0.439500 0.903500
vt 0.402000 0.911400
vt 0.391600 0.911700
vt 0.415000 0.910000
vt 0.427000 0.913000
vt 0.443600 0.911900
vt 0.451800 0.915100
vt 0.435000 0.922900
vt 0.459200 0.933800
vt 0.444400 0.924700
vt 0.451300 0.935400
vt 0.460900 0.941000
vt 0.444500 0.936500
vt 0.455700 0.941000
vt 0.449500 0.943500
vt 0.467700 0.941600
vt 0.466700 0.948000
vt 0.460000 0.948800
vt 0.457900 0.952400
vt 0.453500 0.951600
vt 0.459100 0.947300
vt 0.457500 0.945100
vt 0.452200 0.947300
vt 0.450400 0.949100
vt 0.455100 0.944600
vt 0.444800 0.945400
vt 0.439800 0.938500
vt 0.440000 0.945500
vt 0.429200 0.933500
vt 0.427000 0.943600
vt 0.432200 0.949800
vt 0.425500 0.952400
vt 0.420300 0.926500
vt 0.417500 0.939700
vt 0.420200 0.946900
vt 0.407900 0.922200
vt 0.419800 0.956700
vt 0.426700 0.957000
vt 0.395200 0.917000
vt 0.413900 0.952600
vt 0.415700 0.960000
vt 0.421300 0.961300
vt 0.418700 0.963700
vt 0.424900 0.961600
vt 0.423900 0.965400
vt 0.408300 0.946100
vt 0.404900 0.954900
vt 0.407600 0.933100
vt 0.401700 0.950100
vt 0.398300 0.926500
vt 0.397800 0.934600
vt 0.390500 0.925400
vt 0.402300 0.941600
vt 0.395500 0.948700
vt 0.388600 0.920700
vt 0.385400 0.925700
vt 0.385100 0.916500
vt 0.383400 0.923100
vt 0.381000 0.926200
vt 0.379900 0.922600
vt 0.398000 0.955900
vt 0.395200 0.955400
vt 0.398700 0.958200
vt 0.395300 0.958300
vt 0.480900 0.133000
vt 0.484100 0.129500
vt 0.483400 0.134000
vt 0.478600 0.131300
vt 0.480400 0.139000
vt 0.476400 0.136100
vt 0.473400 0.133300
vt 0.476300 0.143900
vt 0.482500 0.145200
vt 0.472000 0.140300
vt 0.476600 0.150000
vt 0.483000 0.153300
vt 0.469700 0.150900
vt 0.476600 0.157500
vt 0.481600 0.160000
vt 0.466600 0.135800
vt 0.471000 0.127300
vt 0.462500 0.145000
vt 0.462500 0.129200
vt 0.466900 0.122600
vt 0.458600 0.136500
vt 0.461700 0.121300
vt 0.466000 0.118300
vt 0.457800 0.125600
vt 0.462200 0.117000
vt 0.463800 0.112400
vt 0.459800 0.116600
vt 0.456600 0.119300
vt 0.448500 0.121900
vt 0.451200 0.130800
vt 0.441700 0.127200
vt 0.441200 0.121400
vt 0.448200 0.137100
vt 0.436900 0.126300
vt 0.436100 0.119200
vt 0.439900 0.133700
vt 0.456200 0.143900
vt 0.443500 0.144800
vt 0.456300 0.154600
vt 0.428500 0.139400
vt 0.469800 0.157000
vt 0.432500 0.128100
vt 0.468500 0.161900
vt 0.430700 0.121300
vt 0.426400 0.128800
vt 0.431000 0.116800
vt 0.434200 0.115200
vt 0.430500 0.112600
vt 0.428100 0.116400
vt 0.422100 0.125200
vt 0.422500 0.120500
vt 0.425200 0.114100
vt 0.424800 0.112500
vt 0.426400 0.110500
vt 0.422800 0.108700
vt 0.418900 0.111600
vt 0.421800 0.106100
vt 0.417600 0.117400
vt 0.414400 0.123400
vt 0.411400 0.117400
vt 0.412300 0.107400
vt 0.415700 0.101400
vt 0.424700 0.101600
vt 0.401600 0.111500
vt 0.419600 0.097100
vt 0.424400 0.095200
vt 0.406600 0.096500
vt 0.425400 0.090400
vt 0.427300 0.091600
vt 0.430400 0.086000
vt 0.423400 0.088700
vt 0.414100 0.092400
vt 0.423300 0.086800
vt 0.423800 0.083800
vt 0.419100 0.083000
vt 0.415200 0.087300
vt 0.415500 0.080100
vt 0.403700 0.087200
vt 0.412700 0.078000
vt 0.419000 0.075600
vt 0.419000 0.069700
vt 0.416000 0.069000
vt 0.419200 0.063200
vt 0.406500 0.073600
vt 0.414100 0.067500
vt 0.412900 0.065200
vt 0.414000 0.062300
vt 0.407900 0.062000
vt 0.405500 0.067700
vt 0.402400 0.061900
vt 0.400000 0.070400
vt 0.395600 0.062200
vt 0.397700 0.080800
vt 0.392500 0.066600
vt 0.391700 0.073000
vt 0.390900 0.085000
vt 0.387900 0.062700
vt 0.391600 0.059100
vt 0.382600 0.065100
vt 0.388700 0.056700
vt 0.390600 0.055900
vt 0.389900 0.051700
vt 0.386500 0.057300
vt 0.385100 0.056000
vt 0.384800 0.052500
vt 0.378000 0.054300
vt 0.378000 0.061500
vt 0.372600 0.051900
vt 0.372100 0.067000
vt 0.375900 0.072300
vt 0.360800 0.053100
vt 0.373300 0.045200
vt 0.359700 0.044000
vt 0.334400 0.048400
vt 0.337500 0.064300
vt 0.319900 0.050900
vt 0.323100 0.071700
vt 0.361800 0.071700
vt 0.344000 0.082500
vt 0.323100 0.091800
vt 0.367100 0.080000
vt 0.353200 0.091600
vt 0.337100 0.102100
vt 0.373000 0.086400
vt 0.383100 0.078300
vt 0.359500 0.101800
vt 0.378000 0.094200
vt 0.394700 0.093100
vt 0.397800 0.101700
vt 0.381600 0.101100
vt 0.383600 0.109500
vt 0.367800 0.109700
vt 0.387000 0.117100
vt 0.347600 0.119500
vt 0.374400 0.129900
vt 0.353000 0.136700
vt 0.401500 0.120700
vt 0.390800 0.125100
vt 0.406300 0.129100
vt 0.396900 0.135300
vt 0.415700 0.136600
vt 0.403800 0.143800
vt 0.378800 0.141400
vt 0.389000 0.153100
vt 0.414000 0.146900
vt 0.422000 0.137000
vt 0.406600 0.160000
vt 0.423200 0.149200
vt 0.418600 0.163000
vt 0.437200 0.156000
vt 0.402900 0.170800
vt 0.451300 0.164600
vt 0.380700 0.165000
vt 0.432300 0.174700
vt 0.411700 0.178400
vt 0.398800 0.181700
vt 0.356100 0.159600
vt 0.375300 0.180800
vt 0.405400 0.193800
vt 0.428500 0.194100
vt 0.416600 0.203700
vt 0.427200 0.208700
vt 0.441100 0.201900
vt 0.454900 0.178800
vt 0.461900 0.184300
vt 0.464600 0.168400
vt 0.471200 0.172300
vt 0.475200 0.165400
vt 0.477500 0.175100
vt 0.481600 0.169300
vt 0.481000 0.164600
vt 0.487800 0.165800
vt 0.485500 0.160700
vt 0.486600 0.162700
vt 0.489900 0.161300
vt 0.375900 0.198600
vt 0.400600 0.192300
vt 0.402400 0.204900
vt 0.355900 0.179300
vt 0.378000 0.209900
vt 0.403200 0.215900
vt 0.354500 0.199700
vt 0.382200 0.218900
vt 0.387400 0.229600
vt 0.369600 0.240200
vt 0.359000 0.225500
vt 0.359700 0.243300
vt 0.355400 0.213600
vt 0.329600 0.202500
vt 0.330500 0.216000
vt 0.328100 0.185600
vt 0.297200 0.206600
vt 0.326800 0.167200
vt 0.293900 0.189400
vt 0.324100 0.146900
vt 0.290000 0.172400
vt 0.289100 0.154600
vt 0.318300 0.129400
vt 0.331200 0.110900
vt 0.287800 0.137400
vt 0.324400 0.098400
vt 0.317300 0.097300
vt 0.324000 0.103600
vt 0.317800 0.101400
vt 0.312500 0.112400
vt 0.314400 0.098300
vt 0.303500 0.098600
vt 0.285600 0.122400
vt 0.280900 0.108400
vt 0.265700 0.122600
vt 0.264100 0.104400
vt 0.265700 0.139900
vt 0.252000 0.121700
vt 0.256600 0.102800
vt 0.246600 0.102900
vt 0.266200 0.158900
vt 0.248900 0.140200
vt 0.237100 0.120800
vt 0.230000 0.102600
vt 0.230700 0.138600
vt 0.216600 0.119900
vt 0.206700 0.099400
vt 0.248600 0.160600
vt 0.190900 0.115600
vt 0.180800 0.086000
vt 0.207700 0.136400
vt 0.159800 0.101200
vt 0.158700 0.065400
vt 0.179100 0.130400
vt 0.228400 0.159200
vt 0.203700 0.157400
vt 0.134800 0.086200
vt 0.134100 0.037400
vt 0.146500 0.118000
vt 0.102200 0.067900
vt 0.104900 0.024800
vt 0.122300 0.109500
vt 0.073500 0.046100
vt 0.086600 0.011500
vt 0.039700 0.030500
vt 0.094900 0.100200
vt 0.073100 0.075700
vt 0.048900 0.062100
vt 0.018000 0.054100
vt 0.015700 0.078200
vt 0.043900 0.087200
vt 0.069700 0.094700
vt 0.042600 0.112000
vt 0.012500 0.106100
vt 0.017200 0.140600
vt 0.067700 0.118400
vt 0.046700 0.139300
vt 0.052500 0.173300
vt 0.025900 0.178400
vt 0.068800 0.143300
vt 0.091600 0.125800
vt 0.075000 0.174900
vt 0.116300 0.133900
vt 0.092000 0.151500
vt 0.141000 0.141900
vt 0.116800 0.159400
vt 0.096900 0.179500
vt 0.171800 0.152200
vt 0.143300 0.166700
vt 0.120100 0.185900
vt 0.174400 0.174900
vt 0.208200 0.179600
vt 0.147800 0.189500
vt 0.177500 0.190800
vt 0.231600 0.177600
vt 0.210900 0.193500
vt 0.250900 0.178900
vt 0.235400 0.194500
vt 0.266700 0.177300
vt 0.253400 0.194300
vt 0.269800 0.193400
vt 0.273000 0.210600
vt 0.256600 0.212400
vt 0.296900 0.221900
vt 0.258600 0.226400
vt 0.327800 0.224800
vt 0.274000 0.225500
vt 0.276500 0.237900
vt 0.259200 0.239500
vt 0.300000 0.233400
vt 0.278100 0.252400
vt 0.304000 0.247200
vt 0.259500 0.255700
vt 0.333100 0.243500
vt 0.241900 0.240500
vt 0.339800 0.235800
vt 0.344800 0.247500
vt 0.239300 0.257100
vt 0.351500 0.242300
vt 0.351900 0.250600
vt 0.355500 0.248400
vt 0.357200 0.251300
vt 0.358800 0.246900
vt 0.362600 0.248800
vt 0.362600 0.251200
vt 0.366800 0.243900
vt 0.371200 0.249600
vt 0.222100 0.237200
vt 0.215100 0.255700
vt 0.190100 0.237500
vt 0.189400 0.254600
vt 0.222100 0.225100
vt 0.163000 0.247800
vt 0.168500 0.269200
vt 0.187900 0.223500
vt 0.157100 0.230000
vt 0.141300 0.261600
vt 0.153700 0.285500
vt 0.185200 0.212700
vt 0.123000 0.277400
vt 0.139400 0.306500
vt 0.128500 0.240500
vt 0.115300 0.309400
vt 0.136800 0.332500
vt 0.128600 0.353500
vt 0.092700 0.313700
vt 0.100500 0.289500
vt 0.113800 0.256100
vt 0.079600 0.295100
vt 0.060200 0.308700
vt 0.094700 0.266600
vt 0.074000 0.273000
vt 0.051400 0.281300
vt 0.042600 0.262100
vt 0.070000 0.256000
vt 0.089800 0.249600
vt 0.109300 0.242400
vt 0.063100 0.234300
vt 0.038900 0.241400
vt 0.034000 0.212400
vt 0.084700 0.229500
vt 0.058400 0.206000
vt 0.080500 0.204100
vt 0.103900 0.223400
vt 0.100500 0.205400
vt 0.121000 0.214200
vt 0.151900 0.212700
vt 0.216100 0.212600
vt 0.239400 0.213800
vt 0.242800 0.226900
vt 0.933822 0.066468
vt 0.932314 0.091510
vt 0.918163 0.081933
vt 0.908757 0.067666
vt 0.940847 0.071223
vt 0.949056 0.094938
vt 0.929150 0.059389
vt 0.905535 0.050876
vt 0.949154 0.072929
vt 0.965828 0.091685
vt 0.927544 0.051068
vt 0.909005 0.034180
vt 0.957478 0.071324
vt 0.980044 0.082273
vt 0.929263 0.042758
vt 0.918539 0.020088
vt 0.964558 0.066644
vt 0.989579 0.068182
vt 0.934026 0.035717
vt 0.932756 0.010676
vt 0.969320 0.059603
vt 0.993048 0.051485
vt 0.941105 0.031038
vt 0.949528 0.007423
vt 0.971040 0.051293
vt 0.949429 0.029432
vt 0.969433 0.042973
vt 0.989826 0.034695
vt 0.980420 0.020429
vt 0.957736 0.031138
vt 0.966270 0.010852
vt 0.964762 0.035893
vt 0.949292 0.051181
vt 0.866665 0.466698
vt 0.939085 0.389464
vt 0.840200 0.427300
vt 0.797872 0.515960
vt 0.815000 0.396000
vt 0.703900 0.508300
vt 0.726700 0.551650
vt 0.646300 0.591650
vt 0.617700 0.553100
vt 0.558162 0.644198
vt 0.678750 0.466500
vt 0.529900 0.605650
vt 0.493971 0.698320
vt 0.589850 0.513600
vt 0.462500 0.665800
vt 0.499000 0.568100
vt 0.657400 0.424600
vt 0.429450 0.635400
vt 0.391100 0.603500
vt 0.356850 0.573750
vt 0.330950 0.537050
vt 0.461900 0.525450
vt 0.562900 0.472550
vt 0.445000 0.480550
vt 0.538800 0.431950
vt 0.316350 0.495500
vt 0.429850 0.442700
vt 0.622100 0.376900
vt 0.520300 0.396050
vt 0.413850 0.404950
vt 0.306300 0.452600
vt 0.302050 0.413500
vt 0.396950 0.361450
vt 0.866700 0.466750
vt 0.558200 0.644250
vt 0.494000 0.698350
vt 0.503100 0.362400
vt 0.484300 0.327900
vt 0.457000 0.277750
vt 0.435300 0.247000
vt 0.508000 0.197450
vt 0.590050 0.318250
vt 0.566050 0.277950
vt 0.540000 0.229950
vt 0.606100 0.344300
vt 0.697050 0.231400
vt 0.686000 0.201700
vt 0.708700 0.260400
vt 0.724100 0.287050
vt 0.745600 0.313250
vt 0.771600 0.341400
vt 0.794300 0.369200
vt 0.953260 0.941765
vt 0.953133 0.978391
vt 0.118450 0.172650
vt 0.145550 0.178100
vt 0.021550 0.159500
vt 0.049600 0.156300
vt 0.071900 0.159100
vt 0.094450 0.165500
vt 0.782000 0.722450
vt 0.748850 0.725100
s 1
f 1/1/1 2/2/2 3/3/3
f 2/2/2 4/4/4 3/3/3
f 3/3/3 4/4/4 5/5/5
f 4/4/4 6/6/6 5/5/5
f 6/6/6 7/7/7 5/5/5
f 6/6/6 8/8/8 7/7/7
f 9/9/9 8/8/8 6/6/6
f 10/10/10 7/7/7 8/8/8
f 7/7/7 10/10/10 11/11/11
f 12/12/12 11/11/11 10/10/10
f 9/9/9 13/13/13 8/8/8
f 10/10/10 8/8/8 14/14/14
f 14/14/14 8/8/8 13/13/13
f 12/12/12 10/10/10 15/15/15
f 15/15/15 10/10/10 14/14/14
f 9/9/9 16/16/16 13/13/13
f 16/16/16 9/9/9 17/17/17
f 14/14/14 13/13/13 18/18/18
f 18/18/18 13/13/13 16/16/16
f 14/14/14 19/19/19 15/15/15
f 19/19/19 14/14/14 18/18/18
f 20/20/20 16/16/16 17/17/17
f 20/20/20 17/17/17 21/21/21
f 22/22/22 18/18/18 16/16/16
f 22/22/22 16/16/16 20/20/20
f 23/23/23 19/19/19 18/18/18
f 23/23/23 18/18/18 22/22/22
f 20/20/20 21/21/21 24/24/24
f 24/24/24 21/21/21 25/25/25
f 20/20/20 26/26/26 22/22/22
f 26/26/26 20/20/20 24/24/24
f 25/25/25 27/27/27 24/24/24
f 27/27/27 25/25/25 28/28/28
f 24/24/24 29/29/29 26/26/26
f 29/29/29 24/24/24 27/27/27
f 28/28/28 30/30/30 27/27/27
f 29/29/29 27/27/27 30/30/30
f 30/30/30 28/28/28 31/31/31
f 30/30/30 31/31/31 32/32/32
f 33/33/33 22/22/22 26/26/26
f 22/22/22 33/33/33 23/23/23
f 34/34/34 30/30/30 32/32/32
f 26/26/26 35/35/35 33/33/33
f 35/35/35 26/26/26 29/29/29
f 36/36/36 30/30/30 34/34/34
f 36/36/36 29/29/29 30/30/30
f 32/32/32 37/37/37 34/34/34
f 37/37/37 32/32/32 38/38/38
f 39/39/39 37/37/37 38/38/38
f 40/40/40 36/36/36 34/34/34
f 40/40/40 34/34/34 37/37/37
f 41/41/41 29/29/29 36/36/36
f 41/41/41 35/35/35 29/29/29
f 42/42/42 36/36/36 40/40/40
f 42/42/42 41/41/41 36/36/36
f 37/37/37 43/43/43 40/40/40
f 44/44/44 42/42/42 40/40/40
f 40/40/40 43/43/43 44/44/44
f 41/41/41 42/42/42 45/45/45
f 46/46/46 42/42/42 44/44/44
f 46/46/46 45/45/45 42/42/42
f 35/35/35 41/41/41 47/47/47
f 45/45/45 47/47/47 41/41/41
f 47/47/47 48/48/48 35/35/35
f 48/48/48 33/33/33 35/35/35
f 47/47/47 45/45/45 49/49/49
f 33/33/33 48/48/48 50/50/50
f 50/50/50 23/23/23 33/33/33
f 48/48/48 47/47/47 51/51/51
f 49/49/49 51/51/51 47/47/47
f 52/52/52 50/50/50 48/48/48
f 51/51/51 52/52/52 48/48/48
f 23/23/23 50/50/50 53/53/53
f 19/19/19 23/23/23 53/53/53
f 50/50/50 52/52/52 54/54/54
f 54/54/54 53/53/53 50/50/50
f 53/53/53 55/55/55 19/19/19
f 15/15/15 19/19/19 55/55/55
f 53/53/53 54/54/54 56/56/56
f 55/55/55 53/53/53 56/56/56
f 55/55/55 57/57/57 15/15/15
f 57/57/57 55/55/55 56/56/56
f 57/57/57 12/12/12 15/15/15
f 57/57/57 58/58/58 12/12/12
f 57/57/57 59/59/59 58/58/58
f 59/59/59 57/57/57 60/60/60
f 57/57/57 56/56/56 60/60/60
f 61/61/61 60/60/60 56/56/56
f 61/61/61 56/56/56 62/62/62
f 62/62/62 63/63/63 61/61/61
f 56/56/56 54/54/54 64/64/64
f 62/62/62 56/56/56 64/64/64
f 54/54/54 52/52/52 64/64/64
f 62/62/62 65/65/65 63/63/63
f 66/66/66 67/67/67 63/63/63
f 63/63/63 65/65/65 66/66/66
f 64/64/64 68/68/68 62/62/62
f 65/65/65 62/62/62 68/68/68
f 69/69/69 64/64/64 52/52/52
f 68/68/68 64/64/64 69/69/69
f 70/70/70 69/69/69 52/52/52
f 70/70/70 68/68/68 69/69/69
f 52/52/52 51/51/51 70/70/70
f 71/71/71 65/65/65 68/68/68
f 66/66/66 65/65/65 71/71/71
f 66/66/66 71/71/71 72/72/72
f 68/68/68 70/70/70 73/73/73
f 68/68/68 73/73/73 71/71/71
f 74/74/74 70/70/70 51/51/51
f 74/74/74 73/73/73 70/70/70
f 51/51/51 49/49/49 74/74/74
f 72/72/72 71/71/71 75/75/75
f 73/73/73 75/75/75 71/71/71
f 72/72/72 75/75/75 76/76/76
f 77/77/77 73/73/73 74/74/74
f 49/49/49 77/77/77 74/74/74
f 75/75/75 73/73/73 77/77/77
f 76/76/76 75/75/75 78/78/78
f 77/77/77 49/49/49 79/79/79
f 45/45/45 79/79/79 49/49/49
f 79/79/79 45/45/45 46/46/46
f 75/75/75 77/77/77 80/80/80
f 80/80/80 77/77/77 79/79/79
f 75/75/75 81/81/81 78/78/78
f 75/75/75 80/80/80 81/81/81
f 78/78/78 81/81/81 82/82/82
f 80/80/80 82/82/82 81/81/81
f 78/78/78 82/82/82 83/83/83
f 84/84/84 80/80/80 79/79/79
f 79/79/79 46/46/46 84/84/84
f 82/82/82 80/80/80 85/85/85
f 80/80/80 84/84/84 85/85/85
f 86/86/86 83/83/83 82/82/82
f 85/85/85 86/86/86 82/82/82
f 83/83/83 86/86/86 87/87/87
f 87/87/87 86/86/86 88/88/88
f 86/86/86 85/85/85 89/89/89
f 84/84/84 89/89/89 85/85/85
f 86/86/86 90/90/90 88/88/88
f 89/89/89 90/90/90 86/86/86
f 88/88/88 90/90/90 91/91/91
f 89/89/89 84/84/84 92/92/92
f 90/90/90 93/93/93 91/91/91
f 91/91/91 93/93/93 94/94/94
f 90/90/90 89/89/89 95/95/95
f 95/95/95 93/93/93 90/90/90
f 89/89/89 92/92/92 95/95/95
f 93/93/93 96/96/96 94/94/94
f 96/96/96 97/97/97 94/94/94
f 93/93/93 95/95/95 98/98/98
f 98/98/98 96/96/96 93/93/93
f 95/95/95 92/92/92 99/99/99
f 95/95/95 99/99/99 98/98/98
f 97/97/97 96/96/96 100/100/100
f 100/100/100 101/101/101 97/97/97
f 96/96/96 98/98/98 102/102/102
f 102/102/102 100/100/100 96/96/96
f 101/101/101 100/100/100 103/103/103
f 103/103/103 104/104/104 101/101/101
f 100/100/100 102/102/102 105/105/105
f 105/105/105 103/103/103 100/100/100
f 104/104/104 103/103/103 106/106/106
f 106/106/106 107/107/107 104/104/104
f 103/103/103 105/105/105 108/108/108
f 108/108/108 106/106/106 103/103/103
f 102/102/102 109/109/109 105/105/105
f 109/109/109 108/108/108 105/105/105
f 107/107/107 106/106/106 110/110/110
f 106/106/106 108/108/108 111/111/111
f 111/111/111 110/110/110 106/106/106
f 112/112/112 107/107/107 110/110/110
f 107/107/107 112/112/112 113/113/113
f 110/110/110 111/111/111 114/114/114
f 114/114/114 112/112/112 110/110/110
f 115/115/115 111/111/111 108/108/108
f 108/108/108 109/109/109 115/115/115
f 116/116/116 113/113/113 112/112/112
f 116/116/116 117/117/117 113/113/113
f 116/116/116 118/118/118 117/117/117
f 119/119/119 116/116/116 112/112/112
f 112/112/112 114/114/114 119/119/119
f 118/118/118 116/116/116 120/120/120
f 116/116/116 119/119/119 121/121/121
f 121/121/121 120/120/120 116/116/116
f 114/114/114 122/122/122 119/119/119
f 119/119/119 123/123/123 121/121/121
f 123/123/123 119/119/119 122/122/122
f 120/120/120 121/121/121 124/124/124
f 123/123/123 124/124/124 121/121/121
f 125/125/125 118/118/118 120/120/120
f 126/126/126 118/118/118 125/125/125
f 126/126/126 125/125/125 127/127/127
f 128/128/128 120/120/120 124/124/124
f 128/128/128 125/125/125 120/120/120
f 124/124/124 123/123/123 129/129/129
f 124/124/124 130/130/130 128/128/128
f 130/130/130 124/124/124 129/129/129
f 131/131/131 125/125/125 128/128/128
f 132/132/132 128/128/128 130/130/130
f 131/131/131 128/128/128 132/132/132
f 132/132/132 130/130/130 133/133/133
f 132/132/132 133/133/133 134/134/134
f 131/131/131 132/132/132 134/134/134
f 133/133/133 130/130/130 135/135/135
f 136/136/136 131/131/131 134/134/134
f 137/137/137 135/135/135 130/130/130
f 137/137/137 130/130/130 129/129/129
f 135/135/135 137/137/137 138/138/138
f 136/136/136 139/139/139 131/131/131
f 131/131/131 139/139/139 125/125/125
f 125/125/125 139/139/139 127/127/127
f 140/140/140 139/139/139 136/136/136
f 127/127/127 139/139/139 141/141/141
f 140/140/140 141/141/141 139/139/139
f 140/140/140 142/142/142 141/141/141
f 127/127/127 141/141/141 143/143/143
f 141/141/141 142/142/142 144/144/144
f 141/141/141 144/144/144 143/143/143
f 143/143/143 144/144/144 145/145/145
f 146/146/146 145/145/145 144/144/144
f 144/144/144 147/147/147 146/146/146
f 145/145/145 146/146/146 148/148/148
f 147/147/147 149/149/149 146/146/146
f 149/149/149 148/148/148 146/146/146
f 148/148/148 149/149/149 150/150/150
f 149/149/149 147/147/147 151/151/151
f 149/149/149 152/152/152 150/150/150
f 149/149/149 151/151/151 153/153/153
f 152/152/152 149/149/149 154/154/154
f 154/154/154 149/149/149 153/153/153
f 152/152/152 154/154/154 155/155/155
f 152/152/152 155/155/155 156/156/156
f 155/155/155 157/157/150 156/156/156
f 158/158/157 155/155/155 154/154/154
f 153/153/153 158/158/157 154/154/154
f 157/157/150 155/155/155 159/159/158
f 151/151/151 160/160/159 153/153/153
f 160/160/159 151/151/151 161/161/160
f 162/162/161 160/160/159 161/161/160
f 160/160/159 162/162/161 163/163/162
f 164/164/163 163/163/162 162/162/161
f 153/153/153 160/160/159 165/165/164
f 166/166/165 160/160/159 163/163/162
f 160/160/159 166/166/165 165/165/164
f 163/163/162 164/164/163 167/167/166
f 166/166/165 163/163/162 167/167/166
f 153/153/153 165/165/164 168/168/167
f 158/158/157 153/153/153 168/168/167
f 165/165/164 166/166/165 169/169/168
f 170/170/169 168/168/167 165/165/164
f 169/169/168 170/170/169 165/165/164
f 171/171/169 158/158/157 168/168/167
f 168/168/167 170/170/169 171/171/169
f 172/172/170 169/169/168 166/166/165
f 166/166/165 167/167/166 172/172/170
f 169/169/168 173/173/171 170/170/169
f 169/169/168 172/172/170 174/174/172
f 173/173/171 169/169/168 174/174/172
f 167/167/166 175/175/173 172/172/170
f 172/172/170 175/175/173 174/174/172
f 170/170/169 176/176/174 171/171/169
f 176/176/174 170/170/169 173/173/171
f 158/158/157 171/171/169 177/177/175
f 177/177/175 171/171/169 176/176/174
f 178/178/176 158/158/157 177/177/175
f 155/155/155 158/158/157 178/178/176
f 178/178/176 159/159/158 155/155/155
f 179/179/177 177/177/175 176/176/174
f 180/180/178 178/178/176 177/177/175
f 180/180/178 177/177/175 179/179/177
f 159/159/158 178/178/176 181/181/179
f 181/181/179 178/178/176 180/180/178
f 179/179/177 176/176/174 182/182/180
f 183/183/181 180/180/178 179/179/177
f 182/182/180 183/183/181 179/179/177
f 180/180/178 184/184/182 181/181/179
f 185/185/183 180/180/178 183/183/181
f 180/180/178 185/185/183 184/184/182
f 183/183/181 182/182/180 186/186/184
f 185/185/183 183/183/181 186/186/184
f 182/182/180 176/176/174 187/187/185
f 173/173/171 187/187/185 176/176/174
f 188/188/186 186/186/184 182/182/180
f 187/187/185 173/173/171 189/189/187
f 182/182/180 190/190/188 188/188/186
f 190/190/188 182/182/180 187/187/185
f 173/173/171 191/191/189 189/189/187
f 191/191/189 173/173/171 174/174/172
f 192/192/190 187/187/185 189/189/187
f 187/187/185 192/192/190 190/190/188
f 193/193/191 189/189/187 191/191/189
f 189/189/187 193/193/191 192/192/190
f 174/174/172 194/194/192 191/191/189
f 174/174/172 175/175/173 194/194/192
f 195/195/193 193/193/191 191/191/189
f 191/191/189 194/194/192 195/195/193
f 193/193/191 196/196/194 192/192/190
f 190/190/188 192/192/190 196/196/194
f 197/197/195 193/193/191 195/195/193
f 197/197/195 196/196/194 193/193/191
f 190/190/188 196/196/194 198/198/196
f 197/197/195 199/199/197 196/196/194
f 199/199/197 198/198/196 196/196/194
f 200/200/198 197/197/195 195/195/193
f 197/197/195 200/200/198 199/199/197
f 201/201/199 190/190/188 198/198/196
f 188/188/186 190/190/188 201/201/199
f 198/198/196 199/199/197 202/202/200
f 199/199/197 200/200/198 202/202/200
f 188/188/186 201/201/199 203/203/201
f 186/186/184 188/188/186 203/203/201
f 198/198/196 204/204/202 201/201/199
f 201/201/199 204/204/202 203/203/201
f 198/198/196 202/202/200 204/204/202
f 186/186/184 203/203/201 205/205/203
f 203/203/201 204/204/202 205/205/203
f 204/204/202 202/202/200 206/206/204
f 205/205/203 204/204/202 206/206/204
f 202/202/200 207/207/205 206/206/204
f 202/202/200 200/200/198 207/207/205
f 205/205/203 206/206/204 208/208/206
f 206/206/204 207/207/205 208/208/206
f 205/205/203 209/209/207 186/186/184
f 208/208/206 209/209/207 205/205/203
f 185/185/183 186/186/184 209/209/207
f 209/209/207 208/208/206 210/210/208
f 210/210/208 185/185/183 209/209/207
f 208/208/206 207/207/205 211/211/209
f 208/208/206 211/211/209 210/210/208
f 185/185/183 210/210/208 212/212/210
f 212/212/210 184/184/182 185/185/183
f 210/210/208 213/213/211 212/212/210
f 213/213/211 210/210/208 211/211/209
f 184/184/182 212/212/210 214/214/212
f 213/213/211 214/214/212 212/212/210
f 214/214/212 181/181/179 184/184/182
f 211/211/209 207/207/205 215/215/213
f 200/200/198 215/215/213 207/207/205
f 181/181/179 214/214/212 216/216/214
f 216/216/214 159/159/158 181/181/179
f 215/215/213 200/200/198 217/217/215
f 217/217/215 200/200/198 195/195/193
f 217/217/215 195/195/193 194/194/192
f 211/211/209 215/215/213 218/218/216
f 211/211/209 218/218/216 213/213/211
f 215/215/213 217/217/215 219/219/217
f 219/219/217 218/218/216 215/215/213
f 220/220/218 217/217/215 194/194/192
f 220/220/218 219/219/217 217/217/215
f 218/218/216 221/221/219 213/213/211
f 222/222/220 218/218/216 219/219/217
f 222/222/220 221/221/219 218/218/216
f 213/213/211 223/223/221 214/214/212
f 221/221/219 223/223/221 213/213/211
f 223/223/221 216/216/214 214/214/212
f 224/224/222 222/222/220 219/219/217
f 220/220/218 224/224/222 219/219/217
f 216/216/214 223/223/221 225/225/223
f 221/221/219 226/226/224 223/223/221
f 226/226/224 225/225/223 223/223/221
f 221/221/219 222/222/220 227/227/225
f 226/226/224 221/221/219 227/227/225
f 228/228/226 216/216/214 225/225/223
f 159/159/158 216/216/214 228/228/226
f 157/157/150 159/159/158 228/228/226
f 157/157/150 228/228/226 229/229/227
f 228/228/226 230/230/228 229/229/227
f 231/231/229 228/228/226 225/225/223
f 230/230/228 228/228/226 231/231/229
f 226/226/224 232/232/230 225/225/223
f 232/232/230 231/231/229 225/225/223
f 233/233/231 230/230/228 231/231/229
f 230/230/228 233/233/231 234/234/232
f 235/235/233 231/231/229 232/232/230
f 231/231/229 235/235/233 233/233/231
f 232/232/230 226/226/224 236/236/234
f 226/226/224 227/227/225 236/236/234
f 235/235/233 232/232/230 237/237/235
f 232/232/230 236/236/234 237/237/235
f 234/234/232 233/233/231 238/238/236
f 234/234/232 238/238/236 239/239/237
f 233/233/231 235/235/233 240/240/238
f 233/233/231 240/240/238 238/238/236
f 241/241/239 239/239/237 238/238/236
f 240/240/238 241/241/239 238/238/236
f 239/239/237 241/241/239 242/242/240
f 240/240/238 235/235/233 243/243/241
f 235/235/233 237/237/235 243/243/241
f 241/241/239 244/244/242 242/242/240
f 242/242/240 244/244/242 245/245/148
f 241/241/239 240/240/238 246/246/243
f 247/247/244 245/245/148 244/244/242
f 245/245/148 247/247/244 248/248/245
f 247/247/244 249/249/246 248/248/245
f 244/244/242 241/241/239 250/250/247
f 241/241/239 246/246/243 250/250/247
f 244/244/242 251/251/248 247/247/244
f 250/250/247 251/251/248 244/244/242
f 252/252/249 249/249/246 247/247/244
f 247/247/244 251/251/248 252/252/249
f 253/253/250 249/249/246 252/252/249
f 253/253/250 254/254/251 249/249/246
f 251/251/248 255/255/252 252/252/249
f 253/253/250 252/252/249 255/255/252
f 256/256/253 254/254/251 253/253/250
f 254/254/251 256/256/253 257/257/254
f 256/256/253 253/253/250 258/258/255
f 253/253/250 255/255/252 258/258/255
f 257/257/254 256/256/253 259/259/256
f 259/259/256 256/256/253 258/258/255
f 260/260/257 258/258/255 255/255/252
f 260/260/257 259/259/256 258/258/255
f 251/251/248 261/261/258 255/255/252
f 261/261/258 260/260/257 255/255/252
f 251/251/248 250/250/247 261/261/258
f 259/259/256 260/260/257 262/262/259
f 257/257/254 259/259/256 262/262/259
f 261/261/258 262/262/259 260/260/257
f 257/257/254 262/262/259 263/263/260
f 261/261/258 250/250/247 264/264/261
f 262/262/259 261/261/258 264/264/261
f 262/262/259 265/265/262 263/263/260
f 264/264/261 265/265/262 262/262/259
f 263/263/260 266/266/263 267/267/264
f 266/266/263 263/263/260 265/265/262
f 268/268/265 266/266/263 265/265/262
f 264/264/261 268/268/265 265/265/262
f 266/266/263 268/268/265 269/269/266
f 250/250/247 270/270/267 264/264/261
f 264/264/261 270/270/267 268/268/265
f 270/270/267 250/250/247 246/246/243
f 271/271/268 269/269/266 268/268/265
f 270/270/267 271/271/268 268/268/265
f 269/269/266 271/271/268 272/272/269
f 273/273/270 270/270/267 246/246/243
f 240/240/238 273/273/270 246/246/243
f 270/270/267 274/274/271 271/271/268
f 273/273/270 274/274/271 270/270/267
f 275/275/272 272/272/269 271/271/268
f 274/274/271 275/275/272 271/271/268
f 272/272/269 275/275/272 276/276/273
f 273/273/270 277/277/274 274/274/271
f 274/274/271 277/277/274 275/275/272
f 273/273/270 240/240/238 278/278/275
f 277/277/274 273/273/270 278/278/275
f 240/240/238 243/243/241 278/278/275
f 279/279/276 276/276/273 275/275/272
f 277/277/274 279/279/276 275/275/272
f 276/276/273 279/279/276 280/280/277
f 281/281/278 280/280/277 279/279/276
f 279/279/276 282/282/279 281/281/278
f 277/277/274 282/282/279 279/279/276
f 283/283/280 281/281/278 282/282/279
f 278/278/275 284/284/281 277/277/274
f 282/282/279 277/277/274 284/284/281
f 284/284/281 278/278/275 243/243/241
f 282/282/279 285/285/282 283/283/280
f 284/284/281 285/285/282 282/282/279
f 286/286/283 283/283/280 285/285/282
f 243/243/241 287/287/284 284/284/281
f 285/285/282 284/284/281 287/287/284
f 243/243/241 237/237/235 287/287/284
f 286/286/283 285/285/282 288/288/285
f 289/289/286 286/286/283 288/288/285
f 287/287/284 290/290/287 285/285/282
f 237/237/235 290/290/287 287/287/284
f 290/290/287 288/288/285 285/285/282
f 237/237/235 236/236/234 290/290/287
f 288/288/285 291/291/288 289/289/286
f 292/292/289 289/289/286 291/291/288
f 290/290/287 293/293/290 288/288/285
f 236/236/234 293/293/290 290/290/287
f 293/293/290 291/291/288 288/288/285
f 236/236/234 227/227/225 293/293/290
f 291/291/288 294/294/291 292/292/289
f 295/295/292 292/292/289 294/294/291
f 293/293/290 296/296/293 291/291/288
f 227/227/225 296/296/293 293/293/290
f 296/296/293 294/294/291 291/291/288
f 296/296/293 227/227/225 222/222/220
f 224/224/222 296/296/293 222/222/220
f 295/295/292 294/294/291 297/297/294
f 297/297/294 294/294/291 296/296/293
f 298/298/295 295/295/292 297/297/294
f 296/296/293 224/224/222 299/299/296
f 299/299/296 297/297/294 296/296/293
f 298/298/295 297/297/294 300/300/297
f 298/298/295 300/300/297 301/301/298
f 302/302/299 301/301/298 300/300/297
f 297/297/294 303/303/300 300/300/297
f 297/297/294 299/299/296 303/303/300
f 302/302/299 300/300/297 304/304/301
f 300/300/297 303/303/300 304/304/301
f 299/299/296 224/224/222 305/305/302
f 224/224/222 220/220/218 305/305/302
f 306/306/303 299/299/296 305/305/302
f 299/299/296 306/306/303 303/303/300
f 307/307/304 305/305/302 220/220/218
f 307/307/304 306/306/303 305/305/302
f 220/220/218 308/308/305 307/307/304
f 194/194/192 308/308/305 220/220/218
f 175/175/173 308/308/305 194/194/192
f 307/307/304 309/309/306 306/306/303
f 308/308/305 309/309/306 307/307/304
f 310/310/307 308/308/305 175/175/173
f 175/175/173 167/167/166 310/310/307
f 309/309/306 308/308/305 311/311/308
f 308/308/305 310/310/307 311/311/308
f 167/167/166 312/312/309 310/310/307
f 312/312/309 167/167/166 164/164/163
f 164/164/163 313/313/310 312/312/309
f 310/310/307 314/314/311 311/311/308
f 314/314/311 310/310/307 312/312/309
f 314/314/311 309/309/306 311/311/308
f 313/313/310 315/315/312 312/312/309
f 315/315/312 314/314/311 312/312/309
f 313/313/310 316/316/313 315/315/312
f 317/317/314 316/316/313 313/313/310
f 317/317/314 138/138/138 316/316/313
f 314/314/311 315/315/312 318/318/315
f 316/316/313 318/318/315 315/315/312
f 138/138/138 319/319/316 316/316/313
f 137/137/137 319/319/316 138/138/138
f 318/318/315 316/316/313 320/320/317
f 319/319/316 320/320/317 316/316/313
f 314/314/311 318/318/315 321/321/318
f 314/314/311 321/321/318 309/309/306
f 320/320/317 322/322/319 318/318/315
f 318/318/315 322/322/319 321/321/318
f 319/319/316 323/323/320 320/320/317
f 323/323/320 322/322/319 320/320/317
f 319/319/316 137/137/137 324/324/321
f 323/323/320 319/319/316 324/324/321
f 324/324/321 137/137/137 325/325/322
f 325/325/322 137/137/137 129/129/129
f 123/123/123 325/325/322 129/129/129
f 326/326/323 324/324/321 325/325/322
f 323/323/320 324/324/321 326/326/323
f 325/325/322 123/123/123 327/327/324
f 326/326/323 325/325/322 327/327/324
f 122/122/122 327/327/324 123/123/123
f 328/328/325 326/326/323 327/327/324
f 327/327/324 122/122/122 329/329/326
f 328/328/325 327/327/324 329/329/326
f 326/326/323 330/330/327 323/323/320
f 330/330/327 326/326/323 328/328/325
f 122/122/122 331/331/328 329/329/326
f 332/332/329 328/328/325 329/329/326
f 331/331/328 332/332/329 329/329/326
f 328/328/325 333/333/330 330/330/327
f 328/328/325 332/332/329 333/333/330
f 334/334/331 331/331/328 122/122/122
f 334/334/331 122/122/122 114/114/114
f 111/111/111 334/334/331 114/114/114
f 111/111/111 335/335/332 334/334/331
f 111/111/111 115/115/115 335/335/332
f 336/336/333 331/331/328 334/334/331
f 335/335/332 336/336/333 334/334/331
f 337/337/334 335/335/332 115/115/115
f 335/335/332 338/338/335 336/336/333
f 335/335/332 337/337/334 338/338/335
f 115/115/115 339/339/336 337/337/334
f 339/339/336 115/115/115 109/109/109
f 337/337/334 340/340/337 338/338/335
f 339/339/336 340/340/337 337/337/334
f 338/338/335 341/341/338 336/336/333
f 109/109/109 342/342/339 339/339/336
f 340/340/337 343/343/340 338/338/335
f 343/343/340 341/341/338 338/338/335
f 340/340/337 339/339/336 344/344/341
f 342/342/339 344/344/341 339/339/336
f 345/345/342 343/343/340 340/340/337
f 340/340/337 344/344/341 345/345/342
f 342/342/339 109/109/109 346/346/343
f 102/102/102 346/346/343 109/109/109
f 344/344/341 342/342/339 347/347/344
f 102/102/102 348/348/345 346/346/343
f 348/348/345 102/102/102 98/98/98
f 346/346/343 349/349/346 342/342/339
f 346/346/343 348/348/345 349/349/346
f 342/342/339 349/349/346 347/347/344
f 98/98/98 99/99/99 348/348/345
f 344/344/341 347/347/344 350/350/347
f 344/344/341 350/350/347 345/345/342
f 347/347/344 349/349/346 351/351/348
f 347/347/344 351/351/348 350/350/347
f 348/348/345 352/352/349 349/349/346
f 349/349/346 353/353/350 351/351/348
f 349/349/346 352/352/349 353/353/350
f 348/348/345 354/354/351 352/352/349
f 99/99/99 354/354/351 348/348/345
f 352/352/349 355/355/352 353/353/350
f 354/354/351 355/355/352 352/352/349
f 99/99/99 356/356/353 354/354/351
f 92/92/92 356/356/353 99/99/99
f 84/84/84 356/356/353 92/92/92
f 355/355/352 354/354/351 357/357/354
f 354/354/351 356/356/353 357/357/354
f 356/356/353 84/84/84 358/358/355
f 84/84/84 46/46/46 358/358/355
f 356/356/353 358/358/355 359/359/356
f 356/356/353 359/359/356 357/357/354
f 358/358/355 46/46/46 360/360/357
f 358/358/355 360/360/357 359/359/356
f 46/46/46 44/44/44 360/360/357
f 360/360/357 44/44/44 43/43/43
f 359/359/356 361/361/358 357/357/354
f 360/360/357 362/362/359 359/359/356
f 361/361/358 359/359/356 362/362/359
f 360/360/357 43/43/43 363/363/360
f 362/362/359 360/360/357 363/363/360
f 364/364/361 357/357/354 361/361/358
f 357/357/354 364/364/361 355/355/352
f 43/43/43 365/365/362 363/363/360
f 362/362/359 363/363/360 365/365/362
f 355/355/352 364/364/361 366/366/363
f 353/353/350 355/355/352 366/366/363
f 361/361/358 367/367/364 364/364/361
f 367/367/364 366/366/363 364/364/361
f 362/362/359 368/368/365 361/361/358
f 367/367/364 361/361/358 368/368/365
f 368/368/365 362/362/359 369/369/366
f 362/362/359 365/365/362 369/369/366
f 370/370/367 368/368/365 369/369/366
f 369/369/366 365/365/362 370/370/367
f 371/371/368 367/367/364 368/368/365
f 368/368/365 370/370/367 371/371/368
f 365/365/362 43/43/43 372/372/369
f 37/37/37 372/372/369 43/43/43
f 37/37/37 39/39/39 372/372/369
f 373/373/370 365/365/362 372/372/369
f 370/370/367 365/365/362 373/373/370
f 39/39/39 374/374/371 372/372/369
f 373/373/370 372/372/369 374/374/371
f 375/375/372 374/374/371 39/39/39
f 370/370/367 373/373/370 376/376/373
f 377/377/374 370/370/367 376/376/373
f 371/371/368 370/370/367 377/377/374
f 376/376/373 373/373/370 378/378/375
f 373/373/370 374/374/371 378/378/375
f 379/379/376 371/371/368 377/377/374
f 378/378/375 374/374/371 380/380/377
f 381/381/378 371/371/368 379/379/376
f 374/374/371 375/375/372 382/382/379
f 374/374/371 382/382/379 380/380/377
f 375/375/372 383/383/2 382/382/379
f 380/380/377 382/382/379 383/383/2
f 380/380/377 383/383/2 384/384/1
f 371/371/368 381/381/378 385/385/380
f 386/386/378 385/385/380 381/381/378
f 367/367/364 371/371/368 385/385/380
f 387/387/381 385/385/380 386/386/378
f 388/388/382 387/387/381 386/386/378
f 387/387/381 388/388/382 389/389/383
f 387/387/381 389/389/383 390/390/384
f 390/390/384 391/391/385 387/387/381
f 385/385/380 387/387/381 391/391/385
f 391/391/385 367/367/364 385/385/380
f 367/367/364 391/391/385 392/392/386
f 367/367/364 392/392/386 393/393/387
f 366/366/363 367/367/364 393/393/387
f 393/393/387 394/394/388 366/366/363
f 366/366/363 394/394/388 395/395/389
f 395/395/389 396/396/390 366/366/363
f 353/353/350 366/366/363 396/396/390
f 396/396/390 395/395/389 397/397/391
f 351/351/348 353/353/350 396/396/390
f 397/397/391 398/398/392 396/396/390
f 351/351/348 396/396/390 398/398/392
f 398/398/392 397/397/391 399/399/393
f 350/350/347 351/351/348 398/398/392
f 350/350/347 398/398/392 400/400/394
f 399/399/393 400/400/394 398/398/392
f 400/400/394 345/345/342 350/350/347
f 401/401/395 400/400/394 399/399/393
f 402/402/396 401/401/395 399/399/393
f 400/400/394 403/403/397 345/345/342
f 403/403/397 400/400/394 401/401/395
f 404/404/398 401/401/395 402/402/396
f 343/343/340 345/345/342 403/403/397
f 401/401/395 404/404/398 405/405/399
f 406/406/400 405/405/399 404/404/398
f 407/407/401 403/403/397 401/401/395
f 407/407/401 401/401/395 405/405/399
f 343/343/340 403/403/397 408/408/402
f 403/403/397 407/407/401 408/408/402
f 409/409/403 405/405/399 406/406/400
f 407/407/401 405/405/399 410/410/404
f 410/410/404 405/405/399 409/409/403
f 407/407/401 411/411/405 408/408/402
f 411/411/405 407/407/401 410/410/404
f 406/406/400 412/412/406 409/409/403
f 412/412/406 406/406/400 413/413/407
f 410/410/404 409/409/403 414/414/408
f 414/414/408 409/409/403 415/415/409
f 415/415/409 409/409/403 412/412/406
f 416/416/410 410/410/404 414/414/408
f 415/415/409 412/412/406 417/417/411
f 416/416/410 418/418/412 410/410/404
f 411/411/405 410/410/404 418/418/412
f 419/419/413 418/418/412 416/416/410
f 417/417/411 412/412/406 420/420/414
f 412/412/406 413/413/407 420/420/414
f 413/413/407 421/421/415 420/420/414
f 417/417/411 420/420/414 422/422/416
f 420/420/414 421/421/415 423/423/417
f 422/422/416 420/420/414 423/423/417
f 422/422/416 423/423/417 424/424/382
f 411/411/405 418/418/412 425/425/418
f 408/408/402 411/411/405 425/425/418
f 425/425/418 418/418/412 426/426/419
f 419/419/413 426/426/419 418/418/412
f 427/427/420 408/408/402 425/425/418
f 427/427/420 425/425/418 426/426/419
f 419/419/413 428/428/421 426/426/419
f 428/428/421 427/427/420 426/426/419
f 419/419/413 429/429/422 428/428/421
f 408/408/402 427/427/420 430/430/423
f 427/427/420 428/428/421 430/430/423
f 408/408/402 430/430/423 343/343/340
f 430/430/423 341/341/338 343/343/340
f 429/429/422 431/431/424 428/428/421
f 431/431/424 430/430/423 428/428/421
f 431/431/424 429/429/422 432/432/425
f 433/433/426 431/431/424 432/432/425
f 430/430/423 434/434/427 341/341/338
f 434/434/427 430/430/423 431/431/424
f 431/431/424 433/433/426 435/435/428
f 435/435/428 434/434/427 431/431/424
f 436/436/429 435/435/428 433/433/426
f 341/341/338 434/434/427 437/437/430
f 341/341/338 437/437/430 336/336/333
f 336/336/333 437/437/430 331/331/328
f 434/434/427 435/435/428 438/438/431
f 434/434/427 438/438/431 437/437/430
f 331/331/328 437/437/430 439/439/432
f 438/438/431 439/439/432 437/437/430
f 331/331/328 439/439/432 332/332/329
f 435/435/428 440/440/433 438/438/431
f 436/436/429 440/440/433 435/435/428
f 441/441/434 439/439/432 438/438/431
f 440/440/433 441/441/434 438/438/431
f 442/442/435 332/332/329 439/439/432
f 332/332/329 442/442/435 333/333/330
f 439/439/432 443/443/436 442/442/435
f 439/439/432 441/441/434 443/443/436
f 333/333/330 442/442/435 444/444/437
f 443/443/436 444/444/437 442/442/435
f 333/333/330 444/444/437 330/330/327
f 445/445/438 443/443/436 441/441/434
f 444/444/437 446/446/439 330/330/327
f 446/446/439 323/323/320 330/330/327
f 444/444/437 443/443/436 447/447/440
f 444/444/437 447/447/440 446/446/439
f 445/445/438 447/447/440 443/443/436
f 323/323/320 446/446/439 448/448/441
f 323/323/320 448/448/441 322/322/319
f 448/448/441 446/446/439 449/449/442
f 447/447/440 449/449/442 446/446/439
f 322/322/319 448/448/441 450/450/443
f 450/450/443 448/448/441 449/449/442
f 451/451/444 322/322/319 450/450/443
f 321/321/318 322/322/319 451/451/444
f 449/449/442 452/452/445 450/450/443
f 452/452/445 449/449/442 447/447/440
f 453/453/446 451/451/444 450/450/443
f 450/450/443 452/452/445 453/453/446
f 454/454/447 321/321/318 451/451/444
f 309/309/306 321/321/318 454/454/447
f 455/455/448 451/451/444 453/453/446
f 455/455/448 454/454/447 451/451/444
f 309/309/306 454/454/447 456/456/449
f 306/306/303 309/309/306 456/456/449
f 457/457/450 454/454/447 455/455/448
f 457/457/450 456/456/449 454/454/447
f 458/458/451 306/306/303 456/456/449
f 457/457/450 458/458/451 456/456/449
f 303/303/300 306/306/303 458/458/451
f 459/459/452 458/458/451 457/457/450
f 458/458/451 460/460/453 303/303/300
f 459/459/452 460/460/453 458/458/451
f 304/304/301 303/303/300 460/460/453
f 461/461/454 459/459/452 457/457/450
f 455/455/448 461/461/454 457/457/450
f 462/462/455 460/460/453 459/459/452
f 462/462/455 459/459/452 461/461/454
f 463/463/456 304/304/301 460/460/453
f 460/460/453 462/462/455 463/463/456
f 464/464/457 461/461/454 455/455/448
f 464/464/457 455/455/448 453/453/446
f 465/465/458 462/462/455 461/461/454
f 466/466/459 464/464/457 453/453/446
f 452/452/445 466/466/459 453/453/446
f 464/464/457 467/467/460 461/461/454
f 465/465/458 461/461/454 467/467/460
f 466/466/459 468/468/461 464/464/457
f 468/468/461 467/467/460 464/464/457
f 452/452/445 469/469/462 466/466/459
f 466/466/459 469/469/462 468/468/461
f 447/447/440 469/469/462 452/452/445
f 468/468/461 470/470/463 467/467/460
f 469/469/462 470/470/463 468/468/461
f 470/470/463 469/469/462 447/447/440
f 467/467/460 470/470/463 465/465/458
f 470/470/463 447/447/440 445/445/438
f 470/470/463 445/445/438 465/465/458
f 471/471/464 465/465/458 445/445/438
f 441/441/434 471/471/464 445/445/438
f 440/440/433 471/471/464 441/441/434
f 471/471/464 472/472/465 465/465/458
f 465/465/458 472/472/465 462/462/455
f 471/471/464 440/440/433 473/473/466
f 473/473/466 472/472/465 471/471/464
f 436/436/429 473/473/466 440/440/433
f 473/473/466 436/436/429 474/474/467
f 474/474/467 475/475/468 473/473/466
f 475/475/468 472/472/465 473/473/466
f 475/475/468 474/474/467 476/476/469
f 472/472/465 477/477/470 462/462/455
f 475/475/468 477/477/470 472/472/465
f 462/462/455 477/477/470 463/463/456
f 476/476/469 478/478/471 475/475/468
f 475/475/468 478/478/471 477/477/470
f 478/478/471 476/476/469 479/479/472
f 479/479/472 480/480/473 478/478/471
f 477/477/470 478/478/471 480/480/473
f 480/480/473 479/479/472 481/481/474
f 482/482/475 480/480/473 481/481/474
f 480/480/473 483/483/476 477/477/470
f 477/477/470 483/483/476 463/463/456
f 480/480/473 482/482/475 484/484/477
f 484/484/477 483/483/476 480/480/473
f 485/485/478 484/484/477 482/482/475
f 483/483/476 486/486/479 463/463/456
f 486/486/479 304/304/301 463/463/456
f 484/484/477 485/485/478 487/487/480
f 304/304/301 486/486/479 488/488/481
f 302/302/299 304/304/301 488/488/481
f 489/489/482 302/302/299 488/488/481
f 490/490/483 487/487/480 485/485/478
f 488/488/481 491/491/484 489/489/482
f 488/488/481 486/486/479 491/491/484
f 483/483/476 491/491/484 486/486/479
f 491/491/484 492/492/485 489/489/482
f 493/493/486 483/483/476 484/484/477
f 483/483/476 493/493/486 491/491/484
f 484/484/477 487/487/480 493/493/486
f 494/494/487 492/492/485 491/491/484
f 493/493/486 494/494/487 491/491/484
f 495/495/488 492/492/485 494/494/487
f 496/496/489 493/493/486 487/487/480
f 493/493/486 496/496/489 494/494/487
f 494/494/487 497/497/490 495/495/488
f 494/494/487 496/496/489 497/497/490
f 498/498/491 495/495/488 497/497/490
f 497/497/490 499/499/492 498/498/491
f 499/499/492 497/497/490 500/500/493
f 496/496/489 500/500/493 497/497/490
f 500/500/493 501/501/494 499/499/492
f 502/502/495 496/496/489 487/487/480
f 487/487/480 490/490/483 502/502/495
f 500/500/493 496/496/489 503/503/496
f 496/496/489 502/502/495 503/503/496
f 490/490/483 504/504/497 502/502/495
f 504/504/497 503/503/496 502/502/495
f 504/504/497 490/490/483 505/505/498
f 506/506/499 500/500/493 503/503/496
f 503/503/496 504/504/497 506/506/499
f 505/505/498 507/507/500 504/504/497
f 507/507/500 506/506/499 504/504/497
f 507/507/500 505/505/498 508/508/501
f 500/500/493 506/506/499 509/509/502
f 501/501/494 500/500/493 509/509/502
f 506/506/499 507/507/500 510/510/503
f 510/510/503 509/509/502 506/506/499
f 508/508/501 511/511/504 507/507/500
f 511/511/504 510/510/503 507/507/500
f 511/511/504 508/508/501 512/512/505
f 513/513/506 501/501/494 509/509/502
f 509/509/502 510/510/503 513/513/506
f 514/514/507 501/501/494 513/513/506
f 510/510/503 511/511/504 515/515/508
f 515/515/508 511/511/504 512/512/505
f 515/515/508 513/513/506 510/510/503
f 516/516/509 515/515/508 512/512/505
f 513/513/506 517/517/510 514/514/507
f 513/513/506 515/515/508 517/517/510
f 516/516/509 517/517/510 515/515/508
f 514/514/507 517/517/510 518/518/511
f 517/517/510 516/516/509 519/519/512
f 519/519/512 518/518/511 517/517/510
f 518/518/511 519/519/512 520/520/513
f 521/3/514 522/2/515 523/1/1
f 524/4/516 522/2/515 521/3/514
f 521/3/514 525/5/517 524/4/516
f 524/4/516 525/5/517 526/6/518
f 526/6/518 525/5/517 527/7/7
f 526/6/518 527/7/7 528/8/519
f 526/6/518 528/8/519 529/9/520
f 527/7/7 530/10/521 528/8/519
f 530/10/521 527/7/7 531/11/522
f 532/12/523 530/10/521 531/11/522
f 533/13/524 529/9/520 528/8/519
f 530/10/521 534/14/525 528/8/519
f 534/14/525 533/13/524 528/8/519
f 532/12/523 535/15/526 530/10/521
f 535/15/526 534/14/525 530/10/521
f 533/13/524 536/16/527 529/9/520
f 536/16/527 537/17/528 529/9/520
f 534/14/525 538/18/529 533/13/524
f 538/18/529 536/16/527 533/13/524
f 539/20/530 537/17/528 536/16/527
f 537/17/528 539/20/530 540/21/531
f 541/22/532 536/16/527 538/18/529
f 536/16/527 541/22/532 539/20/530
f 542/19/533 538/18/529 534/14/525
f 535/15/526 542/19/533 534/14/525
f 538/18/529 543/23/534 541/22/532
f 543/23/534 538/18/529 542/19/533
f 541/22/532 544/26/535 539/20/530
f 539/20/530 545/24/536 540/21/531
f 544/26/535 545/24/536 539/20/530
f 545/24/536 546/25/537 540/21/531
f 547/33/538 544/26/535 541/22/532
f 543/23/534 547/33/538 541/22/532
f 545/24/536 548/27/539 546/25/537
f 548/27/539 549/28/540 546/25/537
f 544/26/535 550/29/541 545/24/536
f 550/29/541 548/27/539 545/24/536
f 551/30/542 549/28/540 548/27/539
f 550/29/541 551/30/542 548/27/539
f 549/28/540 551/30/542 552/31/543
f 551/30/542 553/32/544 552/31/543
f 554/35/545 550/29/541 544/26/535
f 547/33/538 554/35/545 544/26/535
f 555/36/546 551/30/542 550/29/541
f 556/34/547 553/32/544 551/30/542
f 555/36/546 556/34/547 551/30/542
f 557/37/548 553/32/544 556/34/547
f 553/32/544 557/37/548 558/38/549
f 559/39/550 558/38/549 557/37/548
f 560/40/551 556/34/547 555/36/546
f 560/40/551 557/37/548 556/34/547
f 550/29/541 561/41/552 555/36/546
f 561/41/552 550/29/541 554/35/545
f 555/36/546 562/42/553 560/40/551
f 562/42/553 555/36/546 561/41/552
f 563/43/554 557/37/548 560/40/551
f 564/44/555 560/40/551 562/42/553
f 560/40/551 564/44/555 563/43/554
f 557/37/548 565/372/556 559/39/550
f 557/37/548 563/43/554 565/372/556
f 559/39/550 565/372/556 566/374/557
f 567/375/558 559/39/550 566/374/557
f 563/43/554 568/365/559 565/372/556
f 566/374/557 569/382/560 567/375/558
f 567/375/558 569/382/560 570/383/515
f 571/380/377 570/383/515 569/382/560
f 570/383/515 571/380/377 572/384/1
f 566/374/557 571/380/377 569/382/560
f 573/378/375 571/380/377 566/374/557
f 574/373/561 573/378/375 566/374/557
f 565/372/556 574/373/561 566/374/557
f 574/373/561 565/372/556 568/365/559
f 575/376/373 573/378/375 574/373/561
f 576/370/562 575/376/373 574/373/561
f 576/370/562 574/373/561 568/365/559
f 577/377/374 575/376/373 576/370/562
f 578/369/563 576/370/562 568/365/559
f 579/371/564 577/377/374 576/370/562
f 580/379/565 577/377/374 579/371/564
f 579/371/564 581/381/378 580/379/565
f 582/368/566 576/370/562 578/369/563
f 582/368/566 579/371/564 576/370/562
f 568/365/559 583/362/567 578/369/563
f 583/362/567 582/368/566 578/369/563
f 581/381/378 579/371/564 584/385/568
f 585/386/378 581/381/378 584/385/568
f 579/371/564 582/368/566 586/367/569
f 586/367/569 584/385/568 579/371/564
f 587/387/570 585/386/378 584/385/568
f 587/387/570 588/388/382 585/386/378
f 588/388/382 587/387/570 589/389/571
f 587/387/570 590/390/572 589/389/571
f 590/390/572 587/387/570 591/391/573
f 587/387/570 584/385/568 591/391/573
f 591/391/573 584/385/568 586/367/569
f 586/367/569 592/392/574 591/391/573
f 586/367/569 593/393/575 592/392/574
f 586/367/569 594/366/576 593/393/575
f 593/393/575 594/366/576 595/394/577
f 594/366/576 596/395/578 595/394/577
f 597/361/579 586/367/569 582/368/566
f 582/368/566 583/362/567 597/361/579
f 594/366/576 586/367/569 598/364/580
f 586/367/569 597/361/579 598/364/580
f 596/395/578 594/366/576 599/396/581
f 599/396/581 600/397/582 596/395/578
f 601/355/583 594/366/576 598/364/580
f 600/397/582 599/396/581 602/398/584
f 602/398/584 603/399/585 600/397/582
f 604/353/586 599/396/581 594/366/576
f 594/366/576 601/355/583 604/353/586
f 605/351/587 602/398/584 599/396/581
f 599/396/581 604/353/586 605/351/587
f 603/399/585 602/398/584 606/400/588
f 602/398/584 605/351/587 607/350/589
f 607/350/589 606/400/588 602/398/584
f 608/349/590 605/351/587 604/353/586
f 609/347/591 607/350/589 605/351/587
f 605/351/587 608/349/590 609/347/591
f 610/352/592 604/353/586 601/355/583
f 604/353/586 610/352/592 608/349/590
f 598/364/580 611/357/593 601/355/583
f 611/357/593 598/364/580 597/361/579
f 601/355/583 612/354/594 610/352/592
f 612/354/594 601/355/583 611/357/593
f 597/361/579 613/359/595 611/357/593
f 613/359/595 597/361/579 583/362/567
f 612/354/594 611/357/593 614/356/596
f 614/356/596 611/357/593 613/359/595
f 615/348/597 610/352/592 612/354/594
f 615/348/597 608/349/590 610/352/592
f 616/99/598 612/354/594 614/356/596
f 616/99/598 615/348/597 612/354/594
f 614/356/596 613/359/595 617/358/599
f 618/346/600 608/349/590 615/348/597
f 617/358/599 613/359/595 619/360/601
f 583/362/567 619/360/601 613/359/595
f 620/342/602 608/349/590 618/346/600
f 620/342/602 609/347/591 608/349/590
f 619/360/601 583/362/567 621/363/603
f 583/362/567 568/365/559 621/363/603
f 568/365/559 563/43/554 621/363/603
f 563/43/554 619/360/601 621/363/603
f 619/360/601 563/43/554 564/44/555
f 622/46/604 619/360/601 564/44/555
f 619/360/601 622/46/604 617/358/599
f 562/42/553 622/46/604 564/44/555
f 623/84/605 617/358/599 622/46/604
f 623/84/605 614/356/596 617/358/599
f 622/46/604 562/42/553 624/45/606
f 561/41/552 624/45/606 562/42/553
f 625/79/607 623/84/605 622/46/604
f 624/45/606 625/79/607 622/46/604
f 624/45/606 561/41/552 626/47/608
f 554/35/545 626/47/608 561/41/552
f 625/79/607 624/45/606 627/49/609
f 626/47/608 627/49/609 624/45/606
f 626/47/608 554/35/545 628/48/610
f 628/48/610 554/35/545 547/33/538
f 627/49/609 626/47/608 629/51/611
f 628/48/610 629/51/611 626/47/608
f 630/50/612 628/48/610 547/33/538
f 630/50/612 547/33/538 543/23/534
f 629/51/611 628/48/610 631/52/613
f 631/52/613 628/48/610 630/50/612
f 632/53/614 630/50/612 543/23/534
f 542/19/533 632/53/614 543/23/534
f 633/54/615 631/52/613 630/50/612
f 633/54/615 630/50/612 632/53/614
f 632/53/614 542/19/533 634/55/616
f 535/15/526 634/55/616 542/19/533
f 632/53/614 635/56/617 633/54/615
f 634/55/616 635/56/617 632/53/614
f 634/55/616 535/15/526 636/57/618
f 636/57/618 635/56/617 634/55/616
f 532/12/523 636/57/618 535/15/526
f 636/57/618 532/12/523 637/58/619
f 638/59/620 636/57/618 637/58/619
f 638/59/620 639/60/621 636/57/618
f 636/57/618 639/60/621 635/56/617
f 640/61/622 635/56/617 639/60/621
f 640/61/622 641/62/623 635/56/617
f 641/62/623 640/61/622 642/63/624
f 635/56/617 643/64/625 633/54/615
f 643/64/625 635/56/617 641/62/623
f 643/64/625 631/52/613 633/54/615
f 644/67/626 645/66/627 642/63/624
f 643/64/625 646/69/628 631/52/613
f 642/63/624 645/66/627 647/65/629
f 642/63/624 647/65/629 641/62/623
f 641/62/623 648/68/630 643/64/625
f 647/65/629 648/68/630 641/62/623
f 648/68/630 646/69/628 643/64/625
f 645/66/627 649/71/631 647/65/629
f 647/65/629 649/71/631 648/68/630
f 649/71/631 645/66/627 650/72/632
f 651/70/633 631/52/613 646/69/628
f 648/68/630 651/70/633 646/69/628
f 631/52/613 651/70/633 629/51/611
f 648/68/630 649/71/631 652/73/634
f 651/70/633 648/68/630 652/73/634
f 653/74/635 629/51/611 651/70/633
f 652/73/634 653/74/635 651/70/633
f 629/51/611 653/74/635 627/49/609
f 654/77/636 627/49/609 653/74/635
f 652/73/634 654/77/636 653/74/635
f 627/49/609 654/77/636 625/79/607
f 652/73/634 649/71/631 655/75/637
f 652/73/634 655/75/637 654/77/636
f 650/72/632 655/75/637 649/71/631
f 655/75/637 650/72/632 656/76/638
f 656/76/638 657/78/639 655/75/637
f 658/80/640 625/79/607 654/77/636
f 655/75/637 658/80/640 654/77/636
f 658/80/640 623/84/605 625/79/607
f 655/75/637 657/78/639 659/81/641
f 658/80/640 655/75/637 659/81/641
f 657/78/639 660/82/642 659/81/641
f 658/80/640 659/81/641 660/82/642
f 660/82/642 657/78/639 661/83/143
f 658/80/640 660/82/642 662/85/643
f 623/84/605 658/80/640 662/85/643
f 661/83/143 663/86/644 660/82/642
f 662/85/643 660/82/642 663/86/644
f 663/86/644 661/83/143 664/87/645
f 664/87/645 665/88/646 663/86/644
f 662/85/643 666/89/647 623/84/605
f 662/85/643 663/86/644 666/89/647
f 663/86/644 665/88/646 667/90/648
f 666/89/647 663/86/644 667/90/648
f 665/88/646 668/91/649 667/90/648
f 666/89/647 669/92/650 623/84/605
f 614/356/596 623/84/605 669/92/650
f 669/92/650 616/99/598 614/356/596
f 666/89/647 670/95/651 669/92/650
f 670/95/651 616/99/598 669/92/650
f 666/89/647 667/90/648 670/95/651
f 667/90/648 668/91/649 671/93/652
f 670/95/651 667/90/648 671/93/652
f 668/91/649 672/94/653 671/93/652
f 670/95/651 673/98/654 616/99/598
f 670/95/651 671/93/652 673/98/654
f 673/98/654 615/348/597 616/99/598
f 671/93/652 672/94/653 674/96/655
f 673/98/654 671/93/652 674/96/655
f 675/97/656 674/96/655 672/94/653
f 673/98/654 676/102/657 615/348/597
f 673/98/654 674/96/655 676/102/657
f 676/102/657 618/346/600 615/348/597
f 674/96/655 675/97/656 677/100/658
f 677/100/658 676/102/657 674/96/655
f 678/101/659 677/100/658 675/97/656
f 676/102/657 679/109/660 618/346/600
f 677/100/658 678/101/659 680/103/661
f 620/342/602 618/346/600 679/109/660
f 681/104/662 680/103/661 678/101/659
f 676/102/657 677/100/658 682/105/663
f 680/103/661 682/105/663 677/100/658
f 679/109/660 676/102/657 682/105/663
f 680/103/661 681/104/662 683/106/664
f 684/107/107 683/106/664 681/104/662
f 682/105/663 680/103/661 685/108/665
f 683/106/664 685/108/665 680/103/661
f 685/108/665 679/109/660 682/105/663
f 683/106/664 684/107/107 686/110/666
f 685/108/665 683/106/664 687/111/667
f 686/110/666 687/111/667 683/106/664
f 679/109/660 685/108/665 688/115/668
f 687/111/667 688/115/668 685/108/665
f 686/110/666 684/107/107 689/112/669
f 684/107/107 690/113/670 689/112/669
f 687/111/667 686/110/666 691/114/671
f 689/112/669 691/114/671 686/110/666
f 690/113/670 692/116/672 689/112/669
f 692/116/672 690/113/670 693/117/673
f 694/118/674 692/116/672 693/117/673
f 691/114/671 689/112/669 695/119/675
f 692/116/672 695/119/675 689/112/669
f 696/334/676 687/111/667 691/114/671
f 695/119/675 692/116/672 697/121/677
f 687/111/667 696/334/676 698/335/678
f 688/115/668 687/111/667 698/335/678
f 691/114/671 695/119/675 699/122/679
f 696/334/676 691/114/671 699/122/679
f 695/119/675 697/121/677 700/123/680
f 700/123/680 699/122/679 695/119/675
f 701/120/681 697/121/677 692/116/672
f 692/116/672 694/118/674 701/120/681
f 702/124/682 700/123/680 697/121/677
f 697/121/677 701/120/681 702/124/682
f 703/125/683 701/120/681 694/118/674
f 704/126/126 703/125/683 694/118/674
f 704/126/126 705/127/127 703/125/683
f 702/124/682 701/120/681 706/128/684
f 703/125/683 706/128/684 701/120/681
f 700/123/680 702/124/682 707/129/685
f 703/125/683 705/127/127 708/139/686
f 702/124/682 709/130/687 707/129/685
f 709/130/687 702/124/682 706/128/684
f 710/131/688 706/128/684 703/125/683
f 710/131/688 703/125/683 708/139/686
f 711/132/689 709/130/687 706/128/684
f 710/131/688 711/132/689 706/128/684
f 711/132/689 712/133/690 709/130/687
f 711/132/689 713/134/691 712/133/690
f 710/131/688 713/134/691 711/132/689
f 712/133/690 714/135/692 709/130/687
f 715/136/693 713/134/691 710/131/688
f 715/136/693 710/131/688 708/139/686
f 716/140/694 715/136/693 708/139/686
f 709/130/687 714/135/692 717/137/695
f 717/137/695 707/129/685 709/130/687
f 714/135/692 718/138/696 717/137/695
f 716/140/694 708/139/686 719/141/697
f 705/127/127 719/141/697 708/139/686
f 716/140/694 719/141/697 720/142/698
f 719/141/697 705/127/127 721/143/699
f 719/141/697 722/144/700 720/142/698
f 719/141/697 721/143/699 722/144/700
f 721/143/699 723/145/701 722/144/700
f 724/146/702 722/144/700 723/145/701
f 722/144/700 724/146/702 725/147/703
f 723/145/701 726/148/704 724/146/702
f 727/149/705 725/147/703 724/146/702
f 726/148/704 727/149/705 724/146/702
f 727/149/705 726/148/704 728/150/706
f 725/147/703 727/149/705 729/151/707
f 730/152/155 727/149/705 728/150/706
f 727/149/705 731/153/708 729/151/707
f 727/149/705 730/152/155 732/154/709
f 732/154/709 731/153/708 727/149/705
f 730/152/155 733/155/152 732/154/709
f 733/155/152 730/152/155 734/156/710
f 735/157/150 733/155/152 734/156/710
f 736/158/711 731/153/708 732/154/709
f 733/155/152 736/158/711 732/154/709
f 729/151/707 731/153/708 737/160/712
f 738/161/713 729/151/707 737/160/712
f 737/160/712 739/162/714 738/161/713
f 739/162/714 737/160/712 740/163/715
f 740/163/715 741/164/716 739/162/714
f 731/153/708 742/165/717 737/160/712
f 740/163/715 737/160/712 743/166/718
f 737/160/712 742/165/717 743/166/718
f 741/164/716 740/163/715 744/167/719
f 743/166/718 744/167/719 740/163/715
f 742/165/717 731/153/708 745/168/720
f 731/153/708 736/158/711 745/168/720
f 743/166/718 742/165/717 746/169/721
f 745/168/720 747/170/722 742/165/717
f 746/169/721 742/165/717 747/170/722
f 736/158/711 748/171/723 745/168/720
f 747/170/722 745/168/720 748/171/723
f 749/172/724 743/166/718 746/169/721
f 744/167/719 743/166/718 749/172/724
f 750/173/725 746/169/721 747/170/722
f 749/172/724 746/169/721 751/174/726
f 746/169/721 750/173/725 751/174/726
f 752/175/727 744/167/719 749/172/724
f 751/174/726 752/175/727 749/172/724
f 747/170/722 748/171/723 753/176/728
f 747/170/722 753/176/728 750/173/725
f 748/171/723 736/158/711 754/177/729
f 748/171/723 754/177/729 753/176/728
f 755/178/730 754/177/729 736/158/711
f 736/158/711 733/155/152 755/178/730
f 756/179/731 753/176/728 754/177/729
f 757/159/732 755/178/730 733/155/152
f 733/155/152 735/157/150 757/159/732
f 758/180/733 754/177/729 755/178/730
f 758/180/733 756/179/731 754/177/729
f 755/178/730 757/159/732 759/181/734
f 759/181/734 758/180/733 755/178/730
f 735/157/150 760/228/735 757/159/732
f 760/228/735 735/157/150 761/229/736
f 762/230/737 760/228/735 761/229/736
f 757/159/732 763/216/738 759/181/734
f 763/216/738 757/159/732 760/228/735
f 758/180/733 759/181/734 764/184/739
f 765/214/740 759/181/734 763/216/738
f 759/181/734 765/214/740 764/184/739
f 760/228/735 766/225/741 763/216/738
f 763/216/738 767/223/742 765/214/740
f 767/223/742 763/216/738 766/225/741
f 764/184/739 765/214/740 768/212/743
f 769/231/744 766/225/741 760/228/735
f 760/228/735 762/230/737 769/231/744
f 770/185/745 764/184/739 768/212/743
f 770/185/745 758/180/733 764/184/739
f 765/214/740 771/213/746 768/212/743
f 771/213/746 765/214/740 767/223/742
f 770/185/745 768/212/743 772/210/747
f 771/213/746 772/210/747 768/212/743
f 758/180/733 770/185/745 773/183/748
f 756/179/731 758/180/733 773/183/748
f 770/185/745 772/210/747 774/209/749
f 773/183/748 775/182/750 756/179/731
f 775/182/750 753/176/728 756/179/731
f 770/185/745 776/186/751 773/183/748
f 775/182/750 773/183/748 776/186/751
f 776/186/751 770/185/745 774/209/749
f 753/176/728 775/182/750 777/187/752
f 750/173/725 753/176/728 777/187/752
f 775/182/750 776/186/751 778/188/753
f 750/173/725 777/187/752 779/189/754
f 775/182/750 780/190/755 777/187/752
f 780/190/755 775/182/750 778/188/753
f 777/187/752 781/192/756 779/189/754
f 781/192/756 777/187/752 780/190/755
f 782/191/757 750/173/725 779/189/754
f 750/173/725 782/191/757 751/174/726
f 783/193/758 779/189/754 781/192/756
f 779/189/754 783/193/758 782/191/757
f 781/192/756 780/190/755 784/196/759
f 783/193/758 781/192/756 784/196/759
f 751/174/726 782/191/757 785/194/760
f 751/174/726 785/194/760 752/175/727
f 786/195/761 782/191/757 783/193/758
f 782/191/757 786/195/761 785/194/760
f 787/197/762 783/193/758 784/196/759
f 787/197/762 786/195/761 783/193/758
f 787/197/762 784/196/759 788/199/763
f 789/200/764 786/195/761 787/197/762
f 787/197/762 788/199/763 789/200/764
f 788/199/763 784/196/759 790/198/765
f 790/198/765 784/196/759 780/190/755
f 788/199/763 791/202/766 789/200/764
f 790/198/765 791/202/766 788/199/763
f 780/190/755 792/201/767 790/198/765
f 780/190/755 778/188/753 792/201/767
f 790/198/765 793/204/768 791/202/766
f 790/198/765 792/201/767 793/204/768
f 778/188/753 794/203/769 792/201/767
f 792/201/767 794/203/769 793/204/768
f 794/203/769 778/188/753 776/186/751
f 776/186/751 795/205/770 794/203/769
f 794/203/769 795/205/770 793/204/768
f 795/205/770 776/186/751 774/209/749
f 793/204/768 796/206/771 791/202/766
f 795/205/770 796/206/771 793/204/768
f 774/209/749 797/208/772 795/205/770
f 795/205/770 797/208/772 796/206/771
f 797/208/772 774/209/749 772/210/747
f 791/202/766 796/206/771 798/207/773
f 796/206/771 797/208/772 798/207/773
f 791/202/766 798/207/773 789/200/764
f 797/208/772 772/210/747 799/211/774
f 798/207/773 797/208/772 799/211/774
f 772/210/747 771/213/746 799/211/774
f 789/200/764 798/207/773 800/215/775
f 799/211/774 800/215/775 798/207/773
f 799/211/774 771/213/746 801/218/776
f 799/211/774 801/218/776 800/215/775
f 800/215/775 802/217/777 789/200/764
f 802/217/777 786/195/761 789/200/764
f 802/217/777 785/194/760 786/195/761
f 800/215/775 803/219/778 802/217/777
f 801/218/776 803/219/778 800/215/775
f 804/220/779 785/194/760 802/217/777
f 803/219/778 804/220/779 802/217/777
f 771/213/746 805/221/780 801/218/776
f 805/221/780 771/213/746 767/223/742
f 801/218/776 806/222/781 803/219/778
f 805/221/780 806/222/781 801/218/776
f 767/223/742 807/226/782 805/221/780
f 807/226/782 767/223/742 766/225/741
f 806/222/781 805/221/780 808/227/783
f 807/226/782 808/227/783 805/221/780
f 809/224/784 803/219/778 806/222/781
f 809/224/784 804/220/779 803/219/778
f 766/225/741 810/232/785 807/226/782
f 810/232/785 766/225/741 769/231/744
f 808/227/783 807/226/782 811/236/786
f 810/232/785 811/236/786 807/226/782
f 808/227/783 812/296/787 806/222/781
f 809/224/784 806/222/781 812/296/787
f 811/236/786 813/293/788 808/227/783
f 812/296/787 808/227/783 813/293/788
f 811/236/786 810/232/785 814/237/789
f 813/293/788 811/236/786 815/290/790
f 814/237/789 815/290/790 811/236/786
f 769/231/744 816/235/791 810/232/785
f 816/235/791 814/237/789 810/232/785
f 816/235/791 769/231/744 817/233/792
f 762/230/737 817/233/792 769/231/744
f 817/233/792 762/230/737 818/234/793
f 814/237/789 816/235/791 819/243/794
f 818/234/793 820/238/795 817/233/792
f 820/238/795 818/234/793 821/239/796
f 817/233/792 822/240/797 816/235/791
f 822/240/797 817/233/792 820/238/795
f 822/240/797 819/243/794 816/235/791
f 821/239/796 823/241/798 820/238/795
f 823/241/798 822/240/797 820/238/795
f 823/241/798 821/239/796 824/242/799
f 819/243/794 825/287/800 814/237/789
f 815/290/790 814/237/789 825/287/800
f 823/241/798 824/242/799 826/244/801
f 824/242/799 827/245/704 826/244/801
f 828/285/802 815/290/790 825/287/800
f 827/245/704 829/247/803 826/244/801
f 829/247/803 827/245/704 830/248/245
f 829/247/803 830/248/245 831/249/804
f 826/244/801 829/247/803 832/251/805
f 833/252/806 829/247/803 831/249/804
f 829/247/803 833/252/806 832/251/805
f 834/253/807 833/252/806 831/249/804
f 834/253/807 831/249/804 835/254/808
f 832/251/805 833/252/806 836/255/809
f 834/253/807 836/255/809 833/252/806
f 837/250/810 826/244/801 832/251/805
f 837/250/810 823/241/798 826/244/801
f 838/256/811 834/253/807 835/254/808
f 835/254/808 839/257/812 838/256/811
f 838/256/811 840/258/813 834/253/807
f 834/253/807 840/258/813 836/255/809
f 839/257/812 841/259/814 838/256/811
f 841/259/814 840/258/813 838/256/811
f 842/260/815 836/255/809 840/258/813
f 842/260/815 840/258/813 841/259/814
f 832/251/805 836/255/809 843/261/816
f 843/261/816 836/255/809 842/260/815
f 832/251/805 843/261/816 837/250/810
f 841/259/814 844/262/817 842/260/815
f 839/257/812 844/262/817 841/259/814
f 843/261/816 842/260/815 844/262/817
f 845/263/818 844/262/817 839/257/812
f 844/262/817 846/264/819 843/261/816
f 843/261/816 846/264/819 837/250/810
f 844/262/817 845/263/818 847/265/820
f 844/262/817 847/265/820 846/264/819
f 848/266/821 845/263/818 849/267/264
f 845/263/818 848/266/821 847/265/820
f 848/266/821 850/268/822 847/265/820
f 846/264/819 847/265/820 850/268/822
f 850/268/822 848/266/821 851/269/823
f 846/264/819 850/268/822 852/270/824
f 852/270/824 837/250/810 846/264/819
f 851/269/823 853/271/825 850/268/822
f 852/270/824 850/268/822 853/271/825
f 853/271/825 851/269/823 854/272/826
f 837/250/810 852/270/824 855/246/827
f 823/241/798 837/250/810 855/246/827
f 822/240/797 823/241/798 855/246/827
f 854/272/826 856/275/828 853/271/825
f 856/275/828 854/272/826 857/276/829
f 852/270/824 853/271/825 858/274/830
f 858/274/830 853/271/825 856/275/828
f 855/246/827 852/270/824 859/273/831
f 859/273/831 852/270/824 858/274/830
f 859/273/831 822/240/797 855/246/827
f 856/275/828 860/277/832 858/274/830
f 860/277/832 859/273/831 858/274/830
f 822/240/797 859/273/831 861/278/833
f 859/273/831 860/277/832 861/278/833
f 822/240/797 861/278/833 819/243/794
f 861/278/833 862/284/834 819/243/794
f 862/284/834 861/278/833 860/277/832
f 825/287/800 819/243/794 862/284/834
f 862/284/834 828/285/802 825/287/800
f 860/277/832 863/282/835 862/284/834
f 828/285/802 862/284/834 863/282/835
f 860/277/832 856/275/828 864/279/836
f 863/282/835 860/277/832 864/279/836
f 857/276/829 864/279/836 856/275/828
f 864/279/836 857/276/829 865/280/837
f 866/281/838 864/279/836 865/280/837
f 864/279/836 866/281/838 863/282/835
f 866/281/838 867/283/839 863/282/835
f 863/282/835 867/283/839 828/285/802
f 868/286/840 828/285/802 867/283/839
f 828/285/802 868/286/840 869/288/841
f 815/290/790 828/285/802 869/288/841
f 870/289/842 869/288/841 868/286/840
f 869/288/841 813/293/788 815/290/790
f 869/288/841 870/289/842 871/291/843
f 813/293/788 869/288/841 871/291/843
f 872/292/844 871/291/843 870/289/842
f 813/293/788 871/291/843 812/296/787
f 871/291/843 872/292/844 873/294/845
f 812/296/787 871/291/843 873/294/845
f 874/295/846 873/294/845 872/292/844
f 874/295/846 875/297/847 873/294/845
f 875/297/847 812/296/787 873/294/845
f 876/298/848 875/297/847 874/295/846
f 877/299/849 812/296/787 875/297/847
f 812/296/787 877/299/849 809/224/784
f 876/298/848 878/300/850 875/297/847
f 876/298/848 879/301/851 878/300/850
f 880/302/852 878/300/850 879/301/851
f 875/297/847 878/300/850 881/303/853
f 875/297/847 881/303/853 877/299/849
f 880/302/852 882/304/854 878/300/850
f 878/300/850 882/304/854 881/303/853
f 877/299/849 883/305/855 809/224/784
f 804/220/779 809/224/784 883/305/855
f 884/306/856 883/305/855 877/299/849
f 877/299/849 881/303/853 884/306/856
f 885/307/857 804/220/779 883/305/855
f 883/305/855 884/306/856 885/307/857
f 804/220/779 885/307/857 886/308/858
f 785/194/760 804/220/779 886/308/858
f 785/194/760 886/308/858 752/175/727
f 885/307/857 884/306/856 887/309/859
f 887/309/859 886/308/858 885/307/857
f 886/308/858 888/310/860 752/175/727
f 744/167/719 752/175/727 888/310/860
f 886/308/858 887/309/859 889/311/861
f 888/310/860 886/308/858 889/311/861
f 890/312/862 744/167/719 888/310/860
f 744/167/719 890/312/862 741/164/716
f 741/164/716 890/312/862 891/313/863
f 892/314/864 888/310/860 889/311/861
f 888/310/860 892/314/864 890/312/862
f 889/311/861 887/309/859 892/314/864
f 891/313/863 890/312/862 893/315/865
f 893/315/865 890/312/862 892/314/864
f 891/313/863 893/315/865 894/316/866
f 895/317/867 891/313/863 894/316/866
f 895/317/867 894/316/866 718/138/696
f 893/315/865 892/314/864 896/318/868
f 894/316/866 893/315/865 896/318/868
f 718/138/696 894/316/866 897/319/869
f 717/137/695 718/138/696 897/319/869
f 894/316/866 896/318/868 898/320/870
f 897/319/869 894/316/866 898/320/870
f 892/314/864 899/321/871 896/318/868
f 892/314/864 887/309/859 899/321/871
f 898/320/870 896/318/868 900/322/872
f 896/318/868 899/321/871 900/322/872
f 901/323/873 897/319/869 898/320/870
f 900/322/872 901/323/873 898/320/870
f 897/319/869 902/324/874 717/137/695
f 897/319/869 901/323/873 902/324/874
f 902/324/874 903/325/875 717/137/695
f 903/325/875 707/129/685 717/137/695
f 700/123/680 707/129/685 903/325/875
f 903/325/875 902/324/874 904/326/876
f 901/323/873 904/326/876 902/324/874
f 903/325/875 905/327/877 700/123/680
f 904/326/876 905/327/877 903/325/875
f 905/327/877 699/122/679 700/123/680
f 906/328/878 905/327/877 904/326/876
f 699/122/679 905/327/877 907/329/879
f 906/328/878 907/329/879 905/327/877
f 907/329/879 908/331/880 699/122/679
f 696/334/676 699/122/679 908/331/880
f 909/332/881 907/329/879 906/328/878
f 908/331/880 907/329/879 909/332/881
f 910/330/882 906/328/878 904/326/876
f 904/326/876 901/323/873 910/330/882
f 906/328/878 911/333/883 909/332/881
f 911/333/883 906/328/878 910/330/882
f 909/332/881 911/333/883 912/442/884
f 910/330/882 913/444/885 911/333/883
f 912/442/884 911/333/883 913/444/885
f 914/446/886 910/330/882 901/323/873
f 913/444/885 910/330/882 914/446/886
f 912/442/884 915/439/887 909/332/881
f 915/439/887 908/331/880 909/332/881
f 913/444/885 916/443/888 912/442/884
f 915/439/887 912/442/884 916/443/888
f 913/444/885 914/446/886 917/447/889
f 916/443/888 913/444/885 917/447/889
f 901/323/873 918/448/890 914/446/886
f 901/323/873 900/322/872 918/448/890
f 918/448/890 919/449/891 914/446/886
f 917/447/889 914/446/886 919/449/891
f 900/322/872 920/450/892 918/448/890
f 920/450/892 919/449/891 918/448/890
f 921/451/893 920/450/892 900/322/872
f 899/321/871 921/451/893 900/322/872
f 919/449/891 920/450/892 922/452/894
f 922/452/894 917/447/889 919/449/891
f 923/453/895 920/450/892 921/451/893
f 920/450/892 923/453/895 922/452/894
f 924/454/896 921/451/893 899/321/871
f 887/309/859 924/454/896 899/321/871
f 925/455/897 923/453/895 921/451/893
f 925/455/897 921/451/893 924/454/896
f 887/309/859 926/456/898 924/454/896
f 884/306/856 926/456/898 887/309/859
f 927/457/899 925/455/897 924/454/896
f 927/457/899 924/454/896 926/456/898
f 928/458/900 926/456/898 884/306/856
f 927/457/899 926/456/898 928/458/900
f 881/303/853 928/458/900 884/306/856
f 929/459/901 927/457/899 928/458/900
f 928/458/900 881/303/853 930/460/902
f 929/459/901 928/458/900 930/460/902
f 882/304/854 930/460/902 881/303/853
f 931/461/903 927/457/899 929/459/901
f 925/455/897 927/457/899 931/461/903
f 930/460/902 932/462/904 929/459/901
f 932/462/904 931/461/903 929/459/901
f 933/463/905 930/460/902 882/304/854
f 932/462/904 930/460/902 933/463/905
f 934/464/906 925/455/897 931/461/903
f 934/464/906 923/453/895 925/455/897
f 935/465/907 931/461/903 932/462/904
f 936/466/908 923/453/895 934/464/906
f 922/452/894 923/453/895 936/466/908
f 934/464/906 931/461/903 937/467/909
f 935/465/907 937/467/909 931/461/903
f 936/466/908 934/464/906 938/468/910
f 938/468/910 934/464/906 937/467/909
f 922/452/894 936/466/908 939/469/911
f 936/466/908 938/468/910 939/469/911
f 917/447/889 922/452/894 939/469/911
f 938/468/910 937/467/909 940/470/912
f 939/469/911 938/468/910 940/470/912
f 940/470/912 917/447/889 939/469/911
f 937/467/909 935/465/907 940/470/912
f 940/470/912 941/445/913 917/447/889
f 940/470/912 935/465/907 941/445/913
f 941/445/913 916/443/888 917/447/889
f 941/445/913 942/441/914 916/443/888
f 942/441/914 915/439/887 916/443/888
f 943/471/915 941/445/913 935/465/907
f 942/441/914 941/445/913 943/471/915
f 943/471/915 935/465/907 944/472/916
f 935/465/907 932/462/904 944/472/916
f 945/440/917 942/441/914 943/471/915
f 944/472/916 932/462/904 946/477/918
f 932/462/904 933/463/905 946/477/918
f 947/473/919 943/471/915 944/472/916
f 943/471/915 947/473/919 945/440/917
f 948/475/920 947/473/919 944/472/916
f 948/475/920 944/472/916 946/477/918
f 948/475/920 949/474/921 947/473/919
f 950/436/922 947/473/919 949/474/921
f 947/473/919 950/436/922 945/440/917
f 948/475/920 951/476/923 949/474/921
f 950/436/922 952/435/924 945/440/917
f 953/478/925 951/476/923 948/475/920
f 948/475/920 946/477/918 953/478/925
f 953/478/925 954/479/926 951/476/923
f 952/435/924 950/436/922 955/433/426
f 956/480/927 954/479/926 953/478/925
f 946/477/918 956/480/927 953/478/925
f 956/480/927 957/481/474 954/479/926
f 956/480/927 958/482/475 957/481/474
f 956/480/927 946/477/918 959/483/928
f 946/477/918 933/463/905 959/483/928
f 958/482/475 956/480/927 960/484/929
f 960/484/929 956/480/927 959/483/928
f 960/484/929 961/485/930 958/482/475
f 959/483/928 933/463/905 962/486/931
f 962/486/931 933/463/905 882/304/854
f 961/485/930 960/484/929 963/487/932
f 963/487/932 964/490/933 961/485/930
f 882/304/854 965/488/934 962/486/931
f 880/302/852 965/488/934 882/304/854
f 966/489/482 965/488/934 880/302/852
f 965/488/934 967/491/935 962/486/931
f 965/488/934 966/489/482 967/491/935
f 959/483/928 962/486/931 967/491/935
f 967/491/935 966/489/482 968/492/936
f 969/493/937 960/484/929 959/483/928
f 959/483/928 967/491/935 969/493/937
f 963/487/932 960/484/929 969/493/937
f 970/494/938 967/491/935 968/492/936
f 969/493/937 967/491/935 970/494/938
f 968/492/936 971/495/939 970/494/938
f 963/487/932 969/493/937 972/496/940
f 972/496/940 969/493/937 970/494/938
f 973/497/941 970/494/938 971/495/939
f 972/496/940 970/494/938 973/497/941
f 973/497/941 971/495/939 974/498/942
f 975/499/943 973/497/941 974/498/942
f 973/497/941 975/499/943 976/500/944
f 972/496/940 973/497/941 976/500/944
f 976/500/944 975/499/943 977/501/945
f 972/496/940 978/502/946 963/487/932
f 964/490/933 963/487/932 978/502/946
f 976/500/944 979/503/947 972/496/940
f 978/502/946 972/496/940 979/503/947
f 980/504/948 964/490/933 978/502/946
f 979/503/947 980/504/948 978/502/946
f 964/490/933 980/504/948 981/505/949
f 976/500/944 982/506/950 979/503/947
f 980/504/948 979/503/947 982/506/950
f 983/507/951 981/505/949 980/504/948
f 982/506/950 983/507/951 980/504/948
f 981/505/949 983/507/951 984/508/501
f 982/506/950 976/500/944 985/509/952
f 985/509/952 976/500/944 977/501/945
f 983/507/951 982/506/950 986/510/953
f 985/509/952 986/510/953 982/506/950
f 987/511/954 984/508/501 983/507/951
f 986/510/953 987/511/954 983/507/951
f 984/508/501 987/511/954 988/512/505
f 989/513/955 985/509/952 977/501/945
f 986/510/953 985/509/952 989/513/955
f 977/501/945 990/514/956 989/513/955
f 987/511/954 986/510/953 991/515/957
f 991/515/957 988/512/505 987/511/954
f 989/513/955 991/515/957 986/510/953
f 992/516/958 988/512/505 991/515/957
f 990/514/956 993/517/959 989/513/955
f 991/515/957 989/513/955 993/517/959
f 993/517/959 992/516/958 991/515/957
f 990/514/956 994/518/960 993/517/959
f 992/516/958 993/517/959 995/519/961
f 994/518/960 995/519/961 993/517/959
f 995/519/961 994/518/960 996/520/962
f 997/521/963 998/522/964 999/523/965
f 1000/524/966 997/521/963 999/523/965
f 997/521/963 1000/524/966 1001/525/967
f 1000/524/966 1002/526/968 1001/525/967
f 1001/525/967 1002/526/968 1003/527/969
f 1001/525/967 1003/527/969 1004/528/970
f 1005/529/971 1003/527/969 1002/526/968
f 1006/530/972 1004/528/970 1003/527/969
f 1004/528/970 1006/530/972 1007/531/973
f 1003/527/969 1005/529/971 1008/532/974
f 1008/532/974 1006/530/972 1003/527/969
f 1005/529/971 1009/533/975 1008/532/974
f 1006/530/972 1010/534/976 1007/531/973
f 1011/535/977 1008/532/974 1009/533/975
f 1011/535/977 1009/533/975 1012/536/978
f 1006/530/972 1008/532/974 1013/537/979
f 1011/535/977 1013/537/979 1008/532/974
f 1010/534/976 1006/530/972 1014/538/980
f 1013/537/979 1014/538/980 1006/530/972
f 1015/539/981 1011/535/977 1012/536/978
f 1013/537/979 1011/535/977 1015/539/981
f 1012/536/978 1016/540/982 1015/539/981
f 1016/540/982 1013/537/979 1015/539/981
f 1012/536/978 1017/541/983 1016/540/982
f 1018/542/984 1017/541/983 1012/536/978
f 1019/543/985 1017/541/983 1018/542/984
f 1016/540/982 1020/544/986 1013/537/979
f 1017/541/983 1020/544/986 1016/540/982
f 1014/538/980 1013/537/979 1020/544/986
f 1017/541/983 1019/543/985 1021/545/987
f 1017/541/983 1021/545/987 1020/544/986
f 1021/545/987 1019/543/985 1022/546/968
f 1020/544/986 1023/547/988 1014/538/980
f 1023/547/988 1020/544/986 1021/545/987
f 1014/538/980 1023/547/988 1010/534/976
f 1010/534/976 1023/547/988 1024/548/989
f 1021/545/987 1025/549/990 1023/547/988
f 1025/549/990 1024/548/989 1023/547/988
f 1025/549/990 1021/545/987 1022/546/968
f 1025/549/990 1026/550/991 1024/548/989
f 1022/546/968 1026/550/991 1025/549/990
f 1027/551/992 1026/550/991 1022/546/968
f 1027/551/992 1028/552/993 1026/550/991
f 1027/551/992 1022/546/968 1029/553/994
f 1028/552/993 1027/551/992 1030/554/995
f 1029/553/994 1030/554/995 1027/551/992
f 1028/552/993 1030/554/995 1031/555/996
f 1030/554/995 1029/553/994 1032/556/965
f 1030/554/995 1033/557/997 1031/555/996
f 1033/557/997 1030/554/995 1032/556/965
f 1034/558/998 1035/559/999 1036/560/1000
f 1037/561/1001 1034/558/998 1036/560/1000
f 1034/558/998 1037/561/1001 1038/562/1002
f 1038/562/1002 1037/561/1001 1039/563/1003
f 1039/563/1003 1037/561/1001 1040/564/1004
f 1039/563/1003 1040/564/1004 1041/565/1005
f 1041/565/1005 1042/566/1006 1039/563/1003
f 1039/563/1003 1042/566/1006 1043/567/1007
f 1044/568/1008 1043/567/1007 1042/566/1006
f 1040/564/1004 1045/569/1009 1041/565/1005
f 1046/570/1010 1045/569/1009 1040/564/1004
f 1047/571/1011 1045/569/1009 1046/570/1010
f 1041/565/1005 1048/572/1012 1042/566/1006
f 1045/569/1009 1048/572/1012 1041/565/1005
f 1048/572/1012 1044/568/1008 1042/566/1006
f 1047/571/1011 1049/573/1013 1045/569/1009
f 1049/573/1013 1048/572/1012 1045/569/1009
f 1050/574/1014 1044/568/1008 1048/572/1012
f 1049/573/1013 1050/574/1014 1048/572/1012
f 1047/571/1011 1051/575/1015 1049/573/1013
f 1051/575/1015 1050/574/1014 1049/573/1013
f 1051/575/1015 1047/571/1011 1052/576/1016
f 1053/577/1017 1044/568/1008 1050/574/1014
f 1051/575/1015 1053/577/1017 1050/574/1014
f 1053/577/1017 1054/578/1007 1044/568/1008
f 1051/575/1015 1055/579/1018 1053/577/1017
f 1055/579/1018 1054/578/1007 1053/577/1017
f 1051/575/1015 1052/576/1016 1055/579/1018
f 1054/578/1007 1055/579/1018 1056/580/1019
f 1055/579/1018 1057/581/1020 1056/580/1019
f 1052/576/1016 1058/582/1021 1055/579/1018
f 1055/579/1018 1058/582/1021 1057/581/1020
f 1058/582/1021 1052/576/1016 1059/583/1022
f 1057/581/1020 1058/582/1021 1060/584/1023
f 1059/583/1022 1061/585/1024 1058/582/1021
f 1058/582/1021 1062/586/999 1060/584/1023
f 1062/586/999 1058/582/1021 1061/585/1024
f 1063/521/1025 1064/523/1026 1065/522/1027
f 1063/521/1025 1066/524/1028 1064/523/1026
f 1063/521/1025 1067/525/1029 1066/524/1028
f 1066/524/1028 1067/525/1029 1068/526/1030
f 1067/525/1029 1069/527/1031 1068/526/1030
f 1067/525/1029 1070/528/1032 1069/527/1031
f 1069/527/1031 1071/529/1033 1068/526/1030
f 1070/528/1032 1072/530/1034 1069/527/1031
f 1070/528/1032 1073/531/1035 1072/530/1034
f 1071/529/1033 1069/527/1031 1074/532/1036
f 1072/530/1034 1074/532/1036 1069/527/1031
f 1075/533/1037 1071/529/1033 1074/532/1036
f 1076/534/1038 1072/530/1034 1073/531/1035
f 1075/533/1037 1074/532/1036 1077/535/1039
f 1077/535/1039 1078/536/1040 1075/533/1037
f 1074/532/1036 1072/530/1034 1079/537/1041
f 1079/537/1041 1077/535/1039 1074/532/1036
f 1072/530/1034 1076/534/1038 1080/538/1042
f 1080/538/1042 1079/537/1041 1072/530/1034
f 1081/539/1043 1078/536/1040 1077/535/1039
f 1077/535/1039 1079/537/1041 1081/539/1043
f 1078/536/1040 1081/539/1043 1082/540/1044
f 1081/539/1043 1079/537/1041 1082/540/1044
f 1078/536/1040 1082/540/1044 1083/541/1045
f 1084/542/1037 1078/536/1040 1083/541/1045
f 1083/541/1045 1085/543/1033 1084/542/1037
f 1086/544/1046 1082/540/1044 1079/537/1041
f 1082/540/1044 1086/544/1046 1083/541/1045
f 1079/537/1041 1080/538/1042 1086/544/1046
f 1085/543/1033 1083/541/1045 1087/545/1047
f 1087/545/1047 1083/541/1045 1086/544/1046
f 1087/545/1047 1088/546/1048 1085/543/1033
f 1089/547/1049 1086/544/1046 1080/538/1042
f 1086/544/1046 1089/547/1049 1087/545/1047
f 1080/538/1042 1076/534/1038 1089/547/1049
f 1076/534/1038 1090/548/1050 1089/547/1049
f 1087/545/1047 1089/547/1049 1091/549/1051
f 1091/549/1051 1089/547/1049 1090/548/1050
f 1091/549/1051 1088/546/1048 1087/545/1047
f 1091/549/1051 1090/548/1050 1092/550/1052
f 1088/546/1048 1091/549/1051 1092/550/1052
f 1093/551/1053 1088/546/1048 1092/550/1052
f 1093/551/1053 1094/553/1054 1088/546/1048
f 1095/552/1055 1093/551/1053 1092/550/1052
f 1094/553/1054 1093/551/1053 1096/554/1056
f 1093/551/1053 1095/552/1055 1096/554/1056
f 1097/556/1057 1094/553/1054 1096/554/1056
f 1095/552/1055 1098/555/1058 1096/554/1056
f 1096/554/1056 1099/557/1059 1097/556/1057
f 1099/557/1059 1096/554/1056 1098/555/1058
f 1100/558/1060 1101/560/1000 1102/559/999
f 1100/558/1060 1103/561/1061 1101/560/1000
f 1103/561/1061 1100/558/1060 1104/562/1062
f 1104/562/1062 1105/563/1063 1103/561/1061
f 1105/563/1063 1106/564/1064 1103/561/1061
f 1105/563/1063 1107/565/1065 1106/564/1064
f 1107/565/1065 1105/563/1063 1108/566/1066
f 1105/563/1063 1109/567/1067 1108/566/1066
f 1110/568/1068 1108/566/1066 1109/567/1067
f 1106/564/1064 1107/565/1065 1111/569/1069
f 1112/570/1070 1106/564/1064 1111/569/1069
f 1113/572/1071 1107/565/1065 1108/566/1066
f 1107/565/1065 1113/572/1071 1111/569/1069
f 1113/572/1071 1108/566/1066 1110/568/1068
f 1112/570/1070 1111/569/1069 1114/571/1072
f 1113/572/1071 1115/573/1073 1111/569/1069
f 1114/571/1072 1111/569/1069 1115/573/1073
f 1116/574/1074 1113/572/1071 1110/568/1068
f 1115/573/1073 1113/572/1071 1116/574/1074
f 1117/575/1075 1114/571/1072 1115/573/1073
f 1116/574/1074 1117/575/1075 1115/573/1073
f 1114/571/1072 1117/575/1075 1118/576/1076
f 1119/577/1077 1116/574/1074 1110/568/1068
f 1117/575/1075 1116/574/1074 1119/577/1077
f 1119/577/1077 1110/568/1068 1120/578/1078
f 1117/575/1075 1119/577/1077 1121/579/1079
f 1121/579/1079 1119/577/1077 1120/578/1078
f 1117/575/1075 1121/579/1079 1118/576/1076
f 1120/578/1078 1122/580/1080 1121/579/1079
f 1121/579/1079 1122/580/1080 1123/581/1081
f 1118/576/1076 1121/579/1079 1124/582/1082
f 1121/579/1079 1123/581/1081 1124/582/1082
f 1124/582/1082 1125/583/1022 1118/576/1076
f 1123/581/1081 1126/584/1060 1124/582/1082
f 1125/583/1022 1124/582/1082 1127/585/1083
f 1124/582/1082 1126/584/1060 1128/586/999
f 1124/582/1082 1128/586/999 1127/585/1083
f 1129/423/571 1130/422/416 1131/424/382
f 1130/422/416 1129/423/571 1132/420/1084
f 1133/421/572 1132/420/1084 1129/423/571
f 1132/420/1084 1134/417/411 1130/422/416
f 1132/420/1084 1133/421/572 1135/413/1085
f 1134/417/411 1132/420/1084 1136/412/1086
f 1135/413/1085 1136/412/1086 1132/420/1084
f 1136/412/1086 1137/415/409 1134/417/411
f 1136/412/1086 1135/413/1085 1138/406/1087
f 1137/415/409 1136/412/1086 1139/409/1088
f 1138/406/1087 1139/409/1088 1136/412/1086
f 1140/414/408 1137/415/409 1139/409/1088
f 1139/409/1088 1138/406/1087 1141/405/1089
f 1141/405/1089 1138/406/1087 1142/404/1090
f 1143/410/1091 1140/414/408 1139/409/1088
f 1143/410/1091 1139/409/1088 1141/405/1089
f 1143/410/1091 1144/416/408 1140/414/408
f 1145/401/1092 1141/405/1089 1142/404/1090
f 1142/404/1090 1146/402/1093 1145/401/1092
f 603/399/585 1145/401/1092 1146/402/1093
f 1145/401/1092 603/399/585 606/400/588
f 1145/401/1092 1147/407/1094 1141/405/1089
f 1147/407/1094 1143/410/1091 1141/405/1089
f 1148/403/1095 1145/401/1092 606/400/588
f 1147/407/1094 1145/401/1092 1148/403/1095
f 1144/416/408 1143/410/1091 1149/418/1096
f 1149/418/1096 1150/419/1097 1144/416/408
f 1151/411/1098 1143/410/1091 1147/407/1094
f 1151/411/1098 1149/418/1096 1143/410/1091
f 1147/407/1094 1152/408/1099 1151/411/1098
f 1148/403/1095 1152/408/1099 1147/407/1094
f 1151/411/1098 1153/425/1100 1149/418/1096
f 1152/408/1099 1153/425/1100 1151/411/1098
f 1150/419/1097 1149/418/1096 1154/426/1101
f 1153/425/1100 1154/426/1101 1149/418/1096
f 1150/419/1097 1154/426/1101 1155/428/1102
f 1150/419/1097 1155/428/1102 1156/429/1103
f 1153/425/1100 1157/427/1104 1154/426/1101
f 1155/428/1102 1154/426/1101 1157/427/1104
f 1157/427/1104 1153/425/1100 1152/408/1099
f 1156/429/1103 1155/428/1102 1158/431/1105
f 1158/431/1105 1159/432/1106 1156/429/1103
f 1158/431/1105 955/433/426 1159/432/1106
f 955/433/426 1158/431/1105 952/435/924
f 1157/427/1104 1160/430/1107 1155/428/1102
f 1158/431/1105 1155/428/1102 1160/430/1107
f 1152/408/1099 1160/430/1107 1157/427/1104
f 1161/434/1108 952/435/924 1158/431/1105
f 1158/431/1105 1160/430/1107 1161/434/1108
f 1162/343/1109 1160/430/1107 1152/408/1099
f 1162/343/1109 1152/408/1099 1148/403/1095
f 1161/434/1108 1160/430/1107 1163/341/1110
f 1160/430/1107 1162/343/1109 1163/341/1110
f 952/435/924 1161/434/1108 1164/438/1111
f 952/435/924 1164/438/1111 945/440/917
f 942/441/914 945/440/917 1164/438/1111
f 915/439/887 942/441/914 1164/438/1111
f 1165/437/1112 1164/438/1111 1161/434/1108
f 1164/438/1111 1165/437/1112 915/439/887
f 1163/341/1110 1165/437/1112 1161/434/1108
f 908/331/880 915/439/887 1165/437/1112
f 1166/336/1113 908/331/880 1165/437/1112
f 1163/341/1110 1166/336/1113 1165/437/1112
f 1166/336/1113 696/334/676 908/331/880
f 1166/336/1113 698/335/678 696/334/676
f 1167/338/1114 1166/336/1113 1163/341/1110
f 698/335/678 1166/336/1113 1167/338/1114
f 1162/343/1109 1167/338/1114 1163/341/1110
f 1168/337/1115 698/335/678 1167/338/1114
f 698/335/678 1168/337/1115 688/115/668
f 1169/340/1116 1167/338/1114 1162/343/1109
f 1167/338/1114 1169/340/1116 1168/337/1115
f 688/115/668 1168/337/1115 1170/339/1117
f 1170/339/1117 1168/337/1115 1169/340/1116
f 1170/339/1117 679/109/660 688/115/668
f 679/109/660 1170/339/1117 620/342/602
f 620/342/602 1170/339/1117 1171/344/1118
f 1170/339/1117 1169/340/1116 1171/344/1118
f 620/342/602 1171/344/1118 609/347/591
f 1171/344/1118 607/350/589 609/347/591
f 1169/340/1116 1172/345/1119 1171/344/1118
f 1171/344/1118 1172/345/1119 607/350/589
f 1162/343/1109 1172/345/1119 1169/340/1116
f 606/400/588 607/350/589 1172/345/1119
f 1162/343/1109 1148/403/1095 1172/345/1119
f 1148/403/1095 606/400/588 1172/345/1119
f 1173/587/1120 1174/588/1121 1175/589/1122
f 1176/590/1123 1173/587/1120 1175/589/1122
f 1177/591/1124 1173/587/1120 1176/590/1123
f 1178/592/1125 1176/590/1123 1175/589/1122
f 1177/591/1124 1176/590/1123 1179/593/1126
f 1179/593/1126 1176/590/1123 1178/592/1125
f 1180/594/1127 1177/591/1124 1179/593/1126
f 1178/592/1125 1181/595/1128 1179/593/1126
f 1181/595/1128 1178/592/1125 1182/596/1129
f 1183/597/1130 1180/594/1127 1179/593/1126
f 1179/593/1126 1181/595/1128 1183/597/1130
f 1180/594/1127 1183/597/1130 1184/598/1131
f 1185/599/1132 1184/598/1131 1183/597/1130
f 1182/596/1129 1186/600/1133 1181/595/1128
f 1186/600/1133 1182/596/1129 1187/601/694
f 1187/601/694 1188/602/698 1186/600/1133
f 1189/603/1134 1185/599/1132 1183/597/1130
f 1189/603/1134 1190/604/1135 1185/599/1132
f 1183/597/1130 1181/595/1128 1191/605/1136
f 1190/604/1135 1189/603/1134 1192/606/1137
f 1193/607/1138 1190/604/1135 1192/606/1137
f 1183/597/1130 1194/608/1139 1189/603/1134
f 1194/608/1139 1183/597/1130 1191/605/1136
f 1195/609/1140 1193/607/1138 1192/606/1137
f 1192/606/1137 1189/603/1134 1196/610/1141
f 1189/603/1134 1194/608/1139 1196/610/1141
f 1196/610/1141 1195/609/1140 1192/606/1137
f 1191/605/1136 1197/611/1142 1194/608/1139
f 1196/610/1141 1194/608/1139 1197/611/1142
f 1191/605/1136 1181/595/1128 1198/612/1143
f 1197/611/1142 1191/605/1136 1198/612/1143
f 1186/600/1133 1198/612/1143 1181/595/1128
f 1197/611/1142 1199/613/1144 1196/610/1141
f 1199/613/1144 1195/609/1140 1196/610/1141
f 1197/611/1142 1198/612/1143 1200/614/1145
f 1200/614/1145 1199/613/1144 1197/611/1142
f 1186/600/1133 1201/615/1146 1198/612/1143
f 1198/612/1143 1202/616/1147 1200/614/1145
f 1201/615/1146 1202/616/1147 1198/612/1143
f 1203/617/1148 1199/613/1144 1200/614/1145
f 1203/617/1148 1200/614/1145 1202/616/1147
f 1204/618/1149 1195/609/1140 1199/613/1144
f 1199/613/1144 1203/617/1148 1204/618/1149
f 1205/619/1150 1202/616/1147 1201/615/1146
f 1205/619/1150 1203/617/1148 1202/616/1147
f 1186/600/1133 1206/620/1151 1201/615/1146
f 1186/600/1133 1188/602/698 1206/620/1151
f 1207/621/1152 1205/619/1150 1201/615/1146
f 1206/620/1151 1207/621/1152 1201/615/1146
f 1205/619/1150 1208/622/1153 1203/617/1148
f 1188/602/698 1209/623/1154 1206/620/1151
f 1188/602/698 1210/624/1155 1209/623/1154
f 1210/624/1155 1211/625/1156 1209/623/1154
f 1209/623/1154 1212/626/1157 1206/620/1151
f 1209/623/1154 1211/625/1156 1212/626/1157
f 1206/620/1151 1212/626/1157 1213/627/1158
f 1207/621/1152 1206/620/1151 1213/627/1158
f 1211/625/1156 1214/628/1159 1212/626/1157
f 1211/625/1156 1215/629/707 1214/628/1159
f 1214/628/1159 1215/629/707 1216/630/713
f 1214/628/1159 1217/631/1160 1212/626/1157
f 1217/631/1160 1214/628/1159 1216/630/713
f 1213/627/1158 1212/626/1157 1217/631/1160
f 1218/632/1161 1217/631/1160 1216/630/713
f 1218/632/1161 1216/630/713 1219/633/714
f 1213/627/1158 1217/631/1160 1220/634/1162
f 1218/632/1161 1219/633/714 1221/635/1163
f 1221/635/1163 1219/633/714 1222/636/1164
f 1221/635/1163 1222/636/1164 1223/637/863
f 1224/638/1165 1217/631/1160 1218/632/1161
f 1220/634/1162 1217/631/1160 1224/638/1165
f 1225/639/1166 1218/632/1161 1221/635/1163
f 1224/638/1165 1218/632/1161 1225/639/1166
f 1226/640/1167 1221/635/1163 1223/637/863
f 1225/639/1166 1221/635/1163 1226/640/1167
f 1227/641/1168 1226/640/1167 1223/637/863
f 1228/642/1169 1227/641/1168 1223/637/863
f 1229/643/1170 1225/639/1166 1226/640/1167
f 1229/643/1170 1226/640/1167 1227/641/1168
f 1230/644/1171 1224/638/1165 1225/639/1166
f 1230/644/1171 1225/639/1166 1229/643/1170
f 1231/645/1172 1227/641/1168 1228/642/1169
f 1231/645/1172 1228/642/1169 1232/646/1173
f 1233/647/1121 1231/645/1172 1232/646/1173
f 1234/648/1174 1229/643/1170 1227/641/1168
f 1231/645/1172 1234/648/1174 1227/641/1168
f 1235/649/1175 1231/645/1172 1233/647/1121
f 1231/645/1172 1235/649/1175 1234/648/1174
f 1233/647/1121 1236/650/1120 1235/649/1175
f 1237/651/1176 1229/643/1170 1234/648/1174
f 1230/644/1171 1229/643/1170 1237/651/1176
f 1236/650/1120 1238/652/1177 1235/649/1175
f 1234/648/1174 1235/649/1175 1238/652/1177
f 1238/652/1177 1236/650/1120 1239/653/1178
f 1237/651/1176 1234/648/1174 1240/654/1179
f 1240/654/1179 1234/648/1174 1238/652/1177
f 1230/644/1171 1237/651/1176 1241/655/1180
f 1240/654/1179 1241/655/1180 1237/651/1176
f 1230/644/1171 1242/656/1181 1224/638/1165
f 1241/655/1180 1242/656/1181 1230/644/1171
f 1220/634/1162 1224/638/1165 1242/656/1181
f 1243/657/1182 1240/654/1179 1238/652/1177
f 1241/655/1180 1240/654/1179 1243/657/1182
f 1239/653/1178 1244/658/1183 1238/652/1177
f 1238/652/1177 1244/658/1183 1243/657/1182
f 1244/658/1183 1239/653/1178 1245/659/1127
f 1245/659/1127 1246/660/1184 1244/658/1183
f 1247/661/1185 1243/657/1182 1244/658/1183
f 1247/661/1185 1244/658/1183 1246/660/1184
f 1243/657/1182 1248/662/1186 1241/655/1180
f 1243/657/1182 1247/661/1185 1248/662/1186
f 1241/655/1180 1249/663/1187 1242/656/1181
f 1249/663/1187 1220/634/1162 1242/656/1181
f 1250/664/1188 1249/663/1187 1241/655/1180
f 1241/655/1180 1248/662/1186 1250/664/1188
f 1249/663/1187 1251/665/1189 1220/634/1162
f 1250/664/1188 1251/665/1189 1249/663/1187
f 1213/627/1158 1220/634/1162 1251/665/1189
f 1213/627/1158 1251/665/1189 1207/621/1152
f 1252/666/1190 1207/621/1152 1251/665/1189
f 1250/664/1188 1252/666/1190 1251/665/1189
f 1207/621/1152 1252/666/1190 1205/619/1150
f 1208/622/1153 1205/619/1150 1252/666/1190
f 1253/667/1191 1252/666/1190 1250/664/1188
f 1252/666/1190 1253/667/1191 1208/622/1153
f 1253/667/1191 1250/664/1188 1248/662/1186
f 1253/667/1191 1248/662/1186 1254/668/1192
f 1254/668/1192 1248/662/1186 1247/661/1185
f 1255/669/1193 1208/622/1153 1253/667/1191
f 1255/669/1193 1253/667/1191 1254/668/1192
f 1254/668/1192 1247/661/1185 1256/670/1194
f 1246/660/1184 1256/670/1194 1247/661/1185
f 1256/670/1194 1246/660/1184 1257/671/1195
f 1258/672/1196 1254/668/1192 1256/670/1194
f 1258/672/1196 1255/669/1193 1254/668/1192
f 1257/671/1195 1259/673/1197 1256/670/1194
f 1256/670/1194 1259/673/1197 1258/672/1196
f 1259/673/1197 1257/671/1195 1260/674/1198
f 1260/674/1198 1261/675/1138 1259/673/1197
f 1258/672/1196 1259/673/1197 1262/676/1199
f 1258/672/1196 1262/676/1199 1255/669/1193
f 1263/677/1200 1259/673/1197 1261/675/1138
f 1262/676/1199 1259/673/1197 1263/677/1200
f 1195/609/1140 1263/677/1200 1261/675/1138
f 1263/677/1200 1195/609/1140 1264/678/1201
f 1263/677/1200 1264/678/1201 1262/676/1199
f 1195/609/1140 1204/618/1149 1264/678/1201
f 1262/676/1199 1264/678/1201 1265/679/1202
f 1204/618/1149 1265/679/1202 1264/678/1201
f 1262/676/1199 1265/679/1202 1255/669/1193
f 1265/679/1202 1204/618/1149 1266/680/1203
f 1255/669/1193 1265/679/1202 1266/680/1203
f 1208/622/1153 1255/669/1193 1266/680/1203
f 1203/617/1148 1266/680/1203 1204/618/1149
f 1266/680/1203 1203/617/1148 1208/622/1153
f 1267/681/1204 1268/682/1205 1269/683/1206
f 1267/681/1204 1269/683/1206 1270/684/1207
f 1271/685/1208 1270/684/1207 1269/683/1206
f 1270/684/1207 1272/686/1209 1267/681/1204
f 1270/684/1207 1271/685/1208 1273/687/1210
f 1274/688/1211 1273/687/1210 1271/685/1208
f 1272/686/1209 1270/684/1207 1275/689/1212
f 1275/689/1212 1270/684/1207 1273/687/1210
f 1276/690/1213 1272/686/1209 1275/689/1212
f 1277/691/1214 1272/686/1209 1276/690/1213
f 1278/692/1215 1277/691/1214 1276/690/1213
f 1276/690/1213 1279/693/1216 1278/692/1215
f 1276/690/1213 1280/694/1217 1279/693/1216
f 1280/694/1217 1276/690/1213 1281/695/1218
f 1281/695/1218 1276/690/1213 1275/689/1212
f 1281/695/1218 1282/696/1219 1280/694/1217
f 1281/695/1218 1275/689/1212 1283/697/1220
f 1283/697/1220 1275/689/1212 1273/687/1210
f 1282/696/1219 1281/695/1218 1284/698/1221
f 1284/698/1221 1281/695/1218 1283/697/1220
f 1285/699/1222 1282/696/1219 1284/698/1221
f 1283/697/1220 1273/687/1210 1286/700/1223
f 1273/687/1210 1274/688/1211 1286/700/1223
f 1287/701/1224 1283/697/1220 1286/700/1223
f 1284/698/1221 1283/697/1220 1287/701/1224
f 1274/688/1211 1288/702/1225 1286/700/1223
f 1287/701/1224 1286/700/1223 1288/702/1225
f 1288/702/1225 1274/688/1211 1289/703/505
f 1289/703/505 1290/704/1 1288/702/1225
f 1290/704/1 1291/705/1226 1288/702/1225
f 1291/705/1226 1287/701/1224 1288/702/1225
f 1290/704/1 1292/706/374 1291/705/1226
f 1293/707/1227 1284/698/1221 1287/701/1224
f 1287/701/1224 1291/705/1226 1293/707/1227
f 1284/698/1221 1294/708/1228 1285/699/1222
f 1284/698/1221 1293/707/1227 1294/708/1228
f 1294/708/1228 1295/709/1229 1285/699/1222
f 1296/710/1230 1293/707/1227 1291/705/1226
f 1296/710/1230 1294/708/1228 1293/707/1227
f 1291/705/1226 1292/706/374 1297/711/1231
f 1296/710/1230 1291/705/1226 1297/711/1231
f 1298/712/1232 1297/711/1231 1292/706/374
f 1298/712/1232 1296/710/1230 1297/711/1231
f 1292/706/374 1299/713/378 1298/712/1232
f 1294/708/1228 1296/710/1230 1300/714/1233
f 1295/709/1229 1294/708/1228 1300/714/1233
f 1301/715/1234 1295/709/1229 1300/714/1233
f 1301/715/1234 1300/714/1233 1296/710/1230
f 1295/709/1229 1301/715/1234 1302/716/127
f 1296/710/1230 1298/712/1232 1303/717/1235
f 1301/715/1234 1296/710/1230 1303/717/1235
f 1299/713/378 1304/718/1236 1298/712/1232
f 1304/718/1236 1303/717/1235 1298/712/1232
f 1304/718/1236 1299/713/378 1305/719/1237
f 1302/716/127 1301/715/1234 1306/720/1238
f 1303/717/1235 1306/720/1238 1301/715/1234
f 1307/721/1239 1302/716/127 1306/720/1238
f 1303/717/1235 1304/718/1236 1308/722/1240
f 1306/720/1238 1303/717/1235 1308/722/1240
f 1305/719/1237 1309/723/1241 1304/718/1236
f 1309/723/1241 1308/722/1240 1304/718/1236
f 1309/723/1241 1305/719/1237 1310/724/1242
f 1311/725/1243 1307/721/1239 1306/720/1238
f 1308/722/1240 1311/725/1243 1306/720/1238
f 1307/721/1239 1311/725/1243 1312/726/1244
f 1308/722/1240 1309/723/1241 1313/727/1245
f 1311/725/1243 1308/722/1240 1313/727/1245
f 1310/724/1242 1314/728/1246 1309/723/1241
f 1313/727/1245 1309/723/1241 1314/728/1246
f 1314/728/1246 1311/725/1243 1313/727/1245
f 1314/728/1246 1312/726/1244 1311/725/1243
f 1314/728/1246 1310/724/1242 1315/729/1247
f 1312/726/1244 1314/728/1246 1315/729/1247
f 1316/730/1016 1317/731/1248 1318/732/264
f 1319/733/1249 1317/731/1248 1316/730/1016
f 1317/731/1248 1319/733/1249 1320/734/1250
f 1316/730/1016 1321/735/1251 1319/733/1249
f 1322/736/1252 1320/734/1250 1319/733/1249
f 1320/734/1250 1322/736/1252 1323/737/1253
f 1322/736/1252 1319/733/1249 1324/738/1254
f 1324/738/1254 1319/733/1249 1325/739/1255
f 1319/733/1249 1321/735/1251 1325/739/1255
f 1325/739/1255 1321/735/1251 1326/740/1010
f 1325/739/1255 1326/740/1010 1327/741/1256
f 1328/742/1257 1323/737/1253 1322/736/1252
f 1323/737/1253 1328/742/1257 1329/743/1258
f 1328/742/1257 1322/736/1252 1330/744/1259
f 1326/740/1010 1331/745/1260 1327/741/1256
f 1326/740/1010 1332/746/1261 1331/745/1260
f 1332/746/1261 1333/747/1262 1331/745/1260
f 1333/747/1262 1334/748/1000 1335/749/1263
f 1333/747/1262 1335/749/1263 1331/745/1260
f 1336/750/1264 1331/745/1260 1335/749/1263
f 1331/745/1260 1336/750/1264 1337/751/1265
f 1338/752/1266 1337/751/1265 1336/750/1264
f 1327/741/1256 1331/745/1260 1339/753/1267
f 1331/745/1260 1337/751/1265 1339/753/1267
f 1339/753/1267 1340/754/1268 1327/741/1256
f 1337/751/1265 1338/752/1266 1341/755/1269
f 1342/756/1270 1341/755/1269 1338/752/1266
f 1337/751/1265 1343/757/1271 1339/753/1267
f 1337/751/1265 1341/755/1269 1343/757/1271
f 1344/758/1272 1340/754/1268 1339/753/1267
f 1341/755/1269 1342/756/1270 1345/759/1273
f 1346/760/1274 1345/759/1273 1342/756/1270
f 1340/754/1268 1344/758/1272 1347/761/1275
f 1330/744/1259 1340/754/1268 1347/761/1275
f 1348/762/1276 1344/758/1272 1339/753/1267
f 1339/753/1267 1343/757/1271 1348/762/1276
f 1330/744/1259 1347/761/1275 1349/763/1277
f 1349/763/1277 1328/742/1257 1330/744/1259
f 1347/761/1275 1344/758/1272 1350/764/1278
f 1347/761/1275 1350/764/1278 1349/763/1277
f 1350/764/1278 1344/758/1272 1348/762/1276
f 1351/765/1279 1328/742/1257 1349/763/1277
f 1349/763/1277 1350/764/1278 1351/765/1279
f 1351/765/1279 1352/766/1280 1328/742/1257
f 1352/766/1280 1329/743/1258 1328/742/1257
f 1329/743/1258 1352/766/1280 1353/767/1281
f 1352/766/1280 1354/768/1282 1353/767/1281
f 1350/764/1278 1355/769/1283 1351/765/1279
f 1351/765/1279 1355/769/1283 1352/766/1280
f 1350/764/1278 1348/762/1276 1355/769/1283
f 1356/770/1284 1352/766/1280 1355/769/1283
f 1348/762/1276 1356/770/1284 1355/769/1283
f 1352/766/1280 1357/771/1285 1354/768/1282
f 1357/771/1285 1352/766/1280 1356/770/1284
f 1357/771/1285 1358/772/1286 1354/768/1282
f 1348/762/1276 1359/773/1287 1356/770/1284
f 1359/773/1287 1348/762/1276 1343/757/1271
f 1360/774/1288 1356/770/1284 1359/773/1287
f 1360/774/1288 1357/771/1285 1356/770/1284
f 1360/774/1288 1359/773/1287 1361/775/1289
f 1361/775/1289 1359/773/1287 1343/757/1271
f 1362/776/1290 1360/774/1288 1361/775/1289
f 1363/777/1291 1361/775/1289 1343/757/1271
f 1362/776/1290 1361/775/1289 1363/777/1291
f 1364/778/1292 1360/774/1288 1362/776/1290
f 1357/771/1285 1360/774/1288 1364/778/1292
f 1365/779/1293 1362/776/1290 1363/777/1291
f 1366/780/1294 1364/778/1292 1362/776/1290
f 1362/776/1290 1365/779/1293 1366/780/1294
f 1367/781/1295 1357/771/1285 1364/778/1292
f 1366/780/1294 1367/781/1295 1364/778/1292
f 1368/782/1296 1365/779/1293 1363/777/1291
f 1368/782/1296 1363/777/1291 1343/757/1271
f 1366/780/1294 1365/779/1293 1369/783/1297
f 1365/779/1293 1368/782/1296 1369/783/1297
f 1367/781/1295 1366/780/1294 1370/784/1298
f 1370/784/1298 1366/780/1294 1369/783/1297
f 1357/771/1285 1367/781/1295 1370/784/1298
f 1371/785/1299 1369/783/1297 1368/782/1296
f 1371/785/1299 1370/784/1298 1369/783/1297
f 1372/786/1300 1368/782/1296 1343/757/1271
f 1371/785/1299 1368/782/1296 1372/786/1300
f 1373/787/1301 1357/771/1285 1370/784/1298
f 1371/785/1299 1373/787/1301 1370/784/1298
f 1373/787/1301 1374/788/1302 1357/771/1285
f 1358/772/1286 1357/771/1285 1374/788/1302
f 1374/788/1302 1375/789/1303 1358/772/1286
f 1373/787/1301 1371/785/1299 1376/790/1304
f 1376/790/1304 1371/785/1299 1372/786/1300
f 1377/791/1305 1374/788/1302 1373/787/1301
f 1377/791/1305 1373/787/1301 1376/790/1304
f 1375/789/1303 1374/788/1302 1378/792/1306
f 1377/791/1305 1376/790/1304 1379/793/1307
f 1380/794/1308 1375/789/1303 1378/792/1306
f 1375/789/1303 1380/794/1308 1381/795/1309
f 1376/790/1304 1382/796/1310 1379/793/1307
f 1382/796/1310 1376/790/1304 1372/786/1300
f 1383/797/1311 1377/791/1305 1379/793/1307
f 1383/797/1311 1379/793/1307 1382/796/1310
f 1384/798/1312 1374/788/1302 1377/791/1305
f 1378/792/1306 1374/788/1302 1384/798/1312
f 1385/799/1313 1377/791/1305 1383/797/1311
f 1385/799/1313 1384/798/1312 1377/791/1305
f 1383/797/1311 1382/796/1310 1386/800/1314
f 1384/798/1312 1387/801/1315 1378/792/1306
f 1378/792/1306 1387/801/1315 1380/794/1308
f 1388/802/1316 1383/797/1311 1386/800/1314
f 1385/799/1313 1383/797/1311 1388/802/1316
f 1386/800/1314 1382/796/1310 1389/803/1317
f 1382/796/1310 1372/786/1300 1389/803/1317
f 1372/786/1300 1343/757/1271 1389/803/1317
f 1343/757/1271 1341/755/1269 1389/803/1317
f 1341/755/1269 1345/759/1273 1389/803/1317
f 1390/804/1318 1388/802/1316 1386/800/1314
f 1391/805/1319 1386/800/1314 1389/803/1317
f 1390/804/1318 1386/800/1314 1391/805/1319
f 1392/806/1320 1388/802/1316 1390/804/1318
f 1392/806/1320 1385/799/1313 1388/802/1316
f 1393/807/1321 1390/804/1318 1391/805/1319
f 1392/806/1320 1390/804/1318 1393/807/1321
f 1394/808/1322 1385/799/1313 1392/806/1320
f 1393/807/1321 1395/809/1323 1392/806/1320
f 1392/806/1320 1395/809/1323 1394/808/1322
f 1394/808/1322 1396/810/1324 1385/799/1313
f 1395/809/1323 1396/810/1324 1394/808/1322
f 1396/810/1324 1384/798/1312 1385/799/1313
f 1395/809/1323 1393/807/1321 1397/811/1325
f 1397/811/1325 1393/807/1321 1391/805/1319
f 1395/809/1323 1398/812/1326 1396/810/1324
f 1397/811/1325 1398/812/1326 1395/809/1323
f 1399/813/1327 1384/798/1312 1396/810/1324
f 1396/810/1324 1398/812/1326 1399/813/1327
f 1387/801/1315 1384/798/1312 1399/813/1327
f 1398/812/1326 1397/811/1325 1400/814/1328
f 1397/811/1325 1391/805/1319 1400/814/1328
f 1400/814/1328 1399/813/1327 1398/812/1326
f 1391/805/1319 1389/803/1317 1400/814/1328
f 1400/814/1328 1401/815/1329 1399/813/1327
f 1400/814/1328 1389/803/1317 1402/816/1330
f 1400/814/1328 1402/816/1330 1401/815/1329
f 1389/803/1317 1345/759/1273 1402/816/1330
f 1401/815/1329 1403/817/1331 1399/813/1327
f 1403/817/1331 1387/801/1315 1399/813/1327
f 1401/815/1329 1404/818/1332 1403/817/1331
f 1401/815/1329 1402/816/1330 1404/818/1332
f 1403/817/1331 1405/819/1333 1387/801/1315
f 1404/818/1332 1405/819/1333 1403/817/1331
f 1405/819/1333 1406/820/1334 1387/801/1315
f 1406/820/1334 1380/794/1308 1387/801/1315
f 1407/821/1335 1405/819/1333 1404/818/1332
f 1402/816/1330 1407/821/1335 1404/818/1332
f 1408/822/1336 1406/820/1334 1405/819/1333
f 1408/822/1336 1405/819/1333 1407/821/1335
f 1380/794/1308 1406/820/1334 1409/823/1337
f 1380/794/1308 1409/823/1337 1381/795/1309
f 1381/795/1309 1409/823/1337 1410/824/1338
f 1409/823/1337 1411/825/1339 1410/824/1338
f 1412/826/1340 1409/823/1337 1406/820/1334
f 1412/826/1340 1406/820/1334 1408/822/1336
f 1409/823/1337 1413/827/1341 1411/825/1339
f 1409/823/1337 1412/826/1340 1413/827/1341
f 1413/827/1341 1414/828/1342 1411/825/1339
f 1414/828/1342 1415/829/1343 1411/825/1339
f 1414/828/1342 1416/830/1344 1415/829/1343
f 1413/827/1341 1412/826/1340 1417/831/1345
f 1414/828/1342 1413/827/1341 1418/832/1346
f 1418/832/1346 1413/827/1341 1417/831/1345
f 1414/828/1342 1419/833/1347 1416/830/1344
f 1414/828/1342 1418/832/1346 1419/833/1347
f 1417/831/1345 1412/826/1340 1420/834/1348
f 1418/832/1346 1417/831/1345 1421/835/1349
f 1417/831/1345 1420/834/1348 1421/835/1349
f 1420/834/1348 1412/826/1340 1422/836/1350
f 1422/836/1350 1412/826/1340 1408/822/1336
f 1421/835/1349 1420/834/1348 1423/837/1351
f 1408/822/1336 1424/838/1352 1422/836/1350
f 1407/821/1335 1424/838/1352 1408/822/1336
f 1425/839/1353 1420/834/1348 1422/836/1350
f 1424/838/1352 1425/839/1353 1422/836/1350
f 1423/837/1351 1420/834/1348 1425/839/1353
f 1426/840/1354 1421/835/1349 1423/837/1351
f 1418/832/1346 1421/835/1349 1426/840/1354
f 1427/841/1355 1423/837/1351 1425/839/1353
f 1426/840/1354 1423/837/1351 1427/841/1355
f 1418/832/1346 1426/840/1354 1428/842/1356
f 1426/840/1354 1427/841/1355 1428/842/1356
f 1419/833/1347 1418/832/1346 1428/842/1356
f 1429/843/1357 1427/841/1355 1425/839/1353
f 1424/838/1352 1429/843/1357 1425/839/1353
f 1427/841/1355 1430/844/1358 1428/842/1356
f 1430/844/1358 1427/841/1355 1429/843/1357
f 1431/845/1359 1429/843/1357 1424/838/1352
f 1430/844/1358 1429/843/1357 1431/845/1359
f 1424/838/1352 1407/821/1335 1431/845/1359
f 1428/842/1356 1430/844/1358 1432/846/1360
f 1430/844/1358 1431/845/1359 1432/846/1360
f 1428/842/1356 1432/846/1360 1419/833/1347
f 1407/821/1335 1433/847/1361 1431/845/1359
f 1433/847/1361 1407/821/1335 1402/816/1330
f 1402/816/1330 1345/759/1273 1433/847/1361
f 1431/845/1359 1434/848/1362 1432/846/1360
f 1433/847/1361 1434/848/1362 1431/845/1359
f 1345/759/1273 1435/849/1363 1433/847/1361
f 1435/849/1363 1434/848/1362 1433/847/1361
f 1345/759/1273 1346/760/1274 1435/849/1363
f 1436/850/1364 1435/849/1363 1346/760/1274
f 1435/849/1363 1436/850/1364 1437/851/1365
f 1437/851/1365 1434/848/1362 1435/849/1363
f 1438/852/1366 1437/851/1365 1436/850/1364
f 1434/848/1362 1437/851/1365 1439/853/1367
f 1438/852/1366 1439/853/1367 1437/851/1365
f 1434/848/1362 1440/854/1368 1432/846/1360
f 1440/854/1368 1434/848/1362 1439/853/1367
f 1432/846/1360 1440/854/1368 1419/833/1347
f 1438/852/1366 1441/855/1369 1439/853/1367
f 1439/853/1367 1441/855/1369 1440/854/1368
f 1438/852/1366 1442/856/1370 1441/855/1369
f 1442/856/1370 1438/852/1366 1443/857/1371
f 1441/855/1369 1444/858/1372 1440/854/1368
f 1444/858/1372 1441/855/1369 1442/856/1370
f 1444/858/1372 1419/833/1347 1440/854/1368
f 1443/857/1371 1445/859/1373 1442/856/1370
f 1442/856/1370 1445/859/1373 1444/858/1372
f 1445/859/1373 1443/857/1371 1446/860/1374
f 1446/860/1374 1447/861/1375 1445/859/1373
f 1419/833/1347 1444/858/1372 1448/862/1376
f 1448/862/1376 1416/830/1344 1419/833/1347
f 1448/862/1376 1449/863/1377 1416/830/1344
f 1450/864/482 1449/863/1377 1448/862/1376
f 1451/865/1378 1448/862/1376 1444/858/1372
f 1451/865/1378 1444/858/1372 1452/866/1379
f 1444/858/1372 1445/859/1373 1452/866/1379
f 1453/867/1380 1448/862/1376 1451/865/1378
f 1453/867/1380 1451/865/1378 1452/866/1379
f 1454/868/1381 1450/864/482 1448/862/1376
f 1453/867/1380 1455/869/1382 1448/862/1376
f 1455/869/1382 1454/868/1381 1448/862/1376
f 1456/870/1383 1450/864/482 1454/868/1381
f 1450/864/482 1456/870/1383 1457/871/936
f 1456/870/1383 1458/872/939 1457/871/936
f 1455/869/1382 1459/873/1384 1454/868/1381
f 1456/870/1383 1460/874/1385 1458/872/939
f 1460/874/1385 1461/875/1386 1458/872/939
f 1462/876/1387 1456/870/1383 1454/868/1381
f 1454/868/1381 1459/873/1384 1462/876/1387
f 1461/875/1386 1460/874/1385 1463/877/1388
f 1464/878/943 1461/875/1386 1463/877/1388
f 1465/879/1389 1459/873/1384 1455/869/1382
f 1465/879/1389 1455/869/1382 1453/867/1380
f 1463/877/1388 1466/880/1390 1464/878/943
f 1467/881/1391 1459/873/1384 1465/879/1389
f 1467/881/1391 1462/876/1387 1459/873/1384
f 1468/882/1392 1466/880/1390 1463/877/1388
f 1460/874/1385 1468/882/1392 1463/877/1388
f 1469/883/1393 1464/878/943 1466/880/1390
f 1464/878/943 1469/883/1393 1470/884/1394
f 1471/885/1395 1470/884/1394 1469/883/1393
f 1472/886/1396 1469/883/1393 1466/880/1390
f 1468/882/1392 1472/886/1396 1466/880/1390
f 1469/883/1393 1473/887/1397 1471/885/1395
f 1474/888/960 1471/885/1395 1473/887/1397
f 1469/883/1393 1472/886/1396 1475/889/1398
f 1475/889/1398 1473/887/1397 1469/883/1393
f 1474/888/960 1476/890/1399 1477/891/1400
f 1478/892/1401 1479/893/993 1476/890/1399
f 1476/890/1399 1474/888/960 1480/894/1402
f 1476/890/1399 1480/894/1402 1478/892/1401
f 1473/887/1397 1480/894/1402 1474/888/960
f 1481/895/1403 1478/892/1401 1480/894/1402
f 1481/895/1403 1480/894/1402 1473/887/1397
f 1482/896/1404 1481/895/1403 1473/887/1397
f 1473/887/1397 1475/889/1398 1482/896/1404
f 1483/897/1405 1481/895/1403 1482/896/1404
f 1484/898/1406 1482/896/1404 1475/889/1398
f 1484/898/1406 1483/897/1405 1482/896/1404
f 1485/899/1407 1483/897/1405 1484/898/1406
f 1483/897/1405 1485/899/1407 1486/900/1408
f 1484/898/1406 1475/889/1398 1487/901/1409
f 1486/900/1408 1485/899/1407 1488/902/1410
f 1489/903/970 1486/900/1408 1488/902/1410
f 1485/899/1407 1484/898/1406 1490/904/1411
f 1484/898/1406 1487/901/1409 1490/904/1411
f 1488/902/1410 1485/899/1407 1491/905/1412
f 1485/899/1407 1490/904/1411 1491/905/1412
f 1492/906/1413 1489/903/970 1488/902/1410
f 1493/907/967 1489/903/970 1492/906/1413
f 1494/908/1414 1488/902/1410 1491/905/1412
f 1494/908/1414 1492/906/1413 1488/902/1410
f 1495/909/1415 1493/907/967 1492/906/1413
f 1495/909/1415 1496/910/963 1493/907/967
f 1496/910/963 1495/909/1415 1497/911/1416
f 1495/909/1415 1492/906/1413 1498/912/1417
f 1498/912/1417 1497/911/1416 1495/909/1415
f 1498/912/1417 1492/906/1413 1494/908/1414
f 1499/913/1418 1497/911/1416 1498/912/1417
f 1498/912/1417 1500/914/737 1499/913/1418
f 1500/914/737 1498/912/1417 1501/915/1419
f 1501/915/1419 1498/912/1417 1494/908/1414
f 1501/915/1419 1502/916/1420 1500/914/737
f 1501/915/1419 1494/908/1414 1503/917/1421
f 1494/908/1414 1491/905/1412 1503/917/1421
f 1502/916/1420 1501/915/1419 1504/918/1422
f 1501/915/1419 1503/917/1421 1504/918/1422
f 1505/919/206 1503/917/1421 1491/905/1412
f 1491/905/1412 1490/904/1411 1505/919/206
f 1505/919/206 1490/904/1411 1506/920/711
f 1506/920/711 1490/904/1411 1487/901/1409
f 1503/917/1421 1505/919/206 1507/921/1423
f 1506/920/711 1507/921/1423 1505/919/206
f 1508/922/1424 1503/917/1421 1507/921/1423
f 1507/921/1423 1506/920/711 1509/923/1425
f 1507/921/1423 1509/923/1425 1508/922/1424
f 1506/920/711 1510/924/1426 1509/923/1425
f 1508/922/1424 1509/923/1425 1510/924/1426
f 1506/920/711 1487/901/1409 1510/924/1426
f 1503/917/1421 1508/922/1424 1511/925/1427
f 1503/917/1421 1511/925/1427 1504/918/1422
f 1508/922/1424 1510/924/1426 1512/926/1428
f 1511/925/1427 1508/922/1424 1512/926/1428
f 1513/927/1429 1510/924/1426 1487/901/1409
f 1512/926/1428 1510/924/1426 1513/927/1429
f 1475/889/1398 1513/927/1429 1487/901/1409
f 1475/889/1398 1472/886/1396 1513/927/1429
f 1514/928/1430 1511/925/1427 1512/926/1428
f 1513/927/1429 1514/928/1430 1512/926/1428
f 1515/929/1431 1511/925/1427 1514/928/1430
f 1504/918/1422 1511/925/1427 1515/929/1431
f 1514/928/1430 1513/927/1429 1516/930/1432
f 1516/930/1432 1513/927/1429 1472/886/1396
f 1515/929/1431 1514/928/1430 1517/931/1433
f 1517/931/1433 1514/928/1430 1516/930/1432
f 1504/918/1422 1515/929/1431 1518/932/1434
f 1518/932/1434 1515/929/1431 1517/931/1433
f 1519/933/1435 1516/930/1432 1472/886/1396
f 1472/886/1396 1468/882/1392 1519/933/1435
f 1519/933/1435 1520/934/1436 1516/930/1432
f 1517/931/1433 1516/930/1432 1520/934/1436
f 1519/933/1435 1468/882/1392 1521/935/1437
f 1519/933/1435 1521/935/1437 1520/934/1436
f 1518/932/1434 1517/931/1433 1522/936/1438
f 1517/931/1433 1523/937/1439 1522/936/1438
f 1517/931/1433 1520/934/1436 1523/937/1439
f 1518/932/1434 1522/936/1438 1524/938/1440
f 1522/936/1438 1523/937/1439 1524/938/1440
f 1523/937/1439 1520/934/1436 1525/939/1441
f 1523/937/1439 1526/940/1442 1524/938/1440
f 1523/937/1439 1525/939/1441 1526/940/1442
f 1527/941/1443 1525/939/1441 1520/934/1436
f 1527/941/1443 1526/940/1442 1525/939/1441
f 1527/941/1443 1520/934/1436 1521/935/1437
f 1524/938/1440 1526/940/1442 1528/942/1444
f 1528/942/1444 1526/940/1442 1527/941/1443
f 1529/943/1445 1524/938/1440 1528/942/1444
f 1529/943/1445 1518/932/1434 1524/938/1440
f 1530/944/1446 1528/942/1444 1527/941/1443
f 1529/943/1445 1528/942/1444 1530/944/1446
f 1531/945/1447 1527/941/1443 1521/935/1437
f 1530/944/1446 1527/941/1443 1531/945/1447
f 1531/945/1447 1521/935/1437 1468/882/1392
f 1532/946/1448 1529/943/1445 1530/944/1446
f 1530/944/1446 1531/945/1447 1532/946/1448
f 1533/947/1449 1518/932/1434 1529/943/1445
f 1533/947/1449 1529/943/1445 1532/946/1448
f 1531/945/1447 1468/882/1392 1534/948/1450
f 1532/946/1448 1531/945/1447 1535/949/1451
f 1531/945/1447 1534/948/1450 1535/949/1451
f 1532/946/1448 1535/949/1451 1536/950/1452
f 1532/946/1448 1536/950/1452 1533/947/1449
f 1535/949/1451 1534/948/1450 1537/951/1453
f 1534/948/1450 1468/882/1392 1538/952/1454
f 1537/951/1453 1534/948/1450 1538/952/1454
f 1468/882/1392 1460/874/1385 1538/952/1454
f 1539/953/1455 1535/949/1451 1537/951/1453
f 1536/950/1452 1535/949/1451 1539/953/1455
f 1539/953/1455 1537/951/1453 1540/954/1456
f 1540/954/1456 1537/951/1453 1538/952/1454
f 1536/950/1452 1539/953/1455 1541/955/1457
f 1536/950/1452 1541/955/1457 1533/947/1449
f 1542/956/1458 1539/953/1455 1540/954/1456
f 1541/955/1457 1539/953/1455 1542/956/1458
f 1540/954/1456 1538/952/1454 1543/957/1459
f 1542/956/1458 1544/958/1460 1541/955/1457
f 1541/955/1457 1544/958/1460 1533/947/1449
f 1542/956/1458 1540/954/1456 1545/959/1461
f 1540/954/1456 1543/957/1459 1545/959/1461
f 1542/956/1458 1545/959/1461 1546/960/1462
f 1544/958/1460 1542/956/1458 1546/960/1462
f 1546/960/1462 1545/959/1461 1547/961/1463
f 1547/961/1463 1545/959/1461 1543/957/1459
f 1544/958/1460 1546/960/1462 1547/961/1463
f 1547/961/1463 1543/957/1459 1548/962/1464
f 1548/962/1464 1543/957/1459 1538/952/1454
f 1544/958/1460 1547/961/1463 1549/963/1465
f 1547/961/1463 1548/962/1464 1549/963/1465
f 1548/962/1464 1538/952/1454 1550/964/1466
f 1549/963/1465 1548/962/1464 1550/964/1466
f 1550/964/1466 1538/952/1454 1460/874/1385
f 1550/964/1466 1460/874/1385 1456/870/1383
f 1550/964/1466 1456/870/1383 1551/965/1467
f 1551/965/1467 1456/870/1383 1462/876/1387
f 1552/966/1468 1550/964/1466 1551/965/1467
f 1549/963/1465 1550/964/1466 1552/966/1468
f 1551/965/1467 1462/876/1387 1553/967/1469
f 1552/966/1468 1551/965/1467 1553/967/1469
f 1467/881/1391 1553/967/1469 1462/876/1387
f 1554/968/1470 1549/963/1465 1552/966/1468
f 1552/966/1468 1553/967/1469 1555/969/1471
f 1552/966/1468 1555/969/1471 1554/968/1470
f 1556/970/1472 1553/967/1469 1467/881/1391
f 1555/969/1471 1553/967/1469 1556/970/1472
f 1556/970/1472 1467/881/1391 1557/971/1473
f 1467/881/1391 1465/879/1389 1557/971/1473
f 1555/969/1471 1556/970/1472 1558/972/1474
f 1557/971/1473 1465/879/1389 1559/973/1475
f 1453/867/1380 1559/973/1475 1465/879/1389
f 1556/970/1472 1557/971/1473 1560/974/1476
f 1559/973/1475 1560/974/1476 1557/971/1473
f 1560/974/1476 1558/972/1474 1556/970/1472
f 1561/975/1477 1559/973/1475 1453/867/1380
f 1560/974/1476 1559/973/1475 1561/975/1477
f 1561/975/1477 1453/867/1380 1562/976/239
f 1560/974/1476 1561/975/1477 1562/976/239
f 1562/976/239 1558/972/1474 1560/974/1476
f 1453/867/1380 1452/866/1379 1562/976/239
f 1562/976/239 1563/977/1478 1558/972/1474
f 1452/866/1379 1563/977/1478 1562/976/239
f 1558/972/1474 1564/978/1479 1555/969/1471
f 1563/977/1478 1564/978/1479 1558/972/1474
f 1554/968/1470 1555/969/1471 1564/978/1479
f 1452/866/1379 1565/979/1480 1563/977/1478
f 1452/866/1379 1445/859/1373 1565/979/1480
f 1564/978/1479 1563/977/1478 1566/980/1481
f 1564/978/1479 1566/980/1481 1554/968/1470
f 1565/979/1480 1566/980/1481 1563/977/1478
f 1566/980/1481 1567/981/1482 1554/968/1470
f 1566/980/1481 1565/979/1480 1567/981/1482
f 1554/968/1470 1567/981/1482 1549/963/1465
f 1567/981/1482 1544/958/1460 1549/963/1465
f 1567/981/1482 1533/947/1449 1544/958/1460
f 1565/979/1480 1568/982/1483 1567/981/1482
f 1568/982/1483 1533/947/1449 1567/981/1482
f 1565/979/1480 1445/859/1373 1568/982/1483
f 1568/982/1483 1518/932/1434 1533/947/1449
f 1445/859/1373 1447/861/1375 1568/982/1483
f 1568/982/1483 1504/918/1422 1518/932/1434
f 1502/916/1420 1568/982/1483 1447/861/1375
f 1568/982/1483 1502/916/1420 1504/918/1422
f 1569/983/1484 1570/984/1485 1571/985/1268
f 1570/984/1485 1569/983/1484 1572/986/1486
f 1570/984/1485 1572/986/1486 1573/987/1487
f 1574/988/1488 1572/986/1486 1569/983/1484
f 1575/989/1489 1573/987/1487 1572/986/1486
f 1572/986/1486 1574/988/1488 1576/990/1490
f 1576/990/1490 1575/989/1489 1572/986/1486
f 1576/990/1490 1574/988/1488 1577/991/1491
f 1575/989/1489 1578/992/1254 1573/987/1487
f 1575/989/1489 1576/990/1490 1579/993/1492
f 1577/991/1491 1579/993/1492 1576/990/1490
f 1578/992/1254 1575/989/1489 1580/994/1493
f 1579/993/1492 1580/994/1493 1575/989/1489
f 1581/995/1494 1578/992/1254 1580/994/1493
f 1580/994/1493 1579/993/1492 1582/996/1495
f 1582/996/1495 1579/993/1492 1577/991/1491
f 1580/994/1493 1582/996/1495 1581/995/1494
f 1578/992/1254 1581/995/1494 1583/997/1252
f 1584/998/1496 1582/996/1495 1577/991/1491
f 1584/998/1496 1581/995/1494 1582/996/1495
f 1585/999/1497 1584/998/1496 1577/991/1491
f 1585/999/1497 1581/995/1494 1584/998/1496
f 1586/1000/1498 1585/999/1497 1577/991/1491
f 1587/1001/1499 1583/997/1252 1581/995/1494
f 1581/995/1494 1585/999/1497 1587/1001/1499
f 1586/1000/1498 1587/1001/1499 1585/999/1497
f 1583/997/1252 1587/1001/1499 1588/1002/1259
f 1587/1001/1499 1586/1000/1498 1589/1003/1500
f 1589/1003/1500 1588/1002/1259 1587/1001/1499
f 1588/1002/1259 1589/1003/1500 1590/1004/1268
f 1591/587/1501 1592/589/1502 1593/588/135
f 1594/590/1503 1592/589/1502 1591/587/1501
f 1595/591/1504 1594/590/1503 1591/587/1501
f 1596/592/1505 1592/589/1502 1594/590/1503
f 1595/591/1504 1597/593/1506 1594/590/1503
f 1597/593/1506 1596/592/1505 1594/590/1503
f 1598/594/1507 1597/593/1506 1595/591/1504
f 1596/592/1505 1597/593/1506 1599/595/1508
f 1596/592/1505 1599/595/1508 1600/596/1509
f 1598/594/1507 1601/597/1510 1597/593/1506
f 1601/597/1510 1599/595/1508 1597/593/1506
f 1601/597/1510 1598/594/1507 1602/598/1511
f 1603/599/1512 1601/597/1510 1602/598/1511
f 1604/600/1513 1600/596/1509 1599/595/1508
f 1600/596/1509 1604/600/1513 1605/601/1514
f 1605/601/1514 1604/600/1513 1606/602/142
f 1607/603/1515 1601/597/1510 1603/599/1512
f 1608/604/1516 1607/603/1515 1603/599/1512
f 1601/597/1510 1609/605/1517 1599/595/1508
f 1607/603/1515 1608/604/1516 1610/606/1518
f 1611/607/1519 1610/606/1518 1608/604/1516
f 1612/608/1520 1601/597/1510 1607/603/1515
f 1601/597/1510 1612/608/1520 1609/605/1517
f 1613/609/1521 1610/606/1518 1611/607/1519
f 1614/610/1522 1607/603/1515 1610/606/1518
f 1607/603/1515 1614/610/1522 1612/608/1520
f 1614/610/1522 1610/606/1518 1613/609/1521
f 1615/611/1523 1609/605/1517 1612/608/1520
f 1614/610/1522 1615/611/1523 1612/608/1520
f 1599/595/1508 1609/605/1517 1616/612/1524
f 1609/605/1517 1615/611/1523 1616/612/1524
f 1599/595/1508 1616/612/1524 1604/600/1513
f 1615/611/1523 1614/610/1522 1617/613/1525
f 1617/613/1525 1614/610/1522 1613/609/1521
f 1618/614/1526 1616/612/1524 1615/611/1523
f 1618/614/1526 1615/611/1523 1617/613/1525
f 1616/612/1524 1618/614/1526 1619/616/1527
f 1617/613/1525 1620/617/1528 1618/614/1526
f 1620/617/1528 1619/616/1527 1618/614/1526
f 1621/615/1529 1616/612/1524 1619/616/1527
f 1621/615/1529 1604/600/1513 1616/612/1524
f 1619/616/1527 1620/617/1528 1622/619/1530
f 1622/619/1530 1621/615/1529 1619/616/1527
f 1620/617/1528 1617/613/1525 1623/618/1531
f 1613/609/1521 1623/618/1531 1617/613/1525
f 1604/600/1513 1621/615/1529 1624/620/1532
f 1604/600/1513 1624/620/1532 1606/602/142
f 1621/615/1529 1622/619/1530 1625/621/1533
f 1625/621/1533 1624/620/1532 1621/615/1529
f 1606/602/142 1624/620/1532 1626/623/1534
f 1606/602/142 1626/623/1534 1627/624/144
f 1627/624/144 1626/623/1534 1628/625/1535
f 1629/626/1536 1626/623/1534 1624/620/1532
f 1626/623/1534 1629/626/1536 1628/625/1535
f 1624/620/1532 1625/621/1533 1630/627/1537
f 1629/626/1536 1624/620/1532 1630/627/1537
f 1628/625/1535 1629/626/1536 1631/628/1538
f 1628/625/1535 1631/628/1538 1632/629/1539
f 1631/628/1538 1633/630/160 1632/629/1539
f 1631/628/1538 1629/626/1536 1634/631/1540
f 1634/631/1540 1633/630/160 1631/628/1538
f 1630/627/1537 1634/631/1540 1629/626/1536
f 1635/632/1541 1633/630/160 1634/631/1540
f 1635/632/1541 1636/633/1542 1633/630/160
f 1630/627/1537 1637/634/1543 1634/631/1540
f 1635/632/1541 1638/635/1544 1636/633/1542
f 1638/635/1544 1639/636/1545 1636/633/1542
f 1638/635/1544 1640/637/1546 1639/636/1545
f 1641/638/1547 1635/632/1541 1634/631/1540
f 1637/634/1543 1641/638/1547 1634/631/1540
f 1642/639/1548 1638/635/1544 1635/632/1541
f 1641/638/1547 1642/639/1548 1635/632/1541
f 1643/640/1549 1640/637/1546 1638/635/1544
f 1642/639/1548 1643/640/1549 1638/635/1544
f 1644/641/1550 1640/637/1546 1643/640/1549
f 1645/642/1551 1640/637/1546 1644/641/1550
f 1646/643/1552 1643/640/1549 1642/639/1548
f 1646/643/1552 1644/641/1550 1643/640/1549
f 1647/644/1553 1642/639/1548 1641/638/1547
f 1647/644/1553 1646/643/1552 1642/639/1548
f 1648/645/1554 1645/642/1551 1644/641/1550
f 1648/645/1554 1649/646/1555 1645/642/1551
f 1650/647/135 1649/646/1555 1648/645/1554
f 1651/648/1556 1644/641/1550 1646/643/1552
f 1651/648/1556 1648/645/1554 1644/641/1550
f 1652/649/1557 1650/647/135 1648/645/1554
f 1652/649/1557 1648/645/1554 1651/648/1556
f 1653/650/1501 1650/647/135 1652/649/1557
f 1654/651/1558 1651/648/1556 1646/643/1552
f 1647/644/1553 1654/651/1558 1646/643/1552
f 1655/652/1559 1653/650/1501 1652/649/1557
f 1651/648/1556 1655/652/1559 1652/649/1557
f 1653/650/1501 1655/652/1559 1656/653/1560
f 1654/651/1558 1657/654/1561 1651/648/1556
f 1655/652/1559 1651/648/1556 1657/654/1561
f 1647/644/1553 1658/655/1562 1654/651/1558
f 1658/655/1562 1657/654/1561 1654/651/1558
f 1659/658/1563 1656/653/1560 1655/652/1559
f 1656/653/1560 1659/658/1563 1660/659/1507
f 1661/657/1564 1655/652/1559 1657/654/1561
f 1659/658/1563 1655/652/1559 1661/657/1564
f 1657/654/1561 1658/655/1562 1661/657/1564
f 1659/658/1563 1662/660/1565 1660/659/1507
f 1661/657/1564 1663/661/1566 1659/658/1563
f 1662/660/1565 1659/658/1563 1663/661/1566
f 1663/661/1566 1661/657/1564 1664/662/1567
f 1661/657/1564 1658/655/1562 1664/662/1567
f 1665/670/1568 1662/660/1565 1663/661/1566
f 1662/660/1565 1665/670/1568 1666/671/1512
f 1664/662/1567 1667/668/1569 1663/661/1566
f 1665/670/1568 1663/661/1566 1667/668/1569
f 1668/673/1570 1666/671/1512 1665/670/1568
f 1666/671/1512 1668/673/1570 1669/674/1571
f 1668/673/1570 1670/675/1572 1669/674/1571
f 1671/672/1573 1665/670/1568 1667/668/1569
f 1668/673/1570 1665/670/1568 1671/672/1573
f 1670/675/1572 1668/673/1570 1672/677/1574
f 1672/677/1574 1613/609/1521 1670/675/1572
f 1671/672/1573 1673/676/1575 1668/673/1570
f 1673/676/1575 1672/677/1574 1668/673/1570
f 1613/609/1521 1672/677/1574 1674/678/1576
f 1672/677/1574 1673/676/1575 1674/678/1576
f 1623/618/1531 1613/609/1521 1674/678/1576
f 1673/676/1575 1675/679/1577 1674/678/1576
f 1675/679/1577 1623/618/1531 1674/678/1576
f 1671/672/1573 1676/669/1578 1673/676/1575
f 1673/676/1575 1676/669/1578 1675/679/1577
f 1671/672/1573 1667/668/1569 1676/669/1578
f 1623/618/1531 1675/679/1577 1677/680/1579
f 1676/669/1578 1677/680/1579 1675/679/1577
f 1677/680/1579 1620/617/1528 1623/618/1531
f 1676/669/1578 1667/668/1569 1678/667/1580
f 1667/668/1569 1664/662/1567 1678/667/1580
f 1676/669/1578 1679/622/1581 1677/680/1579
f 1620/617/1528 1677/680/1579 1679/622/1581
f 1679/622/1581 1676/669/1578 1678/667/1580
f 1679/622/1581 1622/619/1530 1620/617/1528
f 1622/619/1530 1679/622/1581 1680/666/1582
f 1678/667/1580 1680/666/1582 1679/622/1581
f 1680/666/1582 1625/621/1533 1622/619/1530
f 1678/667/1580 1664/662/1567 1681/664/1583
f 1680/666/1582 1678/667/1580 1681/664/1583
f 1658/655/1562 1681/664/1583 1664/662/1567
f 1625/621/1533 1680/666/1582 1682/665/1584
f 1681/664/1583 1682/665/1584 1680/666/1582
f 1630/627/1537 1625/621/1533 1682/665/1584
f 1630/627/1537 1682/665/1584 1637/634/1543
f 1683/663/1585 1682/665/1584 1681/664/1583
f 1682/665/1584 1683/663/1585 1637/634/1543
f 1681/664/1583 1658/655/1562 1683/663/1585
f 1684/656/1586 1637/634/1543 1683/663/1585
f 1658/655/1562 1684/656/1586 1683/663/1585
f 1637/634/1543 1684/656/1586 1641/638/1547
f 1658/655/1562 1647/644/1553 1684/656/1586
f 1647/644/1553 1641/638/1547 1684/656/1586
f 1685/681/1587 1686/683/1588 1687/682/59
f 1686/683/1588 1685/681/1587 1688/684/1589
f 1688/684/1589 1689/685/1208 1686/683/1588
f 1688/684/1589 1685/681/1587 1690/686/1590
f 1689/685/1208 1688/684/1589 1691/687/1591
f 1691/687/1591 1692/688/1211 1689/685/1208
f 1690/686/1590 1693/689/1592 1688/684/1589
f 1693/689/1592 1691/687/1591 1688/684/1589
f 1694/690/1593 1693/689/1592 1690/686/1590
f 1695/691/1594 1694/690/1593 1690/686/1590
f 1696/692/1595 1694/690/1593 1695/691/1594
f 1694/690/1593 1696/692/1595 1697/693/1596
f 1698/694/1597 1694/690/1593 1697/693/1596
f 1698/694/1597 1699/695/1598 1694/690/1593
f 1699/695/1598 1693/689/1592 1694/690/1593
f 1700/696/1599 1699/695/1598 1698/694/1597
f 1693/689/1592 1699/695/1598 1701/697/1600
f 1693/689/1592 1701/697/1600 1691/687/1591
f 1702/698/1601 1699/695/1598 1700/696/1599
f 1702/698/1601 1701/697/1600 1699/695/1598
f 1703/699/1602 1702/698/1601 1700/696/1599
f 1704/700/1603 1691/687/1591 1701/697/1600
f 1692/688/1211 1691/687/1591 1704/700/1603
f 1701/697/1600 1705/701/1604 1704/700/1603
f 1701/697/1600 1702/698/1601 1705/701/1604
f 1704/700/1603 1706/702/1605 1692/688/1211
f 1706/702/1605 1704/700/1603 1705/701/1604
f 1692/688/1211 1706/702/1605 1707/703/505
f 1706/702/1605 1708/704/1 1707/703/505
f 1708/704/1 1706/702/1605 1709/705/1606
f 1705/701/1604 1709/705/1606 1706/702/1605
f 1709/705/1606 1710/706/374 1708/704/1
f 1702/698/1601 1711/707/1607 1705/701/1604
f 1705/701/1604 1711/707/1607 1709/705/1606
f 1712/708/1608 1702/698/1601 1703/699/1602
f 1702/698/1601 1712/708/1608 1711/707/1607
f 1713/709/1609 1712/708/1608 1703/699/1602
f 1711/707/1607 1714/710/1610 1709/705/1606
f 1712/708/1608 1714/710/1610 1711/707/1607
f 1710/706/374 1709/705/1606 1715/711/1611
f 1715/711/1611 1709/705/1606 1714/710/1610
f 1716/712/1612 1710/706/374 1715/711/1611
f 1714/710/1610 1716/712/1612 1715/711/1611
f 1710/706/374 1716/712/1612 1717/713/378
f 1714/710/1610 1712/708/1608 1718/714/1613
f 1718/714/1613 1712/708/1608 1713/709/1609
f 1713/709/1609 1719/715/1614 1718/714/1613
f 1718/714/1613 1719/715/1614 1714/710/1610
f 1719/715/1614 1713/709/1609 1720/716/1615
f 1716/712/1612 1714/710/1610 1721/717/1616
f 1721/717/1616 1714/710/1610 1719/715/1614
f 1722/718/1617 1717/713/378 1716/712/1612
f 1721/717/1616 1722/718/1617 1716/712/1612
f 1717/713/378 1722/718/1617 1723/719/1618
f 1720/716/1615 1724/720/1619 1719/715/1614
f 1724/720/1619 1721/717/1616 1719/715/1614
f 1724/720/1619 1720/716/1615 1725/721/1620
f 1722/718/1617 1721/717/1616 1726/722/1621
f 1721/717/1616 1724/720/1619 1726/722/1621
f 1727/723/1622 1723/719/1618 1722/718/1617
f 1726/722/1621 1727/723/1622 1722/718/1617
f 1723/719/1618 1727/723/1622 1728/724/1623
f 1725/721/1620 1729/725/1624 1724/720/1619
f 1726/722/1621 1724/720/1619 1729/725/1624
f 1729/725/1624 1725/721/1620 1730/726/1625
f 1727/723/1622 1726/722/1621 1731/727/1626
f 1726/722/1621 1729/725/1624 1731/727/1626
f 1728/724/1623 1727/723/1622 1732/728/1627
f 1731/727/1626 1732/728/1627 1727/723/1622
f 1732/728/1627 1731/727/1626 1729/725/1624
f 1730/726/1625 1732/728/1627 1729/725/1624
f 1732/728/1627 1733/729/1247 1728/724/1623
f 1732/728/1627 1730/726/1625 1733/729/1247
f 1734/730/1628 1735/732/1629 1736/731/1630
f 1736/731/1630 1737/733/1631 1734/730/1628
f 1737/733/1631 1736/731/1630 1738/734/1632
f 1734/730/1628 1737/733/1631 1739/735/1633
f 1738/734/1632 1740/736/1634 1737/733/1631
f 1740/736/1634 1738/734/1632 1741/737/269
f 1740/736/1634 1742/738/1635 1737/733/1631
f 1742/738/1635 1743/739/1636 1737/733/1631
f 1737/733/1631 1743/739/1636 1739/735/1633
f 1743/739/1636 1744/740/1637 1739/735/1633
f 1743/739/1636 1745/741/1638 1744/740/1637
f 1746/742/1639 1740/736/1634 1741/737/269
f 1741/737/269 1747/743/1640 1746/742/1639
f 1746/742/1639 1748/744/1641 1740/736/1634
f 1744/740/1637 1745/741/1638 1749/745/1642
f 1744/740/1637 1749/745/1642 1750/746/1643
f 1750/746/1643 1749/745/1642 1751/747/1644
f 1751/747/1644 1752/749/1645 1753/748/1000
f 1751/747/1644 1749/745/1642 1752/749/1645
f 1749/745/1642 1754/750/1264 1752/749/1645
f 1754/750/1264 1749/745/1642 1755/751/1646
f 1755/751/1646 1756/752/1266 1754/750/1264
f 1745/741/1638 1757/753/1647 1749/745/1642
f 1749/745/1642 1757/753/1647 1755/751/1646
f 1757/753/1647 1745/741/1638 1758/754/1648
f 1756/752/1266 1755/751/1646 1759/755/1649
f 1759/755/1649 1760/756/1270 1756/752/1266
f 1755/751/1646 1757/753/1647 1761/757/1650
f 1759/755/1649 1755/751/1646 1761/757/1650
f 1760/756/1270 1759/755/1649 1762/759/1651
f 1762/759/1651 1763/760/1274 1760/756/1270
f 1764/758/1652 1757/753/1647 1758/754/1648
f 1763/760/1274 1762/759/1651 1765/849/1653
f 1765/849/1653 1766/850/1364 1763/760/1274
f 1758/754/1648 1767/761/1654 1764/758/1652
f 1748/744/1641 1767/761/1654 1758/754/1648
f 1766/850/1364 1765/849/1653 1768/851/1655
f 1748/744/1641 1769/763/1656 1767/761/1654
f 1770/852/1657 1766/850/1364 1768/851/1655
f 1769/763/1656 1748/744/1641 1746/742/1639
f 1767/761/1654 1769/763/1656 1771/764/1658
f 1767/761/1654 1771/764/1658 1764/758/1652
f 1772/765/1659 1769/763/1656 1746/742/1639
f 1769/763/1656 1772/765/1659 1771/764/1658
f 1772/765/1659 1746/742/1639 1773/766/1660
f 1773/766/1660 1746/742/1639 1747/743/1640
f 1747/743/1640 1774/767/1661 1773/766/1660
f 1774/767/1661 1775/768/1662 1773/766/1660
f 1771/764/1658 1772/765/1659 1776/769/1663
f 1772/765/1659 1773/766/1660 1776/769/1663
f 1771/764/1658 1777/762/1664 1764/758/1652
f 1771/764/1658 1776/769/1663 1777/762/1664
f 1777/762/1664 1757/753/1647 1764/758/1652
f 1757/753/1647 1777/762/1664 1761/757/1650
f 1778/770/1665 1776/769/1663 1773/766/1660
f 1776/769/1663 1778/770/1665 1777/762/1664
f 1779/771/1666 1773/766/1660 1775/768/1662
f 1779/771/1666 1778/770/1665 1773/766/1660
f 1780/772/1667 1779/771/1666 1775/768/1662
f 1781/773/1668 1777/762/1664 1778/770/1665
f 1781/773/1668 1761/757/1650 1777/762/1664
f 1782/774/1669 1781/773/1668 1778/770/1665
f 1782/774/1669 1778/770/1665 1779/771/1666
f 1783/775/1670 1761/757/1650 1781/773/1668
f 1782/774/1669 1783/775/1670 1781/773/1668
f 1784/777/1671 1761/757/1650 1783/775/1670
f 1785/776/1672 1783/775/1670 1782/774/1669
f 1785/776/1672 1784/777/1671 1783/775/1670
f 1786/778/1673 1785/776/1672 1782/774/1669
f 1779/771/1666 1786/778/1673 1782/774/1669
f 1787/779/1674 1784/777/1671 1785/776/1672
f 1788/780/1675 1785/776/1672 1786/778/1673
f 1785/776/1672 1788/780/1675 1787/779/1674
f 1789/781/1676 1786/778/1673 1779/771/1666
f 1788/780/1675 1786/778/1673 1789/781/1676
f 1787/779/1674 1790/782/1677 1784/777/1671
f 1790/782/1677 1761/757/1650 1784/777/1671
f 1788/780/1675 1791/783/1678 1787/779/1674
f 1790/782/1677 1787/779/1674 1791/783/1678
f 1789/781/1676 1792/784/1679 1788/780/1675
f 1792/784/1679 1791/783/1678 1788/780/1675
f 1779/771/1666 1792/784/1679 1789/781/1676
f 1793/785/1680 1790/782/1677 1791/783/1678
f 1793/785/1680 1791/783/1678 1792/784/1679
f 1794/786/1681 1761/757/1650 1790/782/1677
f 1793/785/1680 1794/786/1681 1790/782/1677
f 1795/787/1682 1792/784/1679 1779/771/1666
f 1795/787/1682 1793/785/1680 1792/784/1679
f 1796/790/1683 1794/786/1681 1793/785/1680
f 1793/785/1680 1795/787/1682 1796/790/1683
f 1794/786/1681 1797/803/1684 1761/757/1650
f 1761/757/1650 1797/803/1684 1759/755/1649
f 1762/759/1651 1759/755/1649 1797/803/1684
f 1796/790/1683 1798/796/1685 1794/786/1681
f 1798/796/1685 1797/803/1684 1794/786/1681
f 1798/796/1685 1796/790/1683 1799/793/1686
f 1796/790/1683 1800/791/1687 1799/793/1686
f 1795/787/1682 1800/791/1687 1796/790/1683
f 1801/797/1688 1798/796/1685 1799/793/1686
f 1801/797/1688 1799/793/1686 1800/791/1687
f 1795/787/1682 1779/771/1666 1802/788/1689
f 1800/791/1687 1795/787/1682 1802/788/1689
f 1779/771/1666 1780/772/1667 1802/788/1689
f 1803/789/1690 1802/788/1689 1780/772/1667
f 1801/797/1688 1804/800/1691 1798/796/1685
f 1804/800/1691 1797/803/1684 1798/796/1685
f 1802/788/1689 1803/789/1690 1805/792/1692
f 1806/802/1693 1804/800/1691 1801/797/1688
f 1807/794/1694 1805/792/1692 1803/789/1690
f 1803/789/1690 1808/795/1695 1807/794/1694
f 1802/788/1689 1805/792/1692 1809/798/1696
f 1809/798/1696 1800/791/1687 1802/788/1689
f 1810/799/1697 1801/797/1688 1800/791/1687
f 1810/799/1697 1800/791/1687 1809/798/1696
f 1810/799/1697 1806/802/1693 1801/797/1688
f 1811/801/1698 1809/798/1696 1805/792/1692
f 1805/792/1692 1807/794/1694 1811/801/1698
f 1812/810/1699 1810/799/1697 1809/798/1696
f 1813/823/1700 1807/794/1694 1808/795/1695
f 1813/823/1700 1808/795/1695 1814/824/1701
f 1814/824/1701 1815/825/292 1813/823/1700
f 1816/820/1702 1807/794/1694 1813/823/1700
f 1807/794/1694 1816/820/1702 1811/801/1698
f 1813/823/1700 1815/825/292 1817/827/1703
f 1813/823/1700 1818/826/1704 1816/820/1702
f 1818/826/1704 1813/823/1700 1817/827/1703
f 1819/828/1705 1817/827/1703 1815/825/292
f 1819/828/1705 1815/825/292 1820/829/295
f 1819/828/1705 1820/829/295 1821/830/1706
f 1817/827/1703 1822/831/1707 1818/826/1704
f 1817/827/1703 1819/828/1705 1823/832/1634
f 1823/832/1634 1822/831/1707 1817/827/1703
f 1821/830/1706 1824/833/1708 1819/828/1705
f 1819/828/1705 1824/833/1708 1823/832/1634
f 1822/831/1707 1825/834/1709 1818/826/1704
f 1823/832/1634 1826/835/1710 1822/831/1707
f 1822/831/1707 1826/835/1710 1825/834/1709
f 1823/832/1634 1827/840/1711 1826/835/1710
f 1826/835/1710 1828/837/1712 1825/834/1709
f 1827/840/1711 1828/837/1712 1826/835/1710
f 1823/832/1634 1829/842/1713 1827/840/1711
f 1824/833/1708 1829/842/1713 1823/832/1634
f 1827/840/1711 1830/841/1714 1828/837/1712
f 1827/840/1711 1829/842/1713 1830/841/1714
f 1828/837/1712 1831/839/1715 1825/834/1709
f 1830/841/1714 1831/839/1715 1828/837/1712
f 1825/834/1709 1832/836/1716 1818/826/1704
f 1831/839/1715 1832/836/1716 1825/834/1709
f 1832/836/1716 1833/822/1717 1818/826/1704
f 1818/826/1704 1833/822/1717 1816/820/1702
f 1834/838/1718 1832/836/1716 1831/839/1715
f 1833/822/1717 1832/836/1716 1834/838/1718
f 1835/843/1719 1831/839/1715 1830/841/1714
f 1834/838/1718 1831/839/1715 1835/843/1719
f 1836/844/1720 1835/843/1719 1830/841/1714
f 1830/841/1714 1829/842/1713 1836/844/1720
f 1837/845/1721 1834/838/1718 1835/843/1719
f 1836/844/1720 1837/845/1721 1835/843/1719
f 1829/842/1713 1838/846/1722 1836/844/1720
f 1836/844/1720 1838/846/1722 1837/845/1721
f 1829/842/1713 1824/833/1708 1838/846/1722
f 1834/838/1718 1837/845/1721 1839/821/1723
f 1834/838/1718 1839/821/1723 1833/822/1717
f 1833/822/1717 1840/819/1724 1816/820/1702
f 1833/822/1717 1839/821/1723 1840/819/1724
f 1840/819/1724 1811/801/1698 1816/820/1702
f 1841/847/1725 1839/821/1723 1837/845/1721
f 1842/817/1726 1811/801/1698 1840/819/1724
f 1839/821/1723 1843/818/1727 1840/819/1724
f 1843/818/1727 1842/817/1726 1840/819/1724
f 1844/816/1728 1843/818/1727 1839/821/1723
f 1839/821/1723 1841/847/1725 1844/816/1728
f 1845/815/1729 1842/817/1726 1843/818/1727
f 1845/815/1729 1843/818/1727 1844/816/1728
f 1842/817/1726 1846/813/1730 1811/801/1698
f 1845/815/1729 1846/813/1730 1842/817/1726
f 1811/801/1698 1846/813/1730 1809/798/1696
f 1846/813/1730 1812/810/1699 1809/798/1696
f 1847/814/1731 1846/813/1730 1845/815/1729
f 1847/814/1731 1845/815/1729 1844/816/1728
f 1812/810/1699 1846/813/1730 1848/812/1732
f 1847/814/1731 1848/812/1732 1846/813/1730
f 1849/809/1733 1812/810/1699 1848/812/1732
f 1848/812/1732 1847/814/1731 1850/811/1734
f 1850/811/1734 1849/809/1733 1848/812/1732
f 1849/809/1733 1851/808/1735 1812/810/1699
f 1851/808/1735 1810/799/1697 1812/810/1699
f 1849/809/1733 1850/811/1734 1852/807/1736
f 1851/808/1735 1853/806/1737 1810/799/1697
f 1853/806/1737 1851/808/1735 1849/809/1733
f 1852/807/1736 1853/806/1737 1849/809/1733
f 1853/806/1737 1806/802/1693 1810/799/1697
f 1850/811/1734 1854/805/1738 1852/807/1736
f 1850/811/1734 1847/814/1731 1854/805/1738
f 1855/804/1739 1853/806/1737 1852/807/1736
f 1853/806/1737 1855/804/1739 1806/802/1693
f 1852/807/1736 1854/805/1738 1855/804/1739
f 1855/804/1739 1804/800/1691 1806/802/1693
f 1855/804/1739 1854/805/1738 1804/800/1691
f 1854/805/1738 1797/803/1684 1804/800/1691
f 1854/805/1738 1847/814/1731 1797/803/1684
f 1847/814/1731 1844/816/1728 1797/803/1684
f 1797/803/1684 1844/816/1728 1762/759/1651
f 1844/816/1728 1841/847/1725 1762/759/1651
f 1762/759/1651 1841/847/1725 1765/849/1653
f 1765/849/1653 1841/847/1725 1856/848/1740
f 1837/845/1721 1856/848/1740 1841/847/1725
f 1856/848/1740 1768/851/1655 1765/849/1653
f 1856/848/1740 1837/845/1721 1838/846/1722
f 1768/851/1655 1856/848/1740 1857/853/1741
f 1770/852/1657 1768/851/1655 1857/853/1741
f 1856/848/1740 1838/846/1722 1858/854/1742
f 1857/853/1741 1856/848/1740 1858/854/1742
f 1838/846/1722 1824/833/1708 1858/854/1742
f 1770/852/1657 1857/853/1741 1859/855/1743
f 1858/854/1742 1859/855/1743 1857/853/1741
f 1770/852/1657 1859/855/1743 1860/856/1744
f 1860/856/1744 1861/857/1371 1770/852/1657
f 1862/858/1745 1859/855/1743 1858/854/1742
f 1859/855/1743 1862/858/1745 1860/856/1744
f 1824/833/1708 1862/858/1745 1858/854/1742
f 1863/859/1746 1861/857/1371 1860/856/1744
f 1862/858/1745 1863/859/1746 1860/856/1744
f 1861/857/1371 1863/859/1746 1864/860/1747
f 1865/861/1748 1864/860/1747 1863/859/1746
f 1866/862/1749 1862/858/1745 1824/833/1708
f 1866/862/1749 1824/833/1708 1821/830/1706
f 1866/862/1749 1821/830/1706 1867/863/1750
f 1868/864/1751 1866/862/1749 1867/863/1750
f 1863/859/1746 1869/982/1752 1865/861/1748
f 1869/982/1752 1870/916/1753 1865/861/1748
f 1863/859/1746 1862/858/1745 1871/866/1754
f 1872/865/1755 1862/858/1745 1866/862/1749
f 1872/865/1755 1871/866/1754 1862/858/1745
f 1873/979/1756 1869/982/1752 1863/859/1746
f 1871/866/1754 1873/979/1756 1863/859/1746
f 1874/867/1757 1872/865/1755 1866/862/1749
f 1874/867/1757 1871/866/1754 1872/865/1755
f 1875/868/1758 1866/862/1749 1868/864/1751
f 1874/867/1757 1866/862/1749 1876/869/1759
f 1876/869/1759 1866/862/1749 1875/868/1758
f 1868/864/1751 1877/870/1760 1875/868/1758
f 1877/870/1760 1868/864/1751 1878/871/485
f 1878/871/485 1879/872/488 1877/870/1760
f 1876/869/1759 1875/868/1758 1880/873/1761
f 1881/874/1762 1877/870/1760 1879/872/488
f 1879/872/488 1882/875/1763 1881/874/1762
f 1883/876/1764 1875/868/1758 1877/870/1760
f 1875/868/1758 1883/876/1764 1880/873/1761
f 1884/877/1765 1881/874/1762 1882/875/1763
f 1882/875/1763 1885/878/1766 1884/877/1765
f 1886/879/1767 1876/869/1759 1880/873/1761
f 1886/879/1767 1874/867/1757 1876/869/1759
f 1887/881/1768 1886/879/1767 1880/873/1761
f 1887/881/1768 1880/873/1761 1883/876/1764
f 1874/867/1757 1886/879/1767 1888/973/1769
f 1887/881/1768 1889/971/1770 1886/879/1767
f 1889/971/1770 1888/973/1769 1886/879/1767
f 1890/975/1771 1874/867/1757 1888/973/1769
f 1891/974/1772 1888/973/1769 1889/971/1770
f 1888/973/1769 1891/974/1772 1890/975/1771
f 1890/975/1771 1892/976/1773 1874/867/1757
f 1891/974/1772 1892/976/1773 1890/975/1771
f 1874/867/1757 1892/976/1773 1871/866/1754
f 1889/971/1770 1893/970/1774 1891/974/1772
f 1893/970/1774 1889/971/1770 1887/881/1768
f 1892/976/1773 1891/974/1772 1894/972/1775
f 1891/974/1772 1893/970/1774 1894/972/1775
f 1871/866/1754 1892/976/1773 1895/977/1776
f 1892/976/1773 1894/972/1775 1895/977/1776
f 1871/866/1754 1895/977/1776 1873/979/1756
f 1893/970/1774 1887/881/1768 1896/967/1777
f 1887/881/1768 1883/876/1764 1896/967/1777
f 1897/969/1778 1894/972/1775 1893/970/1774
f 1897/969/1778 1893/970/1774 1896/967/1777
f 1895/977/1776 1894/972/1775 1898/978/1779
f 1894/972/1775 1897/969/1778 1898/978/1779
f 1899/980/1780 1895/977/1776 1898/978/1779
f 1899/980/1780 1873/979/1756 1895/977/1776
f 1900/968/1781 1898/978/1779 1897/969/1778
f 1898/978/1779 1900/968/1781 1899/980/1780
f 1873/979/1756 1899/980/1780 1901/981/1782
f 1899/980/1780 1900/968/1781 1901/981/1782
f 1873/979/1756 1901/981/1782 1869/982/1752
f 1902/966/1783 1900/968/1781 1897/969/1778
f 1902/966/1783 1897/969/1778 1896/967/1777
f 1900/968/1781 1903/963/1784 1901/981/1782
f 1900/968/1781 1902/966/1783 1903/963/1784
f 1902/966/1783 1896/967/1777 1904/965/1785
f 1904/965/1785 1896/967/1777 1883/876/1764
f 1904/965/1785 1883/876/1764 1877/870/1760
f 1902/966/1783 1904/965/1785 1905/964/1786
f 1905/964/1786 1904/965/1785 1877/870/1760
f 1903/963/1784 1902/966/1783 1905/964/1786
f 1905/964/1786 1877/870/1760 1881/874/1762
f 1903/963/1784 1905/964/1786 1906/962/1787
f 1905/964/1786 1881/874/1762 1907/952/1788
f 1906/962/1787 1905/964/1786 1907/952/1788
f 1908/961/1789 1903/963/1784 1906/962/1787
f 1906/962/1787 1907/952/1788 1909/957/1790
f 1908/961/1789 1906/962/1787 1909/957/1790
f 1910/958/1791 1903/963/1784 1908/961/1789
f 1901/981/1782 1903/963/1784 1910/958/1791
f 1908/961/1789 1909/957/1790 1911/959/1792
f 1910/958/1791 1908/961/1789 1912/960/1793
f 1912/960/1793 1908/961/1789 1911/959/1792
f 1913/954/1794 1911/959/1792 1909/957/1790
f 1913/954/1794 1909/957/1790 1907/952/1788
f 1914/956/1795 1912/960/1793 1911/959/1792
f 1914/956/1795 1911/959/1792 1913/954/1794
f 1914/956/1795 1910/958/1791 1912/960/1793
f 1913/954/1794 1907/952/1788 1915/951/1796
f 1910/958/1791 1914/956/1795 1916/955/1797
f 1914/956/1795 1913/954/1794 1917/953/1798
f 1916/955/1797 1914/956/1795 1917/953/1798
f 1917/953/1798 1913/954/1794 1915/951/1796
f 1916/955/1797 1918/947/1799 1910/958/1791
f 1901/981/1782 1910/958/1791 1918/947/1799
f 1869/982/1752 1901/981/1782 1918/947/1799
f 1919/950/1800 1916/955/1797 1917/953/1798
f 1919/950/1800 1918/947/1799 1916/955/1797
f 1917/953/1798 1915/951/1796 1920/949/1801
f 1919/950/1800 1917/953/1798 1920/949/1801
f 1915/951/1796 1907/952/1788 1921/948/1802
f 1920/949/1801 1915/951/1796 1921/948/1802
f 1922/946/1803 1919/950/1800 1920/949/1801
f 1922/946/1803 1918/947/1799 1919/950/1800
f 1923/945/1804 1920/949/1801 1921/948/1802
f 1922/946/1803 1920/949/1801 1923/945/1804
f 1921/948/1802 1907/952/1788 1924/882/1805
f 1923/945/1804 1921/948/1802 1924/882/1805
f 1881/874/1762 1924/882/1805 1907/952/1788
f 1924/882/1805 1881/874/1762 1884/877/1765
f 1925/944/1806 1922/946/1803 1923/945/1804
f 1884/877/1765 1926/880/1807 1924/882/1805
f 1884/877/1765 1885/878/1766 1926/880/1807
f 1922/946/1803 1925/944/1806 1927/943/1808
f 1918/947/1799 1922/946/1803 1927/943/1808
f 1885/878/1766 1928/883/1809 1926/880/1807
f 1928/883/1809 1885/878/1766 1929/884/1810
f 1930/885/507 1928/883/1809 1929/884/1810
f 1926/880/1807 1928/883/1809 1931/886/1811
f 1926/880/1807 1931/886/1811 1924/882/1805
f 1932/887/1812 1928/883/1809 1930/885/507
f 1933/888/1813 1932/887/1812 1930/885/507
f 1928/883/1809 1934/889/1814 1931/886/1811
f 1928/883/1809 1932/887/1812 1934/889/1814
f 1935/890/1815 1933/888/1813 1936/891/1816
f 1937/892/1052 1935/890/1815 1938/893/993
f 1935/890/1815 1939/894/1817 1933/888/1813
f 1935/890/1815 1937/892/1052 1939/894/1817
f 1932/887/1812 1933/888/1813 1939/894/1817
f 1940/895/1818 1939/894/1817 1937/892/1052
f 1940/895/1818 1932/887/1812 1939/894/1817
f 1941/896/1819 1932/887/1812 1940/895/1818
f 1941/896/1819 1934/889/1814 1932/887/1812
f 1942/897/1820 1941/896/1819 1940/895/1818
f 1943/898/1821 1934/889/1814 1941/896/1819
f 1943/898/1821 1941/896/1819 1942/897/1820
f 1942/897/1820 1944/899/1822 1943/898/1821
f 1944/899/1822 1942/897/1820 1945/900/1035
f 1943/898/1821 1946/901/1823 1934/889/1814
f 1945/900/1035 1947/902/1824 1944/899/1822
f 1948/903/1825 1947/902/1824 1945/900/1035
f 1944/899/1822 1949/904/1826 1943/898/1821
f 1943/898/1821 1949/904/1826 1946/901/1823
f 1947/902/1824 1950/905/205 1944/899/1822
f 1944/899/1822 1950/905/205 1949/904/1826
f 1951/906/1827 1947/902/1824 1948/903/1825
f 1952/907/1029 1951/906/1827 1948/903/1825
f 1953/908/1828 1950/905/205 1947/902/1824
f 1953/908/1828 1947/902/1824 1951/906/1827
f 1954/909/1829 1951/906/1827 1952/907/1029
f 1955/910/963 1954/909/1829 1952/907/1029
f 1954/909/1829 1955/910/963 1956/911/1830
f 1954/909/1829 1957/912/1831 1951/906/1827
f 1957/912/1831 1954/909/1829 1956/911/1830
f 1957/912/1831 1953/908/1828 1951/906/1827
f 1958/913/1832 1957/912/1831 1956/911/1830
f 1959/914/228 1957/912/1831 1958/913/1832
f 1957/912/1831 1959/914/228 1960/915/1833
f 1960/915/1833 1953/908/1828 1957/912/1831
f 1870/916/1753 1960/915/1833 1959/914/228
f 1960/915/1833 1961/917/1834 1953/908/1828
f 1953/908/1828 1961/917/1834 1950/905/205
f 1870/916/1753 1962/918/1835 1960/915/1833
f 1960/915/1833 1962/918/1835 1961/917/1834
f 1870/916/1753 1869/982/1752 1962/918/1835
f 1961/917/1834 1963/919/772 1950/905/205
f 1950/905/205 1963/919/772 1949/904/1826
f 1963/919/772 1964/920/157 1949/904/1826
f 1964/920/157 1946/901/1823 1949/904/1826
f 1963/919/772 1961/917/1834 1965/921/1836
f 1965/921/1836 1964/920/157 1963/919/772
f 1961/917/1834 1966/922/1837 1965/921/1836
f 1965/921/1836 1967/923/1838 1964/920/157
f 1965/921/1836 1966/922/1837 1967/923/1838
f 1964/920/157 1967/923/1838 1968/924/1839
f 1964/920/157 1968/924/1839 1946/901/1823
f 1966/922/1837 1968/924/1839 1967/923/1838
f 1969/927/1840 1946/901/1823 1968/924/1839
f 1969/927/1840 1934/889/1814 1946/901/1823
f 1966/922/1837 1970/926/1841 1968/924/1839
f 1970/926/1841 1969/927/1840 1968/924/1839
f 1931/886/1811 1934/889/1814 1969/927/1840
f 1971/925/1842 1970/926/1841 1966/922/1837
f 1966/922/1837 1961/917/1834 1971/925/1842
f 1961/917/1834 1962/918/1835 1971/925/1842
f 1972/928/1843 1969/927/1840 1970/926/1841
f 1972/928/1843 1970/926/1841 1971/925/1842
f 1973/930/1844 1931/886/1811 1969/927/1840
f 1969/927/1840 1972/928/1843 1973/930/1844
f 1962/918/1835 1974/929/1845 1971/925/1842
f 1972/928/1843 1971/925/1842 1974/929/1845
f 1975/933/1846 1931/886/1811 1973/930/1844
f 1924/882/1805 1931/886/1811 1975/933/1846
f 1976/931/1847 1973/930/1844 1972/928/1843
f 1974/929/1845 1976/931/1847 1972/928/1843
f 1924/882/1805 1975/933/1846 1977/935/1848
f 1923/945/1804 1924/882/1805 1977/935/1848
f 1975/933/1846 1973/930/1844 1978/934/1849
f 1975/933/1846 1978/934/1849 1977/935/1848
f 1976/931/1847 1978/934/1849 1973/930/1844
f 1923/945/1804 1977/935/1848 1979/941/1850
f 1979/941/1850 1977/935/1848 1978/934/1849
f 1925/944/1806 1923/945/1804 1979/941/1850
f 1979/941/1850 1978/934/1849 1980/939/1851
f 1925/944/1806 1979/941/1850 1981/942/1852
f 1927/943/1808 1925/944/1806 1981/942/1852
f 1979/941/1850 1980/939/1851 1982/940/1853
f 1981/942/1852 1979/941/1850 1982/940/1853
f 1983/937/1854 1980/939/1851 1978/934/1849
f 1983/937/1854 1982/940/1853 1980/939/1851
f 1976/931/1847 1983/937/1854 1978/934/1849
f 1984/938/1855 1981/942/1852 1982/940/1853
f 1983/937/1854 1984/938/1855 1982/940/1853
f 1927/943/1808 1981/942/1852 1984/938/1855
f 1976/931/1847 1985/936/1856 1983/937/1854
f 1985/936/1856 1984/938/1855 1983/937/1854
f 1986/932/1857 1985/936/1856 1976/931/1847
f 1986/932/1857 1984/938/1855 1985/936/1856
f 1927/943/1808 1984/938/1855 1986/932/1857
f 1986/932/1857 1976/931/1847 1974/929/1845
f 1918/947/1799 1927/943/1808 1986/932/1857
f 1962/918/1835 1986/932/1857 1974/929/1845
f 1918/947/1799 1986/932/1857 1869/982/1752
f 1869/982/1752 1986/932/1857 1962/918/1835
f 1987/984/1858 1988/983/1859 1989/985/1648
f 1988/983/1859 1987/984/1858 1990/986/1860
f 1990/986/1860 1991/988/1861 1988/983/1859
f 1987/984/1858 1992/987/1636 1990/986/1860
f 1991/988/1861 1990/986/1860 1993/990/1862
f 1992/987/1636 1994/989/1863 1990/986/1860
f 1994/989/1863 1993/990/1862 1990/986/1860
f 1995/992/1864 1994/989/1863 1992/987/1636
f 1993/990/1862 1996/991/1865 1991/988/1861
f 1993/990/1862 1994/989/1863 1997/993/1866
f 1996/991/1865 1993/990/1862 1997/993/1866
f 1994/989/1863 1995/992/1864 1998/994/1867
f 1998/994/1867 1997/993/1866 1994/989/1863
f 1995/992/1864 1999/995/1868 1998/994/1867
f 1997/993/1866 1998/994/1867 2000/996/1869
f 2000/996/1869 1996/991/1865 1997/993/1866
f 1999/995/1868 2000/996/1869 1998/994/1867
f 1999/995/1868 1995/992/1864 2001/997/1634
f 2002/998/1870 1996/991/1865 2000/996/1869
f 2000/996/1869 1999/995/1868 2002/998/1870
f 2003/999/1871 1996/991/1865 2002/998/1870
f 1999/995/1868 2003/999/1871 2002/998/1870
f 2004/1000/1861 1996/991/1865 2003/999/1871
f 2001/997/1634 2005/1001/1872 1999/995/1868
f 2003/999/1871 1999/995/1868 2005/1001/1872
f 2005/1001/1872 2004/1000/1861 2003/999/1871
f 2005/1001/1872 2001/997/1634 2006/1002/1641
f 2004/1000/1861 2005/1001/1872 2007/1003/1873
f 2006/1002/1641 2007/1003/1873 2005/1001/1872
f 2008/1004/1648 2007/1003/1873 2006/1002/1641
f 2009/1005/1874 2010/1006/1875 2011/1007/1876
f 2010/1006/1875 2009/1005/1874 2012/1008/1877
f 2013/1009/1878 2012/1008/1877 2009/1005/1874
f 2014/1010/1879 2010/1006/1875 2012/1008/1877
f 2010/1006/1875 2014/1010/1879 2015/1011/1880
f 2014/1010/1879 2016/1012/1881 2015/1011/1880
f 2013/1009/1878 2017/1013/1882 2018/1014/1883
f 2013/1009/1878 2018/1014/1883 2019/1015/1884
f 2020/1016/1885 2019/1015/1884 2018/1014/1883
f 2012/1008/1877 2013/1009/1878 2021/1017/1886
f 2021/1017/1886 2013/1009/1878 2019/1015/1884
f 2021/1017/1886 2014/1010/1879 2012/1008/1877
f 2019/1015/1884 2020/1016/1885 2022/1018/1887
f 2020/1016/1885 2023/1019/1888 2022/1018/1887
f 2024/1020/1889 2019/1015/1884 2022/1018/1887
f 2022/1018/1887 2023/1019/1888 2024/1020/1889
f 2019/1015/1884 2024/1020/1889 2025/1021/1890
f 2021/1017/1886 2019/1015/1884 2025/1021/1890
f 2023/1019/1888 2026/1022/1891 2024/1020/1889
f 2026/1022/1891 2025/1021/1890 2024/1020/1889
f 2023/1019/1888 2027/1023/1892 2026/1022/1891
f 2027/1023/1892 2023/1019/1888 2028/1024/1893
f 2029/1025/1894 2027/1023/1892 2028/1024/1893
f 2027/1023/1892 2029/1025/1894 2030/1026/1895
f 2030/1026/1895 2026/1022/1891 2027/1023/1892
f 2031/1027/1882 2030/1026/1895 2029/1025/1894
f 2025/1021/1890 2026/1022/1891 2032/1028/1896
f 2026/1022/1891 2030/1026/1895 2032/1028/1896
f 2030/1026/1895 2031/1027/1882 2033/1029/1897
f 2033/1029/1897 2031/1027/1882 2034/1030/1898
f 2033/1029/1897 2035/1031/1899 2030/1026/1895
f 2033/1029/1897 2034/1030/1898 2035/1031/1899
f 2030/1026/1895 2035/1031/1899 2032/1028/1896
f 2032/1028/1896 2036/1032/1900 2025/1021/1890
f 2032/1028/1896 2035/1031/1899 2036/1032/1900
f 2025/1021/1890 2036/1032/1900 2021/1017/1886
f 2034/1030/1898 2037/1033/1901 2035/1031/1899
f 2034/1030/1898 2038/1034/1902 2037/1033/1901
f 2036/1032/1900 2035/1031/1899 2039/1035/1903
f 2035/1031/1899 2037/1033/1901 2039/1035/1903
f 2039/1035/1903 2037/1033/1901 2038/1034/1902
f 2036/1032/1900 2039/1035/1903 2021/1017/1886
f 2038/1034/1902 2040/1036/1904 2039/1035/1903
f 2041/1037/1905 2040/1036/1904 2038/1034/1902
f 2039/1035/1903 2042/1038/1906 2021/1017/1886
f 2040/1036/1904 2041/1037/1905 2043/1039/1907
f 2044/1040/1908 2043/1039/1907 2041/1037/1905
f 2045/1041/1909 2039/1035/1903 2040/1036/1904
f 2039/1035/1903 2045/1041/1909 2042/1038/1906
f 2046/1042/1910 2040/1036/1904 2043/1039/1907
f 2040/1036/1904 2046/1042/1910 2045/1041/1909
f 2043/1039/1907 2044/1040/1908 2047/1043/1911
f 2043/1039/1907 2048/1044/1912 2046/1042/1910
f 2048/1044/1912 2043/1039/1907 2047/1043/1911
f 2049/1045/1913 2047/1043/1911 2044/1040/1908
f 2050/1046/1914 2049/1045/1913 2044/1040/1908
f 2051/1047/1915 2049/1045/1913 2050/1046/1914
f 2052/1048/1916 2048/1044/1912 2047/1043/1911
f 2047/1043/1911 2049/1045/1913 2052/1048/1916
f 2048/1044/1912 2053/1049/1917 2046/1042/1910
f 2052/1048/1916 2053/1049/1917 2048/1044/1912
f 2054/1050/1918 2049/1045/1913 2051/1047/1915
f 2055/1051/1919 2054/1050/1918 2051/1047/1915
f 2049/1045/1913 2056/1052/1920 2052/1048/1916
f 2056/1052/1920 2049/1045/1913 2054/1050/1918
f 2054/1050/1918 2055/1051/1919 2057/1053/1921
f 2058/1054/1922 2057/1053/1921 2055/1051/1919
f 2054/1050/1918 2059/1055/1923 2056/1052/1920
f 2059/1055/1923 2054/1050/1918 2057/1053/1921
f 2057/1053/1921 2058/1054/1922 2060/1056/1924
f 2061/1057/1925 2060/1056/1924 2058/1054/1922
f 2057/1053/1921 2062/1058/1926 2059/1055/1923
f 2062/1058/1926 2057/1053/1921 2060/1056/1924
f 2061/1057/1925 2063/1059/1927 2060/1056/1924
f 2064/1060/1928 2063/1059/1927 2061/1057/1925
f 2060/1056/1924 2065/1061/1929 2062/1058/1926
f 2065/1061/1929 2060/1056/1924 2063/1059/1927
f 2064/1060/1928 2066/1062/1930 2063/1059/1927
f 2066/1062/1930 2065/1061/1929 2063/1059/1927
f 2067/1063/1931 2066/1062/1930 2064/1060/1928
f 2068/1064/1932 2066/1062/1930 2067/1063/1931
f 2069/1065/1933 2068/1064/1932 2067/1063/1931
f 2069/1065/1933 2070/1066/1934 2068/1064/1932
f 2068/1064/1932 2071/1067/1935 2066/1062/1930
f 2066/1062/1930 2071/1067/1935 2065/1061/1929
f 2070/1066/1934 2072/1068/1936 2068/1064/1932
f 2072/1068/1936 2071/1067/1935 2068/1064/1932
f 2071/1067/1935 2073/1069/1937 2065/1061/1929
f 2072/1068/1936 2073/1069/1937 2071/1067/1935
f 2065/1061/1929 2074/1070/1938 2062/1058/1926
f 2073/1069/1937 2074/1070/1938 2065/1061/1929
f 2074/1070/1938 2075/1071/1939 2062/1058/1926
f 2062/1058/1926 2075/1071/1939 2059/1055/1923
f 2073/1069/1937 2076/1072/1940 2074/1070/1938
f 2075/1071/1939 2077/1073/1941 2059/1055/1923
f 2059/1055/1923 2077/1073/1941 2056/1052/1920
f 2074/1070/1938 2078/1074/1942 2075/1071/1939
f 2076/1072/1940 2078/1074/1942 2074/1070/1938
f 2078/1074/1942 2079/1075/1943 2075/1071/1939
f 2079/1075/1943 2077/1073/1941 2075/1071/1939
f 2076/1072/1940 2080/1076/1944 2078/1074/1942
f 2078/1074/1942 2080/1076/1944 2079/1075/1943
f 2077/1073/1941 2081/1077/1945 2056/1052/1920
f 2056/1052/1920 2081/1077/1945 2052/1048/1916
f 2077/1073/1941 2079/1075/1943 2082/1078/1946
f 2077/1073/1941 2082/1078/1946 2081/1077/1945
f 2081/1077/1945 2083/1079/1947 2052/1048/1916
f 2053/1049/1917 2052/1048/1916 2083/1079/1947
f 2082/1078/1946 2084/1080/1948 2081/1077/1945
f 2083/1079/1947 2081/1077/1945 2084/1080/1948
f 2079/1075/1943 2085/1081/1949 2082/1078/1946
f 2080/1076/1944 2085/1081/1949 2079/1075/1943
f 2082/1078/1946 2086/1082/1950 2084/1080/1948
f 2085/1081/1949 2086/1082/1950 2082/1078/1946
f 2084/1080/1948 2087/1083/1951 2083/1079/1947
f 2086/1082/1950 2088/1084/1952 2084/1080/1948
f 2084/1080/1948 2088/1084/1952 2087/1083/1951
f 2085/1081/1949 2089/1085/1953 2086/1082/1950
f 2090/1086/1954 2083/1079/1947 2087/1083/1951
f 2083/1079/1947 2090/1086/1954 2053/1049/1917
f 2088/1084/1952 2091/1087/1955 2087/1083/1951
f 2090/1086/1954 2087/1083/1951 2091/1087/1955
f 2086/1082/1950 2092/1088/1956 2088/1084/1952
f 2089/1085/1953 2092/1088/1956 2086/1082/1950
f 2088/1084/1952 2093/1089/1957 2091/1087/1955
f 2092/1088/1956 2093/1089/1957 2088/1084/1952
f 2094/1090/1958 2089/1085/1953 2085/1081/1949
f 2080/1076/1944 2094/1090/1958 2085/1081/1949
f 2089/1085/1953 2095/1091/1959 2092/1088/1956
f 2094/1090/1958 2096/1092/1960 2089/1085/1953
f 2096/1092/1960 2095/1091/1959 2089/1085/1953
f 2092/1088/1956 2097/1093/1961 2093/1089/1957
f 2095/1091/1959 2097/1093/1961 2092/1088/1956
f 2096/1092/1960 2098/1094/1915 2095/1091/1959
f 2095/1091/1959 2098/1094/1915 2099/1095/1962
f 2095/1091/1959 2099/1095/1962 2097/1093/1961
f 2096/1092/1960 2100/1096/1919 2098/1094/1915
f 2097/1093/1961 2099/1095/1962 2101/1097/1963
f 2097/1093/1961 2101/1097/1963 2093/1089/1957
f 2099/1095/1962 2102/1098/1964 2101/1097/1963
f 2101/1097/1963 2102/1098/1964 2103/1099/1905
f 2104/1100/1965 2100/1096/1919 2096/1092/1960
f 2104/1100/1965 2096/1092/1960 2094/1090/1958
f 2104/1100/1965 2105/1101/1966 2100/1096/1919
f 2106/1102/1967 2104/1100/1965 2094/1090/1958
f 2080/1076/1944 2106/1102/1967 2094/1090/1958
f 2107/1103/1968 2105/1101/1966 2104/1100/1965
f 2106/1102/1967 2107/1103/1968 2104/1100/1965
f 2107/1103/1968 2108/1104/1969 2105/1101/1966
f 2109/1105/1970 2106/1102/1967 2080/1076/1944
f 2076/1072/1940 2109/1105/1970 2080/1076/1944
f 2110/1106/1971 2107/1103/1968 2106/1102/1967
f 2109/1105/1970 2110/1106/1971 2106/1102/1967
f 2111/1107/1972 2108/1104/1969 2107/1103/1968
f 2110/1106/1971 2111/1107/1972 2107/1103/1968
f 2111/1107/1972 2112/1108/1973 2108/1104/1969
f 2113/1109/1974 2111/1107/1972 2110/1106/1971
f 2109/1105/1970 2113/1109/1974 2110/1106/1971
f 2114/1110/1975 2112/1108/1973 2111/1107/1972
f 2111/1107/1972 2113/1109/1974 2114/1110/1975
f 2115/1111/1931 2112/1108/1973 2114/1110/1975
f 2115/1111/1931 2114/1110/1975 2116/1112/1976
f 2117/1113/1085 2116/1112/1976 2114/1110/1975
f 2117/1113/1085 2114/1110/1975 2113/1109/1974
f 2118/1114/1977 2117/1113/1085 2113/1109/1974
f 2117/1113/1085 2118/1114/1977 2119/1115/1978
f 2119/1115/1978 2118/1114/1977 2120/1116/1090
f 2121/1117/1979 2120/1116/1090 2118/1114/1977
f 2118/1114/1977 2122/1118/1980 2121/1117/1979
f 2122/1118/1980 2118/1114/1977 2113/1109/1974
f 2122/1118/1980 2123/1119/585 2121/1117/1979
f 2122/1118/1980 2113/1109/1974 2124/1120/1981
f 2113/1109/1974 2109/1105/1970 2124/1120/1981
f 2123/1119/585 2122/1118/1980 2125/1121/1982
f 2124/1120/1981 2125/1121/1982 2122/1118/1980
f 2125/1121/1982 2126/1122/582 2123/1119/585
f 2109/1105/1970 2127/1123/1983 2124/1120/1981
f 2125/1121/1982 2124/1120/1981 2127/1123/1983
f 2127/1123/1983 2109/1105/1970 2076/1072/1940
f 2127/1123/1983 2076/1072/1940 2073/1069/1937
f 2126/1122/582 2125/1121/1982 2128/1124/1984
f 2125/1121/1982 2127/1123/1983 2128/1124/1984
f 2128/1124/1984 2129/1125/578 2126/1122/582
f 2130/1126/1985 2127/1123/1983 2073/1069/1937
f 2128/1124/1984 2127/1123/1983 2130/1126/1985
f 2073/1069/1937 2072/1068/1936 2130/1126/1985
f 2129/1125/578 2128/1124/1984 2131/1127/1986
f 2131/1127/1986 2128/1124/1984 2130/1126/1985
f 2072/1068/1936 2131/1127/1986 2130/1126/1985
f 2129/1125/578 2131/1127/1986 2132/1128/1987
f 2131/1127/1986 2072/1068/1936 2133/1129/1988
f 2132/1128/1987 2131/1127/1986 2133/1129/1988
f 2133/1129/1988 2072/1068/1936 2070/1066/1934
f 2134/1130/1989 2132/1128/1987 2133/1129/1988
f 2135/1131/1990 2133/1129/1988 2070/1066/1934
f 2135/1131/1990 2134/1130/1989 2133/1129/1988
f 2136/1005/1991 2137/1007/1992 2138/1006/1993
f 2139/1008/1994 2136/1005/1991 2138/1006/1993
f 2140/1009/1995 2136/1005/1991 2139/1008/1994
f 2138/1006/1993 2141/1010/1996 2139/1008/1994
f 2141/1010/1996 2138/1006/1993 2142/1011/1997
f 2143/1012/1998 2141/1010/1996 2142/1011/1997
f 2140/1009/1995 2144/1014/1999 2145/1013/2000
f 2140/1009/1995 2146/1015/2001 2144/1014/1999
f 2146/1015/2001 2147/1016/2002 2144/1014/1999
f 2148/1017/2003 2140/1009/1995 2139/1008/1994
f 2148/1017/2003 2146/1015/2001 2140/1009/1995
f 2148/1017/2003 2139/1008/1994 2141/1010/1996
f 2147/1016/2002 2146/1015/2001 2149/1018/2004
f 2147/1016/2002 2149/1018/2004 2150/1019/2005
f 2146/1015/2001 2151/1020/2006 2149/1018/2004
f 2149/1018/2004 2151/1020/2006 2150/1019/2005
f 2146/1015/2001 2152/1021/2007 2151/1020/2006
f 2148/1017/2003 2152/1021/2007 2146/1015/2001
f 2150/1019/2005 2151/1020/2006 2153/1022/2008
f 2152/1021/2007 2153/1022/2008 2151/1020/2006
f 2150/1019/2005 2153/1022/2008 2154/1023/2009
f 2154/1023/2009 2155/1024/2010 2150/1019/2005
f 2154/1023/2009 2156/1025/2011 2155/1024/2010
f 2156/1025/2011 2154/1023/2009 2157/1026/2012
f 2153/1022/2008 2157/1026/2012 2154/1023/2009
f 2157/1026/2012 2158/1027/2013 2156/1025/2011
f 2153/1022/2008 2152/1021/2007 2159/1028/2014
f 2157/1026/2012 2153/1022/2008 2159/1028/2014
f 2158/1027/2013 2157/1026/2012 2160/1029/2015
f 2160/1029/2015 2161/1030/2016 2158/1027/2013
f 2157/1026/2012 2162/1031/2017 2160/1029/2015
f 2160/1029/2015 2162/1031/2017 2161/1030/2016
f 2162/1031/2017 2157/1026/2012 2159/1028/2014
f 2159/1028/2014 2152/1021/2007 2163/1032/2018
f 2159/1028/2014 2163/1032/2018 2162/1031/2017
f 2152/1021/2007 2148/1017/2003 2163/1032/2018
f 2161/1030/2016 2162/1031/2017 2164/1033/2019
f 2161/1030/2016 2164/1033/2019 2165/1034/2020
f 2163/1032/2018 2166/1035/2021 2162/1031/2017
f 2162/1031/2017 2166/1035/2021 2164/1033/2019
f 2166/1035/2021 2165/1034/2020 2164/1033/2019
f 2163/1032/2018 2148/1017/2003 2166/1035/2021
f 2165/1034/2020 2166/1035/2021 2167/1036/2022
f 2168/1037/2023 2165/1034/2020 2167/1036/2022
f 2166/1035/2021 2148/1017/2003 2169/1038/2024
f 2170/1039/2025 2168/1037/2023 2167/1036/2022
f 2171/1040/2026 2168/1037/2023 2170/1039/2025
f 2166/1035/2021 2172/1041/2027 2167/1036/2022
f 2172/1041/2027 2166/1035/2021 2169/1038/2024
f 2167/1036/2022 2173/1042/2028 2170/1039/2025
f 2173/1042/2028 2167/1036/2022 2172/1041/2027
f 2174/1043/2029 2171/1040/2026 2170/1039/2025
f 2175/1044/2030 2170/1039/2025 2173/1042/2028
f 2170/1039/2025 2175/1044/2030 2174/1043/2029
f 2176/1045/2031 2171/1040/2026 2174/1043/2029
f 2177/1046/2032 2171/1040/2026 2176/1045/2031
f 2178/1047/2033 2177/1046/2032 2176/1045/2031
f 2179/1048/2034 2174/1043/2029 2175/1044/2030
f 2176/1045/2031 2174/1043/2029 2179/1048/2034
f 2173/1042/2028 2180/1049/2035 2175/1044/2030
f 2180/1049/2035 2179/1048/2034 2175/1044/2030
f 2176/1045/2031 2181/1050/2036 2178/1047/2033
f 2182/1051/2037 2178/1047/2033 2181/1050/2036
f 2183/1052/2038 2176/1045/2031 2179/1048/2034
f 2176/1045/2031 2183/1052/2038 2181/1050/2036
f 2184/1053/2039 2182/1051/2037 2181/1050/2036
f 2185/1054/2040 2182/1051/2037 2184/1053/2039
f 2186/1055/2041 2181/1050/2036 2183/1052/2038
f 2181/1050/2036 2186/1055/2041 2184/1053/2039
f 2187/1056/2042 2185/1054/2040 2184/1053/2039
f 2187/1056/2042 2188/1057/2043 2185/1054/2040
f 2189/1058/2044 2184/1053/2039 2186/1055/2041
f 2189/1058/2044 2187/1056/2042 2184/1053/2039
f 2188/1057/2043 2187/1056/2042 2190/1059/2045
f 2190/1059/2045 2191/1060/2046 2188/1057/2043
f 2192/1061/2047 2187/1056/2042 2189/1058/2044
f 2187/1056/2042 2192/1061/2047 2190/1059/2045
f 2191/1060/2046 2190/1059/2045 2193/1062/2048
f 2192/1061/2047 2193/1062/2048 2190/1059/2045
f 2194/1063/2049 2191/1060/2046 2193/1062/2048
f 2195/1064/2050 2194/1063/2049 2193/1062/2048
f 2195/1064/2050 2196/1065/415 2194/1063/2049
f 2196/1065/415 2195/1064/2050 2197/1066/2051
f 2195/1064/2050 2193/1062/2048 2198/1067/2052
f 2193/1062/2048 2192/1061/2047 2198/1067/2052
f 2197/1066/2051 2195/1064/2050 2199/1068/2053
f 2199/1068/2053 2195/1064/2050 2198/1067/2052
f 2198/1067/2052 2192/1061/2047 2200/1069/2054
f 2200/1069/2054 2199/1068/2053 2198/1067/2052
f 2192/1061/2047 2189/1058/2044 2201/1070/2055
f 2200/1069/2054 2192/1061/2047 2201/1070/2055
f 2201/1070/2055 2189/1058/2044 2202/1071/2056
f 2189/1058/2044 2186/1055/2041 2202/1071/2056
f 2200/1069/2054 2201/1070/2055 2203/1072/2057
f 2202/1071/2056 2186/1055/2041 2204/1073/2058
f 2186/1055/2041 2183/1052/2038 2204/1073/2058
f 2201/1070/2055 2202/1071/2056 2205/1074/2059
f 2203/1072/2057 2201/1070/2055 2205/1074/2059
f 2205/1074/2059 2202/1071/2056 2206/1075/2060
f 2204/1073/2058 2206/1075/2060 2202/1071/2056
f 2207/1076/2061 2203/1072/2057 2205/1074/2059
f 2205/1074/2059 2206/1075/2060 2207/1076/2061
f 2204/1073/2058 2183/1052/2038 2208/1077/2062
f 2183/1052/2038 2179/1048/2034 2208/1077/2062
f 2206/1075/2060 2204/1073/2058 2209/1078/2063
f 2208/1077/2062 2209/1078/2063 2204/1073/2058
f 2208/1077/2062 2179/1048/2034 2210/1079/2064
f 2179/1048/2034 2180/1049/2035 2210/1079/2064
f 2209/1078/2063 2208/1077/2062 2211/1080/2065
f 2208/1077/2062 2210/1079/2064 2211/1080/2065
f 2209/1078/2063 2212/1081/2066 2206/1075/2060
f 2207/1076/2061 2206/1075/2060 2212/1081/2066
f 2211/1080/2065 2213/1082/2067 2209/1078/2063
f 2212/1081/2066 2209/1078/2063 2213/1082/2067
f 2211/1080/2065 2210/1079/2064 2214/1083/2068
f 2213/1082/2067 2211/1080/2065 2215/1084/2069
f 2214/1083/2068 2215/1084/2069 2211/1080/2065
f 2212/1081/2066 2213/1082/2067 2216/1085/2070
f 2210/1079/2064 2217/1086/2071 2214/1083/2068
f 2217/1086/2071 2210/1079/2064 2180/1049/2035
f 2215/1084/2069 2214/1083/2068 2218/1087/2072
f 2217/1086/2071 2218/1087/2072 2214/1083/2068
f 2213/1082/2067 2215/1084/2069 2219/1088/2073
f 2216/1085/2070 2213/1082/2067 2219/1088/2073
f 2215/1084/2069 2218/1087/2072 2220/1089/2074
f 2219/1088/2073 2215/1084/2069 2220/1089/2074
f 2221/1090/2075 2212/1081/2066 2216/1085/2070
f 2221/1090/2075 2207/1076/2061 2212/1081/2066
f 2216/1085/2070 2219/1088/2073 2222/1091/2076
f 2221/1090/2075 2216/1085/2070 2223/1092/2077
f 2223/1092/2077 2216/1085/2070 2222/1091/2076
f 2207/1076/2061 2221/1090/2075 2224/1102/2078
f 2222/1091/2076 2219/1088/2073 2225/1093/2079
f 2219/1088/2073 2220/1089/2074 2225/1093/2079
f 2226/1094/2033 2223/1092/2077 2222/1091/2076
f 2222/1091/2076 2227/1095/2032 2226/1094/2033
f 2227/1095/2032 2222/1091/2076 2225/1093/2079
f 2223/1092/2077 2226/1094/2033 2228/1096/2080
f 2225/1093/2079 2229/1097/2081 2227/1095/2032
f 2225/1093/2079 2220/1089/2074 2229/1097/2081
f 2227/1095/2032 2229/1097/2081 2230/1098/2082
f 2229/1097/2081 2231/1099/2023 2230/1098/2082
f 2228/1096/2080 2232/1100/2083 2223/1092/2077
f 2232/1100/2083 2221/1090/2075 2223/1092/2077
f 2232/1100/2083 2228/1096/2080 2233/1101/2084
f 2232/1100/2083 2224/1102/2078 2221/1090/2075
f 2233/1101/2084 2234/1103/2085 2232/1100/2083
f 2224/1102/2078 2232/1100/2083 2234/1103/2085
f 2234/1103/2085 2233/1101/2084 2235/1104/2086
f 2234/1103/2085 2236/1106/2087 2224/1102/2078
f 2235/1104/2086 2237/1107/2088 2234/1103/2085
f 2236/1106/2087 2234/1103/2085 2237/1107/2088
f 2237/1107/2088 2235/1104/2086 2238/1108/2089
f 2239/1105/2090 2224/1102/2078 2236/1106/2087
f 2224/1102/2078 2239/1105/2090 2207/1076/2061
f 2203/1072/2057 2207/1076/2061 2239/1105/2090
f 2237/1107/2088 2240/1109/2091 2236/1106/2087
f 2240/1109/2091 2239/1105/2090 2236/1106/2087
f 2241/1110/2092 2237/1107/2088 2238/1108/2089
f 2240/1109/2091 2237/1107/2088 2241/1110/2092
f 2242/1111/2093 2241/1110/2092 2238/1108/2089
f 2243/1112/2094 2241/1110/2092 2242/1111/2093
f 2243/1112/2094 2244/1113/407 2241/1110/2092
f 2244/1113/407 2240/1109/2091 2241/1110/2092
f 2239/1105/2090 2245/1123/2095 2203/1072/2057
f 2245/1123/2095 2200/1069/2054 2203/1072/2057
f 2239/1105/2090 2240/1109/2091 2246/1120/2096
f 2245/1123/2095 2239/1105/2090 2246/1120/2096
f 2247/1114/2097 2240/1109/2091 2244/1113/407
f 2244/1113/407 2248/1115/2098 2247/1114/2097
f 2248/1115/2098 2249/1116/2099 2247/1114/2097
f 2250/1117/2100 2247/1114/2097 2249/1116/2099
f 2251/1118/2101 2240/1109/2091 2247/1114/2097
f 2247/1114/2097 2250/1117/2100 2251/1118/2101
f 2240/1109/2091 2251/1118/2101 2246/1120/2096
f 2251/1118/2101 2250/1117/2100 2252/1119/393
f 2246/1120/2096 2251/1118/2101 2253/1121/2102
f 2252/1119/393 2253/1121/2102 2251/1118/2101
f 2253/1121/2102 2245/1123/2095 2246/1120/2096
f 2253/1121/2102 2252/1119/393 2254/1122/391
f 2254/1122/391 2255/1124/2103 2253/1121/2102
f 2253/1121/2102 2255/1124/2103 2245/1123/2095
f 2254/1122/391 2256/1125/389 2255/1124/2103
f 2255/1124/2103 2257/1126/2104 2245/1123/2095
f 2257/1126/2104 2200/1069/2054 2245/1123/2095
f 2199/1068/2053 2200/1069/2054 2257/1126/2104
f 2256/1125/389 2258/1127/2105 2255/1124/2103
f 2258/1127/2105 2257/1126/2104 2255/1124/2103
f 2258/1127/2105 2199/1068/2053 2257/1126/2104
f 2258/1127/2105 2256/1125/389 2259/1128/2106
f 2199/1068/2053 2258/1127/2105 2260/1129/2107
f 2259/1128/2106 2260/1129/2107 2258/1127/2105
f 2260/1129/2107 2197/1066/2051 2199/1068/2053
f 2261/1130/2108 2260/1129/2107 2259/1128/2106
f 2262/1131/2109 2197/1066/2051 2260/1129/2107
f 2262/1131/2109 2260/1129/2107 2261/1130/2108
f 2263/1132/2110 2264/1133/2111 2265/1134/2112
f 2265/1134/2112 2266/1135/2113 2263/1132/2110
f 2265/1134/2112 2267/1136/2114 2266/1135/2113
f 2266/1135/2113 2268/1137/2115 2263/1132/2110
f 2267/1136/2114 2269/1138/2116 2266/1135/2113
f 2267/1136/2114 2270/1139/2117 2269/1138/2116
f 2266/1135/2113 2271/1140/2118 2268/1137/2115
f 2266/1135/2113 2269/1138/2116 2271/1140/2118
f 2268/1137/2115 2272/1141/2119 2263/1132/2110
f 2273/1142/2120 2263/1132/2110 2272/1141/2119
f 2272/1141/2119 2274/1143/2121 2273/1142/2120
f 2272/1141/2119 2275/1144/2122 2274/1143/2121
f 2268/1137/2115 2275/1144/2122 2272/1141/2119
f 2274/1143/2121 2275/1144/2122 2276/1145/2123
f 2277/1146/2124 2275/1144/2122 2268/1137/2115
f 2277/1146/2124 2276/1145/2123 2275/1144/2122
f 2268/1137/2115 2271/1140/2118 2277/1146/2124
f 2276/1145/2123 2277/1146/2124 2278/1147/2125
f 2277/1146/2124 2279/1148/2126 2278/1147/2125
f 2278/1147/2125 2279/1148/2126 2280/1149/2127
f 2280/1149/2127 2279/1148/2126 2281/1150/2128
f 2271/1140/2118 2282/1151/2129 2277/1146/2124
f 2277/1146/2124 2283/1152/2130 2279/1148/2126
f 2282/1151/2129 2283/1152/2130 2277/1146/2124
f 2279/1148/2126 2284/1153/2131 2281/1150/2128
f 2283/1152/2130 2285/1154/2132 2279/1148/2126
f 2285/1154/2132 2284/1153/2131 2279/1148/2126
f 2286/1155/2133 2281/1150/2128 2284/1153/2131
f 2281/1150/2128 2286/1155/2133 2287/1156/2134
f 2286/1155/2133 2288/1157/2135 2287/1156/2134
f 2289/1158/2136 2286/1155/2133 2284/1153/2131
f 2284/1153/2131 2285/1154/2132 2289/1158/2136
f 2286/1155/2133 2290/1159/2137 2288/1157/2135
f 2286/1155/2133 2289/1158/2136 2290/1159/2137
f 2288/1157/2135 2290/1159/2137 2291/1160/2138
f 2290/1159/2137 2289/1158/2136 2291/1160/2138
f 2288/1157/2135 2291/1160/2138 2292/1161/2139
f 2292/1161/2139 2291/1160/2138 2293/1162/2140
f 2289/1158/2136 2293/1162/2140 2291/1160/2138
f 2289/1158/2136 2294/1163/2141 2293/1162/2140
f 2293/1162/2140 2294/1163/2141 2295/1164/2142
f 2289/1158/2136 2296/1165/2143 2294/1163/2141
f 2285/1154/2132 2296/1165/2143 2289/1158/2136
f 2294/1163/2141 2297/1166/2144 2295/1164/2142
f 2295/1164/2142 2297/1166/2144 2298/1167/2145
f 2297/1166/2144 2299/1168/2146 2298/1167/2145
f 2296/1165/2143 2300/1169/2147 2294/1163/2141
f 2297/1166/2144 2294/1163/2141 2300/1169/2147
f 2285/1154/2132 2301/1170/2148 2296/1165/2143
f 2300/1169/2147 2296/1165/2143 2301/1170/2148
f 2297/1166/2144 2302/1171/2149 2299/1168/2146
f 2302/1171/2149 2303/1172/2150 2299/1168/2146
f 2300/1169/2147 2304/1173/2151 2297/1166/2144
f 2297/1166/2144 2304/1173/2151 2302/1171/2149
f 2302/1171/2149 2305/1174/2152 2303/1172/2150
f 2305/1174/2152 2306/1175/2153 2303/1172/2150
f 2307/1176/2154 2306/1175/2153 2305/1174/2152
f 2306/1175/2153 2307/1176/2154 2308/1177/2155
f 2309/1178/2156 2305/1174/2152 2302/1171/2149
f 2305/1174/2152 2309/1178/2156 2307/1176/2154
f 2309/1178/2156 2308/1177/2155 2307/1176/2154
f 2304/1173/2151 2309/1178/2156 2302/1171/2149
f 2308/1177/2155 2309/1178/2156 2310/1179/2157
f 2300/1169/2147 2311/1180/2158 2304/1173/2151
f 2300/1169/2147 2301/1170/2148 2311/1180/2158
f 2309/1178/2156 2304/1173/2151 2312/1181/2159
f 2311/1180/2158 2312/1181/2159 2304/1173/2151
f 2310/1179/2157 2309/1178/2156 2313/1182/2160
f 2309/1178/2156 2312/1181/2159 2313/1182/2160
f 2314/1183/2161 2310/1179/2157 2313/1182/2160
f 2314/1183/2161 2313/1182/2160 2315/1184/2162
f 2312/1181/2159 2315/1184/2162 2313/1182/2160
f 2315/1184/2162 2316/1185/2163 2314/1183/2161
f 2315/1184/2162 2317/1186/1876 2316/1185/2163
f 2317/1186/1876 2315/1184/2162 2318/1187/1874
f 2315/1184/2162 2312/1181/2159 2319/1188/2164
f 2312/1181/2159 2311/1180/2158 2319/1188/2164
f 2315/1184/2162 2320/1189/2165 2318/1187/1874
f 2320/1189/2165 2315/1184/2162 2319/1188/2164
f 2311/1180/2158 2320/1189/2165 2319/1188/2164
f 2320/1189/2165 2321/1190/2166 2318/1187/1874
f 2311/1180/2158 2322/1191/2167 2320/1189/2165
f 2311/1180/2158 2301/1170/2148 2322/1191/2167
f 2320/1189/2165 2323/1192/2168 2321/1190/2166
f 2320/1189/2165 2322/1191/2167 2323/1192/2168
f 2324/1193/1882 2321/1190/2166 2323/1192/2168
f 2325/1194/2169 2322/1191/2167 2301/1170/2148
f 2325/1194/2169 2301/1170/2148 2285/1154/2132
f 2283/1152/2130 2325/1194/2169 2285/1154/2132
f 2283/1152/2130 2282/1151/2129 2325/1194/2169
f 2323/1192/2168 2326/1195/2170 2324/1193/1882
f 2324/1193/1882 2326/1195/2170 2327/1196/1898
f 2328/1197/2171 2323/1192/2168 2322/1191/2167
f 2328/1197/2171 2326/1195/2170 2323/1192/2168
f 2325/1194/2169 2329/1198/2172 2322/1191/2167
f 2322/1191/2167 2329/1198/2172 2328/1197/2171
f 2330/1199/2173 2325/1194/2169 2282/1151/2129
f 2330/1199/2173 2329/1198/2172 2325/1194/2169
f 2331/1200/2174 2330/1199/2173 2282/1151/2129
f 2331/1200/2174 2282/1151/2129 2271/1140/2118
f 2332/1201/2175 2329/1198/2172 2330/1199/2173
f 2331/1200/2174 2332/1201/2175 2330/1199/2173
f 2269/1138/2116 2331/1200/2174 2271/1140/2118
f 2333/1202/2176 2329/1198/2172 2332/1201/2175
f 2333/1202/2176 2328/1197/2171 2329/1198/2172
f 2334/1203/2177 2332/1201/2175 2331/1200/2174
f 2332/1201/2175 2334/1203/2177 2333/1202/2176
f 2334/1203/2177 2331/1200/2174 2335/1204/2178
f 2335/1204/2178 2331/1200/2174 2269/1138/2116
f 2333/1202/2176 2334/1203/2177 2336/1205/2179
f 2335/1204/2178 2336/1205/2179 2334/1203/2177
f 2328/1197/2171 2333/1202/2176 2337/1206/2180
f 2336/1205/2179 2335/1204/2178 2338/1207/2181
f 2339/1208/2182 2328/1197/2171 2337/1206/2180
f 2336/1205/2179 2340/1209/2183 2333/1202/2176
f 2341/1210/2184 2337/1206/2180 2333/1202/2176
f 2333/1202/2176 2340/1209/2183 2341/1210/2184
f 2341/1210/2184 2339/1208/2182 2337/1206/2180
f 2340/1209/2183 2336/1205/2179 2342/1211/2185
f 2338/1207/2181 2342/1211/2185 2336/1205/2179
f 2340/1209/2183 2343/1212/2186 2341/1210/2184
f 2343/1212/2186 2340/1209/2183 2342/1211/2185
f 2339/1208/2182 2344/1213/2187 2328/1197/2171
f 2326/1195/2170 2328/1197/2171 2344/1213/2187
f 2345/1214/2188 2344/1213/2187 2339/1208/2182
f 2346/1215/2189 2326/1195/2170 2344/1213/2187
f 2344/1213/2187 2345/1214/2188 2346/1215/2189
f 2346/1215/2189 2347/1216/2190 2326/1195/2170
f 2347/1216/2190 2327/1196/1898 2326/1195/2170
f 2327/1196/1898 2347/1216/2190 2348/1217/1902
f 2348/1217/1902 2347/1216/2190 2349/1218/2191
f 2103/1099/1905 2348/1217/1902 2349/1218/2191
f 2103/1099/1905 2349/1218/2191 2101/1097/1963
f 2347/1216/2190 2350/1219/2192 2349/1218/2191
f 2350/1219/2192 2101/1097/1963 2349/1218/2191
f 2350/1219/2192 2347/1216/2190 2346/1215/2189
f 2101/1097/1963 2350/1219/2192 2351/1220/2193
f 2093/1089/1957 2101/1097/1963 2351/1220/2193
f 2351/1220/2193 2091/1087/1955 2093/1089/1957
f 2346/1215/2189 2352/1221/2194 2350/1219/2192
f 2352/1221/2194 2346/1215/2189 2345/1214/2188
f 2350/1219/2192 2353/1222/2195 2351/1220/2193
f 2091/1087/1955 2351/1220/2193 2353/1222/2195
f 2353/1222/2195 2350/1219/2192 2352/1221/2194
f 2091/1087/1955 2353/1222/2195 2090/1086/1954
f 2353/1222/2195 2352/1221/2194 2354/1223/2196
f 2090/1086/1954 2353/1222/2195 2354/1223/2196
f 2352/1221/2194 2345/1214/2188 2355/1224/2197
f 2355/1224/2197 2354/1223/2196 2352/1221/2194
f 2090/1086/1954 2354/1223/2196 2356/1225/2198
f 2053/1049/1917 2090/1086/1954 2356/1225/2198
f 2053/1049/1917 2356/1225/2198 2046/1042/1910
f 2046/1042/1910 2356/1225/2198 2045/1041/1909
f 2357/1226/2199 2356/1225/2198 2354/1223/2196
f 2356/1225/2198 2357/1226/2199 2045/1041/1909
f 2354/1223/2196 2355/1224/2197 2357/1226/2199
f 2045/1041/1909 2357/1226/2199 2042/1038/1906
f 2358/1227/2200 2357/1226/2199 2355/1224/2197
f 2357/1226/2199 2358/1227/2200 2042/1038/1906
f 2359/1228/2201 2355/1224/2197 2345/1214/2188
f 2355/1224/2197 2359/1228/2201 2358/1227/2200
f 2345/1214/2188 2339/1208/2182 2359/1228/2201
f 2341/1210/2184 2359/1228/2201 2339/1208/2182
f 2042/1038/1906 2358/1227/2200 2360/1229/2202
f 2042/1038/1906 2360/1229/2202 2021/1017/1886
f 2014/1010/1879 2021/1017/1886 2360/1229/2202
f 2358/1227/2200 2359/1228/2201 2361/1230/2203
f 2358/1227/2200 2361/1230/2203 2360/1229/2202
f 2359/1228/2201 2341/1210/2184 2361/1230/2203
f 2360/1229/2202 2361/1230/2203 2014/1010/1879
f 2341/1210/2184 2362/1231/2204 2361/1230/2203
f 2361/1230/2203 2362/1231/2204 2014/1010/1879
f 2362/1231/2204 2341/1210/2184 2343/1212/2186
f 2016/1012/1881 2014/1010/1879 2362/1231/2204
f 2343/1212/2186 2016/1012/1881 2362/1231/2204
f 2016/1012/1881 2343/1212/2186 2363/1232/2205
f 2342/1211/2185 2363/1232/2205 2343/1212/2186
f 2363/1232/2205 2364/1233/2206 2016/1012/1881
f 2364/1233/2206 2365/1234/2207 2016/1012/1881
f 2363/1232/2205 2342/1211/2185 2366/1235/2208
f 2365/1234/2207 2364/1233/2206 2367/1236/2209
f 2367/1236/2209 2368/1237/2210 2365/1234/2207
f 2364/1233/2206 2363/1232/2205 2369/1238/2211
f 2366/1235/2208 2369/1238/2211 2363/1232/2205
f 2368/1237/2210 2367/1236/2209 2370/1239/2212
f 2368/1237/2210 2370/1239/2212 2371/1240/2213
f 2372/1241/2214 2367/1236/2209 2364/1233/2206
f 2372/1241/2214 2370/1239/2212 2367/1236/2209
f 2371/1240/2213 2370/1239/2212 2373/1242/2215
f 2373/1242/2215 2370/1239/2212 2372/1241/2214
f 2373/1242/2215 2374/1243/2216 2371/1240/2213
f 2372/1241/2214 2364/1233/2206 2375/1244/2217
f 2375/1244/2217 2364/1233/2206 2369/1238/2211
f 2374/1243/2216 2373/1242/2215 2376/1245/2218
f 2376/1245/2218 2377/1246/2219 2374/1243/2216
f 2373/1242/2215 2372/1241/2214 2378/1247/2220
f 2376/1245/2218 2373/1242/2215 2378/1247/2220
f 2379/1248/2221 2372/1241/2214 2375/1244/2217
f 2378/1247/2220 2372/1241/2214 2379/1248/2221
f 2380/1249/2222 2375/1244/2217 2369/1238/2211
f 2380/1249/2222 2379/1248/2221 2375/1244/2217
f 2380/1249/2222 2369/1238/2211 2381/1250/2223
f 2369/1238/2211 2366/1235/2208 2381/1250/2223
f 2382/1251/2224 2379/1248/2221 2380/1249/2222
f 2366/1235/2208 2383/1252/2225 2381/1250/2223
f 2342/1211/2185 2383/1252/2225 2366/1235/2208
f 2383/1252/2225 2342/1211/2185 2338/1207/2181
f 2380/1249/2222 2381/1250/2223 2384/1253/2226
f 2382/1251/2224 2380/1249/2222 2384/1253/2226
f 2385/1254/2227 2381/1250/2223 2383/1252/2225
f 2384/1253/2226 2381/1250/2223 2385/1254/2227
f 2338/1207/2181 2386/1255/2228 2383/1252/2225
f 2387/1256/2229 2384/1253/2226 2385/1254/2227
f 2382/1251/2224 2384/1253/2226 2387/1256/2229
f 2385/1254/2227 2383/1252/2225 2388/1257/2230
f 2383/1252/2225 2386/1255/2228 2388/1257/2230
f 2387/1256/2229 2385/1254/2227 2389/1258/2231
f 2389/1258/2231 2385/1254/2227 2388/1257/2230
f 2390/1259/2232 2386/1255/2228 2338/1207/2181
f 2335/1204/2178 2390/1259/2232 2338/1207/2181
f 2390/1259/2232 2335/1204/2178 2269/1138/2116
f 2391/1260/2233 2390/1259/2232 2269/1138/2116
f 2391/1260/2233 2269/1138/2116 2270/1139/2117
f 2270/1139/2117 2392/1261/2234 2391/1260/2233
f 2392/1261/2234 2390/1259/2232 2391/1260/2233
f 2392/1261/2234 2270/1139/2117 2393/1262/2235
f 2393/1262/2235 2394/1263/2236 2392/1261/2234
f 2390/1259/2232 2392/1261/2234 2395/1264/2237
f 2394/1263/2236 2395/1264/2237 2392/1261/2234
f 2395/1264/2237 2386/1255/2228 2390/1259/2232
f 2386/1255/2228 2395/1264/2237 2396/1265/2238
f 2396/1265/2238 2395/1264/2237 2394/1263/2236
f 2386/1255/2228 2396/1265/2238 2388/1257/2230
f 2396/1265/2238 2394/1263/2236 2397/1266/2239
f 2397/1266/2239 2394/1263/2236 2398/1267/2235
f 2399/1268/2240 2388/1257/2230 2396/1265/2238
f 2397/1266/2239 2399/1268/2240 2396/1265/2238
f 2388/1257/2230 2399/1268/2240 2389/1258/2231
f 2399/1268/2240 2397/1266/2239 2389/1258/2231
f 2398/1267/2235 2389/1258/2231 2397/1266/2239
f 2398/1267/2235 2400/1269/2241 2389/1258/2231
f 2387/1256/2229 2389/1258/2231 2400/1269/2241
f 2387/1256/2229 2400/1269/2241 2401/1270/2242
f 2382/1251/2224 2387/1256/2229 2401/1270/2242
f 2401/1270/2242 2400/1269/2241 2402/1271/2243
f 2401/1270/2242 2403/1272/2244 2382/1251/2224
f 2404/1273/2245 2401/1270/2242 2402/1271/2243
f 2404/1273/2245 2403/1272/2244 2401/1270/2242
f 2404/1273/2245 2402/1271/2243 2405/1274/2112
f 2406/1275/2246 2404/1273/2245 2405/1274/2112
f 2403/1272/2244 2407/1276/2247 2382/1251/2224
f 2407/1276/2247 2379/1248/2221 2382/1251/2224
f 2407/1276/2247 2378/1247/2220 2379/1248/2221
f 2408/1277/2248 2403/1272/2244 2404/1273/2245
f 2408/1277/2248 2407/1276/2247 2403/1272/2244
f 2409/1278/2249 2404/1273/2245 2406/1275/2246
f 2409/1278/2249 2408/1277/2248 2404/1273/2245
f 2407/1276/2247 2410/1279/2250 2378/1247/2220
f 2410/1279/2250 2376/1245/2218 2378/1247/2220
f 2411/1280/2251 2409/1278/2249 2406/1275/2246
f 2411/1280/2251 2406/1275/2246 2412/1281/2252
f 2413/1282/2253 2376/1245/2218 2410/1279/2250
f 2377/1246/2219 2376/1245/2218 2413/1282/2253
f 2411/1280/2251 2414/1283/2127 2409/1278/2249
f 2409/1278/2249 2414/1283/2127 2408/1277/2248
f 2415/1284/2254 2414/1283/2127 2411/1280/2251
f 2415/1284/2254 2411/1280/2251 2416/1285/2255
f 2412/1281/2252 2416/1285/2255 2411/1280/2251
f 2417/1286/2123 2415/1284/2254 2416/1285/2255
f 2416/1285/2255 2412/1281/2252 2418/1287/2120
f 2419/1288/2256 2417/1286/2123 2416/1285/2255
f 2418/1287/2120 2419/1288/2256 2416/1285/2255
f 2414/1283/2127 2420/1289/2257 2408/1277/2248
f 2414/1283/2127 2421/1290/2128 2420/1289/2257
f 2420/1289/2257 2422/1291/2258 2408/1277/2248
f 2408/1277/2248 2422/1291/2258 2407/1276/2247
f 2422/1291/2258 2410/1279/2250 2407/1276/2247
f 2420/1289/2257 2421/1290/2128 2423/1292/2259
f 2424/1293/2260 2410/1279/2250 2422/1291/2258
f 2424/1293/2260 2413/1282/2253 2410/1279/2250
f 2425/1294/2261 2424/1293/2260 2422/1291/2258
f 2426/1295/2262 2413/1282/2253 2424/1293/2260
f 2427/1296/2263 2425/1294/2261 2422/1291/2258
f 2422/1291/2258 2420/1289/2257 2427/1296/2263
f 2420/1289/2257 2423/1292/2259 2427/1296/2263
f 2427/1296/2263 2428/1297/2140 2425/1294/2261
f 2427/1296/2263 2423/1292/2259 2428/1297/2140
f 2413/1282/2253 2426/1295/2262 2429/1298/2264
f 2413/1282/2253 2429/1298/2264 2377/1246/2219
f 2430/1299/2150 2429/1298/2264 2426/1295/2262
f 2429/1298/2264 2431/1300/2265 2377/1246/2219
f 2429/1298/2264 2430/1299/2150 2432/1301/2266
f 2429/1298/2264 2432/1301/2266 2431/1300/2265
f 2430/1299/2150 2433/1302/2267 2432/1301/2266
f 2434/1303/2268 2431/1300/2265 2432/1301/2266
f 2433/1302/2267 2434/1303/2268 2432/1301/2266
f 2435/1304/2269 2428/1297/2140 2423/1292/2259
f 2435/1304/2269 2423/1292/2259 2421/1290/2128
f 2428/1297/2140 2435/1304/2269 2436/1305/2270
f 2435/1304/2269 2421/1290/2128 2437/1306/2271
f 2438/1307/2272 2436/1305/2270 2435/1304/2269
f 2438/1307/2272 2435/1304/2269 2437/1306/2271
f 2439/1132/2273 2440/1134/2274 2441/1133/2275
f 2440/1134/2274 2439/1132/2273 2442/1135/2276
f 2440/1134/2274 2442/1135/2276 2443/1136/2277
f 2442/1135/2276 2439/1132/2273 2444/1137/2278
f 2443/1136/2277 2442/1135/2276 2445/1138/2279
f 2443/1136/2277 2445/1138/2279 2446/1139/2280
f 2447/1141/2281 2444/1137/2278 2439/1132/2273
f 2447/1141/2281 2439/1132/2273 2448/1142/2282
f 2447/1141/2281 2448/1142/2282 2449/1143/2283
f 2447/1141/2281 2449/1143/2283 2450/1144/2284
f 2444/1137/2278 2447/1141/2281 2450/1144/2284
f 2449/1143/2283 2451/1145/2285 2450/1144/2284
f 2442/1135/2276 2444/1137/2278 2452/1140/2286
f 2442/1135/2276 2452/1140/2286 2445/1138/2279
f 2450/1144/2284 2453/1146/2287 2444/1137/2278
f 2453/1146/2287 2450/1144/2284 2451/1145/2285
f 2444/1137/2278 2453/1146/2287 2452/1140/2286
f 2451/1145/2285 2454/1147/2288 2453/1146/2287
f 2453/1146/2287 2454/1147/2288 2455/1148/2289
f 2454/1147/2288 2456/1149/2290 2455/1148/2289
f 2456/1149/2290 2457/1150/2291 2455/1148/2289
f 2452/1140/2286 2453/1146/2287 2458/1151/2292
f 2453/1146/2287 2455/1148/2289 2459/1152/2293
f 2458/1151/2292 2453/1146/2287 2459/1152/2293
f 2455/1148/2289 2457/1150/2291 2460/1153/2294
f 2461/1200/2295 2452/1140/2286 2458/1151/2292
f 2445/1138/2279 2452/1140/2286 2461/1200/2295
f 2459/1152/2293 2455/1148/2289 2462/1154/2296
f 2462/1154/2296 2455/1148/2289 2460/1153/2294
f 2459/1152/2293 2463/1194/2297 2458/1151/2292
f 2459/1152/2293 2462/1154/2296 2463/1194/2297
f 2457/1150/2291 2464/1155/2298 2460/1153/2294
f 2464/1155/2298 2457/1150/2291 2465/1156/2299
f 2464/1155/2298 2465/1156/2299 2466/1157/2300
f 2464/1155/2298 2467/1158/2301 2460/1153/2294
f 2460/1153/2294 2467/1158/2301 2462/1154/2296
f 2464/1155/2298 2466/1157/2300 2468/1159/2302
f 2467/1158/2301 2464/1155/2298 2468/1159/2302
f 2466/1157/2300 2469/1160/2303 2468/1159/2302
f 2469/1160/2303 2467/1158/2301 2468/1159/2302
f 2466/1157/2300 2470/1161/2304 2469/1160/2303
f 2470/1161/2304 2471/1162/2305 2469/1160/2303
f 2467/1158/2301 2469/1160/2303 2471/1162/2305
f 2467/1158/2301 2471/1162/2305 2472/1163/2306
f 2471/1162/2305 2473/1164/2307 2472/1163/2306
f 2462/1154/2296 2467/1158/2301 2474/1165/2308
f 2467/1158/2301 2472/1163/2306 2474/1165/2308
f 2462/1154/2296 2474/1165/2308 2475/1170/2309
f 2463/1194/2297 2462/1154/2296 2475/1170/2309
f 2474/1165/2308 2472/1163/2306 2476/1169/2310
f 2476/1169/2310 2475/1170/2309 2474/1165/2308
f 2477/1166/2311 2472/1163/2306 2473/1164/2307
f 2472/1163/2306 2477/1166/2311 2476/1169/2310
f 2473/1164/2307 2478/1167/2312 2477/1166/2311
f 2477/1166/2311 2478/1167/2312 2479/1168/2313
f 2477/1166/2311 2479/1168/2313 2480/1171/2314
f 2481/1172/2315 2480/1171/2314 2479/1168/2313
f 2476/1169/2310 2477/1166/2311 2482/1173/2316
f 2477/1166/2311 2480/1171/2314 2482/1173/2316
f 2480/1171/2314 2481/1172/2315 2483/1174/2317
f 2483/1174/2317 2481/1172/2315 2484/1175/2318
f 2485/1176/2319 2483/1174/2317 2484/1175/2318
f 2484/1175/2318 2486/1177/2320 2485/1176/2319
f 2483/1174/2317 2487/1178/2321 2480/1171/2314
f 2487/1178/2321 2483/1174/2317 2485/1176/2319
f 2486/1177/2320 2487/1178/2321 2485/1176/2319
f 2482/1173/2316 2480/1171/2314 2487/1178/2321
f 2487/1178/2321 2486/1177/2320 2488/1179/2322
f 2476/1169/2310 2482/1173/2316 2489/1180/2323
f 2476/1169/2310 2489/1180/2323 2475/1170/2309
f 2487/1178/2321 2490/1181/2324 2482/1173/2316
f 2489/1180/2323 2482/1173/2316 2490/1181/2324
f 2488/1179/2322 2491/1182/2325 2487/1178/2321
f 2487/1178/2321 2491/1182/2325 2490/1181/2324
f 2492/1183/2326 2491/1182/2325 2488/1179/2322
f 2492/1183/2326 2493/1184/2327 2491/1182/2325
f 2493/1184/2327 2490/1181/2324 2491/1182/2325
f 2493/1184/2327 2492/1183/2326 2494/1185/2328
f 2495/1186/2329 2493/1184/2327 2494/1185/2328
f 2493/1184/2327 2495/1186/2329 2496/1187/1991
f 2490/1181/2324 2493/1184/2327 2497/1188/2330
f 2490/1181/2324 2497/1188/2330 2489/1180/2323
f 2498/1189/2331 2493/1184/2327 2496/1187/1991
f 2493/1184/2327 2498/1189/2331 2497/1188/2330
f 2489/1180/2323 2497/1188/2330 2498/1189/2331
f 2498/1189/2331 2496/1187/1991 2499/1190/1995
f 2489/1180/2323 2498/1189/2331 2500/1191/2332
f 2489/1180/2323 2500/1191/2332 2475/1170/2309
f 2498/1189/2331 2499/1190/1995 2501/1192/2333
f 2498/1189/2331 2501/1192/2333 2500/1191/2332
f 2502/1193/2334 2501/1192/2333 2499/1190/1995
f 2463/1194/2297 2475/1170/2309 2500/1191/2332
f 2501/1192/2333 2502/1193/2334 2503/1195/2335
f 2502/1193/2334 2504/1196/2016 2503/1195/2335
f 2505/1197/2336 2500/1191/2332 2501/1192/2333
f 2503/1195/2335 2505/1197/2336 2501/1192/2333
f 2463/1194/2297 2500/1191/2332 2506/1198/2337
f 2500/1191/2332 2505/1197/2336 2506/1198/2337
f 2507/1199/2338 2463/1194/2297 2506/1198/2337
f 2463/1194/2297 2507/1199/2338 2458/1151/2292
f 2507/1199/2338 2461/1200/2295 2458/1151/2292
f 2508/1201/2339 2507/1199/2338 2506/1198/2337
f 2461/1200/2295 2507/1199/2338 2508/1201/2339
f 2509/1202/2340 2508/1201/2339 2506/1198/2337
f 2505/1197/2336 2509/1202/2340 2506/1198/2337
f 2510/1203/2341 2461/1200/2295 2508/1201/2339
f 2508/1201/2339 2509/1202/2340 2510/1203/2341
f 2461/1200/2295 2510/1203/2341 2511/1204/2342
f 2511/1204/2342 2445/1138/2279 2461/1200/2295
f 2510/1203/2341 2509/1202/2340 2512/1205/2343
f 2512/1205/2343 2511/1204/2342 2510/1203/2341
f 2509/1202/2340 2505/1197/2336 2513/1206/2344
f 2512/1205/2343 2514/1207/2345 2511/1204/2342
f 2505/1197/2336 2515/1208/2346 2513/1206/2344
f 2512/1205/2343 2509/1202/2340 2516/1209/2347
f 2517/1210/2348 2509/1202/2340 2513/1206/2344
f 2509/1202/2340 2517/1210/2348 2516/1209/2347
f 2515/1208/2346 2517/1210/2348 2513/1206/2344
f 2512/1205/2343 2516/1209/2347 2518/1211/2349
f 2512/1205/2343 2518/1211/2349 2514/1207/2345
f 2519/1212/2350 2516/1209/2347 2517/1210/2348
f 2516/1209/2347 2519/1212/2350 2518/1211/2349
f 2515/1208/2346 2505/1197/2336 2520/1213/2351
f 2505/1197/2336 2503/1195/2335 2520/1213/2351
f 2520/1213/2351 2521/1214/2352 2515/1208/2346
f 2503/1195/2335 2522/1215/2353 2520/1213/2351
f 2521/1214/2352 2520/1213/2351 2522/1215/2353
f 2522/1215/2353 2503/1195/2335 2523/1216/2354
f 2523/1216/2354 2503/1195/2335 2504/1196/2016
f 2504/1196/2016 2524/1217/2355 2523/1216/2354
f 2524/1217/2355 2525/1218/2356 2523/1216/2354
f 2525/1218/2356 2524/1217/2355 2231/1099/2023
f 2231/1099/2023 2229/1097/2081 2525/1218/2356
f 2525/1218/2356 2526/1219/2357 2523/1216/2354
f 2229/1097/2081 2526/1219/2357 2525/1218/2356
f 2526/1219/2357 2522/1215/2353 2523/1216/2354
f 2526/1219/2357 2229/1097/2081 2527/1220/2358
f 2220/1089/2074 2527/1220/2358 2229/1097/2081
f 2218/1087/2072 2527/1220/2358 2220/1089/2074
f 2528/1221/2359 2522/1215/2353 2526/1219/2357
f 2522/1215/2353 2528/1221/2359 2521/1214/2352
f 2529/1222/2360 2526/1219/2357 2527/1220/2358
f 2527/1220/2358 2218/1087/2072 2529/1222/2360
f 2526/1219/2357 2529/1222/2360 2528/1221/2359
f 2218/1087/2072 2217/1086/2071 2529/1222/2360
f 2529/1222/2360 2530/1223/2361 2528/1221/2359
f 2530/1223/2361 2529/1222/2360 2217/1086/2071
f 2528/1221/2359 2531/1224/2362 2521/1214/2352
f 2531/1224/2362 2528/1221/2359 2530/1223/2361
f 2217/1086/2071 2532/1225/2363 2530/1223/2361
f 2532/1225/2363 2217/1086/2071 2180/1049/2035
f 2180/1049/2035 2173/1042/2028 2532/1225/2363
f 2173/1042/2028 2172/1041/2027 2532/1225/2363
f 2533/1226/2364 2530/1223/2361 2532/1225/2363
f 2532/1225/2363 2172/1041/2027 2533/1226/2364
f 2530/1223/2361 2533/1226/2364 2531/1224/2362
f 2172/1041/2027 2169/1038/2024 2533/1226/2364
f 2534/1227/2365 2531/1224/2362 2533/1226/2364
f 2533/1226/2364 2169/1038/2024 2534/1227/2365
f 2535/1228/2366 2521/1214/2352 2531/1224/2362
f 2531/1224/2362 2534/1227/2365 2535/1228/2366
f 2521/1214/2352 2535/1228/2366 2515/1208/2346
f 2517/1210/2348 2515/1208/2346 2535/1228/2366
f 2169/1038/2024 2536/1229/2367 2534/1227/2365
f 2169/1038/2024 2148/1017/2003 2536/1229/2367
f 2141/1010/1996 2536/1229/2367 2148/1017/2003
f 2537/1230/2368 2535/1228/2366 2534/1227/2365
f 2534/1227/2365 2536/1229/2367 2537/1230/2368
f 2535/1228/2366 2537/1230/2368 2517/1210/2348
f 2141/1010/1996 2537/1230/2368 2536/1229/2367
f 2517/1210/2348 2537/1230/2368 2538/1231/2369
f 2537/1230/2368 2141/1010/1996 2538/1231/2369
f 2538/1231/2369 2519/1212/2350 2517/1210/2348
f 2141/1010/1996 2143/1012/1998 2538/1231/2369
f 2143/1012/1998 2519/1212/2350 2538/1231/2369
f 2519/1212/2350 2143/1012/1998 2539/1232/2370
f 2539/1232/2370 2518/1211/2349 2519/1212/2350
f 2540/1233/2371 2539/1232/2370 2143/1012/1998
f 2541/1234/2372 2540/1233/2371 2143/1012/1998
f 2518/1211/2349 2539/1232/2370 2542/1235/2373
f 2540/1233/2371 2541/1234/2372 2543/1236/2374
f 2543/1236/2374 2541/1234/2372 2544/1237/1993
f 2539/1232/2370 2540/1233/2371 2545/1238/2375
f 2545/1238/2375 2542/1235/2373 2539/1232/2370
f 2543/1236/2374 2544/1237/1993 2546/1239/2376
f 2544/1237/1993 2547/1240/2377 2546/1239/2376
f 2548/1241/2378 2540/1233/2371 2543/1236/2374
f 2548/1241/2378 2543/1236/2374 2546/1239/2376
f 2547/1240/2377 2549/1242/2379 2546/1239/2376
f 2549/1242/2379 2548/1241/2378 2546/1239/2376
f 2550/1243/2380 2549/1242/2379 2547/1240/2377
f 2548/1241/2378 2551/1244/2381 2540/1233/2371
f 2551/1244/2381 2545/1238/2375 2540/1233/2371
f 2549/1242/2379 2550/1243/2380 2552/1245/2382
f 2553/1246/2383 2552/1245/2382 2550/1243/2380
f 2549/1242/2379 2554/1247/2384 2548/1241/2378
f 2552/1245/2382 2554/1247/2384 2549/1242/2379
f 2555/1248/2385 2551/1244/2381 2548/1241/2378
f 2554/1247/2384 2555/1248/2385 2548/1241/2378
f 2556/1249/2386 2545/1238/2375 2551/1244/2381
f 2556/1249/2386 2551/1244/2381 2555/1248/2385
f 2556/1249/2386 2557/1250/2387 2545/1238/2375
f 2542/1235/2373 2545/1238/2375 2557/1250/2387
f 2558/1251/2388 2556/1249/2386 2555/1248/2385
f 2557/1250/2387 2559/1252/2389 2542/1235/2373
f 2559/1252/2389 2518/1211/2349 2542/1235/2373
f 2518/1211/2349 2559/1252/2389 2514/1207/2345
f 2556/1249/2386 2560/1253/2390 2557/1250/2387
f 2558/1251/2388 2560/1253/2390 2556/1249/2386
f 2560/1253/2390 2561/1254/2391 2557/1250/2387
f 2559/1252/2389 2557/1250/2387 2561/1254/2391
f 2558/1251/2388 2562/1256/2392 2560/1253/2390
f 2562/1256/2392 2561/1254/2391 2560/1253/2390
f 2563/1276/2393 2558/1251/2388 2555/1248/2385
f 2563/1276/2393 2555/1248/2385 2554/1247/2384
f 2558/1251/2388 2564/1270/2394 2562/1256/2392
f 2563/1276/2393 2554/1247/2384 2565/1279/2395
f 2565/1279/2395 2554/1247/2384 2552/1245/2382
f 2566/1272/2396 2558/1251/2388 2563/1276/2393
f 2564/1270/2394 2558/1251/2388 2566/1272/2396
f 2567/1282/2397 2565/1279/2395 2552/1245/2382
f 2552/1245/2382 2553/1246/2383 2567/1282/2397
f 2568/1293/2398 2565/1279/2395 2567/1282/2397
f 2567/1282/2397 2553/1246/2383 2569/1298/2399
f 2569/1298/2399 2553/1246/2383 2570/1300/2400
f 2567/1282/2397 2571/1295/2313 2568/1293/2398
f 2571/1295/2313 2567/1282/2397 2569/1298/2399
f 2569/1298/2399 2572/1299/2315 2571/1295/2313
f 2568/1293/2398 2573/1291/2401 2565/1279/2395
f 2573/1291/2401 2563/1276/2393 2565/1279/2395
f 2574/1294/2402 2573/1291/2401 2568/1293/2398
f 2572/1299/2315 2569/1298/2399 2575/1301/2403
f 2570/1300/2400 2575/1301/2403 2569/1298/2399
f 2572/1299/2315 2575/1301/2403 2576/1302/2404
f 2575/1301/2403 2570/1300/2400 2577/1303/2405
f 2576/1302/2404 2575/1301/2403 2577/1303/2405
f 2578/1296/2406 2573/1291/2401 2574/1294/2402
f 2578/1296/2406 2574/1294/2402 2579/1297/2407
f 2580/1277/2408 2563/1276/2393 2573/1291/2401
f 2580/1277/2408 2566/1272/2396 2563/1276/2393
f 2581/1289/2409 2573/1291/2401 2578/1296/2406
f 2573/1291/2401 2581/1289/2409 2580/1277/2408
f 2578/1296/2406 2579/1297/2407 2582/1292/2410
f 2581/1289/2409 2578/1296/2406 2582/1292/2410
f 2579/1297/2407 2583/1304/2411 2582/1292/2410
f 2583/1304/2411 2579/1297/2407 2584/1305/2412
f 2585/1307/2413 2583/1304/2411 2584/1305/2412
f 2585/1307/2413 2586/1306/2414 2583/1304/2411
f 2586/1306/2414 2587/1290/2415 2583/1304/2411
f 2583/1304/2411 2587/1290/2415 2582/1292/2410
f 2581/1289/2409 2582/1292/2410 2587/1290/2415
f 2588/1283/2416 2581/1289/2409 2587/1290/2415
f 2588/1283/2416 2580/1277/2408 2581/1289/2409
f 2589/1278/2417 2580/1277/2408 2588/1283/2416
f 2580/1277/2408 2590/1273/2418 2566/1272/2396
f 2589/1278/2417 2590/1273/2418 2580/1277/2408
f 2590/1273/2418 2564/1270/2394 2566/1272/2396
f 2591/1280/2419 2589/1278/2417 2588/1283/2416
f 2592/1284/2420 2591/1280/2419 2588/1283/2416
f 2589/1278/2417 2593/1275/2421 2590/1273/2418
f 2591/1280/2419 2593/1275/2421 2589/1278/2417
f 2593/1275/2421 2594/1274/2422 2590/1273/2418
f 2590/1273/2418 2594/1274/2422 2595/1271/2423
f 2590/1273/2418 2595/1271/2423 2564/1270/2394
f 2591/1280/2419 2596/1281/2424 2593/1275/2421
f 2564/1270/2394 2595/1271/2423 2597/1269/2425
f 2597/1269/2425 2562/1256/2392 2564/1270/2394
f 2596/1281/2424 2591/1280/2419 2598/1285/2426
f 2592/1284/2420 2598/1285/2426 2591/1280/2419
f 2598/1285/2426 2599/1287/2427 2596/1281/2424
f 2598/1285/2426 2592/1284/2420 2600/1286/2428
f 2599/1287/2427 2598/1285/2426 2601/1288/2429
f 2601/1288/2429 2598/1285/2426 2600/1286/2428
f 2562/1256/2392 2597/1269/2425 2602/1258/2430
f 2562/1256/2392 2602/1258/2430 2561/1254/2391
f 2603/1267/2431 2602/1258/2430 2597/1269/2425
f 2602/1258/2430 2604/1257/2432 2561/1254/2391
f 2561/1254/2391 2604/1257/2432 2559/1252/2389
f 2602/1258/2430 2603/1267/2431 2605/1266/2433
f 2605/1266/2433 2603/1267/2431 2606/1263/2434
f 2607/1268/2435 2602/1258/2430 2605/1266/2433
f 2604/1257/2432 2602/1258/2430 2607/1268/2435
f 2605/1266/2433 2608/1265/2436 2607/1268/2435
f 2608/1265/2436 2604/1257/2432 2607/1268/2435
f 2608/1265/2436 2605/1266/2433 2606/1263/2434
f 2559/1252/2389 2604/1257/2432 2609/1255/2437
f 2608/1265/2436 2609/1255/2437 2604/1257/2432
f 2514/1207/2345 2559/1252/2389 2609/1255/2437
f 2608/1265/2436 2606/1263/2434 2610/1264/2438
f 2610/1264/2438 2609/1255/2437 2608/1265/2436
f 2611/1259/2439 2514/1207/2345 2609/1255/2437
f 2609/1255/2437 2610/1264/2438 2611/1259/2439
f 2511/1204/2342 2514/1207/2345 2611/1259/2439
f 2611/1259/2439 2445/1138/2279 2511/1204/2342
f 2606/1263/2434 2612/1261/2440 2610/1264/2438
f 2612/1261/2440 2611/1259/2439 2610/1264/2438
f 2613/1262/2441 2612/1261/2440 2606/1263/2434
f 2446/1139/2280 2612/1261/2440 2613/1262/2441
f 2614/1260/2442 2445/1138/2279 2611/1259/2439
f 2614/1260/2442 2446/1139/2280 2445/1138/2279
f 2611/1259/2439 2612/1261/2440 2614/1260/2442
f 2612/1261/2440 2446/1139/2280 2614/1260/2442
f 2615/1308/2443 2616/1309/2444 2617/1310/2445
f 2618/1311/2446 2616/1309/2444 2615/1308/2443
f 2619/1312/2447 2615/1308/2443 2617/1310/2445
f 2620/1313/2448 2618/1311/2446 2615/1308/2443
f 2615/1308/2443 2619/1312/2447 2620/1313/2448
f 2618/1311/2446 2620/1313/2448 2621/1314/2449
f 2622/1315/2450 2620/1313/2448 2619/1312/2447
f 2619/1312/2447 2623/1316/2451 2622/1315/2450
f 2624/1317/2452 2621/1314/2449 2620/1313/2448
f 2620/1313/2448 2622/1315/2450 2624/1317/2452
f 2622/1315/2450 2623/1316/2451 2625/1318/2453
f 2625/1318/2453 2623/1316/2451 2626/1319/2454
f 2627/1320/2455 2622/1315/2450 2625/1318/2453
f 2627/1320/2455 2624/1317/2452 2622/1315/2450
f 2625/1318/2453 2626/1319/2454 2628/1321/2456
f 2627/1320/2455 2625/1318/2453 2628/1321/2456
f 2626/1319/2454 2629/1322/2457 2628/1321/2456
f 2621/1314/2449 2624/1317/2452 2630/1323/2458
f 2631/1324/2459 2621/1314/2449 2630/1323/2458
f 2632/1325/2460 2624/1317/2452 2627/1320/2455
f 2632/1325/2460 2630/1323/2458 2624/1317/2452
f 2633/1326/2461 2631/1324/2459 2630/1323/2458
f 2634/1327/2462 2631/1324/2459 2633/1326/2461
f 2635/1328/2463 2630/1323/2458 2632/1325/2460
f 2635/1328/2463 2633/1326/2461 2630/1323/2458
f 2636/1329/2464 2634/1327/2462 2633/1326/2461
f 2637/1330/2465 2634/1327/2462 2636/1329/2464
f 2635/1328/2463 2638/1331/2466 2633/1326/2461
f 2633/1326/2461 2638/1331/2466 2636/1329/2464
f 2636/1329/2464 2639/1332/2467 2637/1330/2465
f 2639/1332/2467 2640/1333/2468 2637/1330/2465
f 2641/1334/2469 2640/1333/2468 2639/1332/2467
f 2636/1329/2464 2641/1334/2469 2639/1332/2467
f 2641/1334/2469 2636/1329/2464 2642/1335/2470
f 2638/1331/2466 2642/1335/2470 2636/1329/2464
f 2638/1331/2466 2643/1336/2471 2642/1335/2470
f 2644/1337/2472 2643/1336/2471 2638/1331/2466
f 2638/1331/2466 2635/1328/2463 2644/1337/2472
f 2645/1338/2473 2643/1336/2471 2644/1337/2472
f 2645/1338/2473 2646/1339/2474 2643/1336/2471
f 2635/1328/2463 2647/1340/2475 2644/1337/2472
f 2647/1340/2475 2645/1338/2473 2644/1337/2472
f 2648/1341/2476 2646/1339/2474 2645/1338/2473
f 2648/1341/2476 2649/1342/2477 2646/1339/2474
f 2645/1338/2473 2647/1340/2475 2650/1343/2478
f 2648/1341/2476 2645/1338/2473 2650/1343/2478
f 2647/1340/2475 2635/1328/2463 2651/1344/2479
f 2651/1344/2479 2635/1328/2463 2632/1325/2460
f 2651/1344/2479 2652/1345/2480 2647/1340/2475
f 2647/1340/2475 2652/1345/2480 2650/1343/2478
f 2632/1325/2460 2653/1346/2481 2651/1344/2479
f 2652/1345/2480 2651/1344/2479 2653/1346/2481
f 2632/1325/2460 2627/1320/2455 2653/1346/2481
f 2650/1343/2478 2652/1345/2480 2654/1347/2482
f 2627/1320/2455 2655/1348/2483 2653/1346/2481
f 2628/1321/2456 2655/1348/2483 2627/1320/2455
f 2656/1349/2484 2648/1341/2476 2650/1343/2478
f 2650/1343/2478 2654/1347/2482 2656/1349/2484
f 2628/1321/2456 2657/1350/2485 2655/1348/2483
f 2655/1348/2483 2657/1350/2485 2653/1346/2481
f 2656/1349/2484 2658/1351/2486 2648/1341/2476
f 2658/1351/2486 2649/1342/2477 2648/1341/2476
f 2656/1349/2484 2654/1347/2482 2659/1352/2487
f 2656/1349/2484 2659/1352/2487 2658/1351/2486
f 2660/1353/2488 2649/1342/2477 2658/1351/2486
f 2649/1342/2477 2660/1353/2488 2661/1354/2489
f 2662/1355/2490 2661/1354/2489 2660/1353/2488
f 2658/1351/2486 2663/1356/2491 2660/1353/2488
f 2663/1356/2491 2662/1355/2490 2660/1353/2488
f 2658/1351/2486 2659/1352/2487 2664/1357/2492
f 2663/1356/2491 2658/1351/2486 2665/1358/2493
f 2664/1357/2492 2665/1358/2493 2658/1351/2486
f 2666/1359/2494 2662/1355/2490 2663/1356/2491
f 2663/1356/2491 2665/1358/2493 2666/1359/2494
f 2666/1359/2494 2667/1360/2495 2662/1355/2490
f 2662/1355/2490 2667/1360/2495 2668/1361/2496
f 2667/1360/2495 2669/1362/2477 2668/1361/2496
f 2670/1363/2497 2669/1362/2477 2667/1360/2495
f 2666/1359/2494 2670/1363/2497 2667/1360/2495
f 2671/1364/2498 2669/1362/2477 2670/1363/2497
f 2672/1365/2499 2666/1359/2494 2665/1358/2493
f 2670/1363/2497 2666/1359/2494 2672/1365/2499
f 2673/1366/2500 2672/1365/2499 2665/1358/2493
f 2664/1357/2492 2673/1366/2500 2665/1358/2493
f 2672/1365/2499 2674/1367/2501 2670/1363/2497
f 2673/1366/2500 2674/1367/2501 2672/1365/2499
f 2670/1363/2497 2675/1368/2502 2671/1364/2498
f 2670/1363/2497 2674/1367/2501 2675/1368/2502
f 2671/1364/2498 2675/1368/2502 2676/1369/2503
f 2677/1370/2504 2671/1364/2498 2676/1369/2503
f 2674/1367/2501 2678/1371/2505 2675/1368/2502
f 2677/1370/2504 2676/1369/2503 2679/1372/2506
f 2679/1372/2506 2680/1373/2507 2677/1370/2504
f 2675/1368/2502 2681/1374/2508 2676/1369/2503
f 2678/1371/2505 2681/1374/2508 2675/1368/2502
f 2682/1375/2509 2680/1373/2507 2679/1372/2506
f 2680/1373/2507 2682/1375/2509 2683/1376/2469
f 2682/1375/2509 2684/1377/2468 2683/1376/2469
f 2679/1372/2506 2685/1378/2510 2682/1375/2509
f 2685/1378/2510 2684/1377/2468 2682/1375/2509
f 2686/1379/2511 2679/1372/2506 2676/1369/2503
f 2685/1378/2510 2679/1372/2506 2686/1379/2511
f 2681/1374/2508 2686/1379/2511 2676/1369/2503
f 2685/1378/2510 2687/1380/2512 2684/1377/2468
f 2687/1380/2512 2685/1378/2510 2686/1379/2511
f 2684/1377/2468 2687/1380/2512 2688/1381/2465
f 2687/1380/2512 2689/1382/2513 2688/1381/2465
f 2689/1382/2513 2687/1380/2512 2690/1383/2514
f 2690/1383/2514 2687/1380/2512 2686/1379/2511
f 2690/1383/2514 2691/1384/2515 2689/1382/2513
f 2692/1385/2516 2690/1383/2514 2686/1379/2511
f 2692/1385/2516 2691/1384/2515 2690/1383/2514
f 2681/1374/2508 2692/1385/2516 2686/1379/2511
f 2692/1385/2516 2693/1386/2517 2691/1384/2515
f 2693/1386/2517 2694/1387/2518 2691/1384/2515
f 2693/1386/2517 2695/1388/2519 2694/1387/2518
f 2693/1386/2517 2696/1389/2520 2695/1388/2519
f 2695/1388/2519 2696/1389/2520 2697/1390/2444
f 2698/1391/1754 2696/1389/2520 2693/1386/2517
f 2692/1385/2516 2698/1391/1754 2693/1386/2517
f 2696/1389/2520 2699/1392/2521 2697/1390/2444
f 2696/1389/2520 2698/1391/1754 2699/1392/2521
f 2699/1392/2521 2700/1393/2522 2697/1390/2444
f 2697/1390/2444 2700/1393/2522 2701/1394/2445
f 2700/1393/2522 2702/1395/2447 2701/1394/2445
f 2703/1396/2523 2700/1393/2522 2699/1392/2521
f 2702/1395/2447 2700/1393/2522 2703/1396/2523
f 2703/1396/2523 2699/1392/2521 2698/1391/1754
f 2702/1395/2447 2703/1396/2523 2704/1397/2524
f 2703/1396/2523 2705/1398/2525 2704/1397/2524
f 2698/1391/1754 2705/1398/2525 2703/1396/2523
f 2705/1398/2525 2706/1399/2526 2704/1397/2524
f 2692/1385/2516 2707/1400/2527 2698/1391/1754
f 2705/1398/2525 2708/1401/2528 2706/1399/2526
f 2709/1402/2529 2705/1398/2525 2698/1391/1754
f 2707/1400/2527 2709/1402/2529 2698/1391/1754
f 2705/1398/2525 2709/1402/2529 2708/1401/2528
f 2707/1400/2527 2692/1385/2516 2710/1403/2530
f 2707/1400/2527 2710/1403/2530 2709/1402/2529
f 2711/1404/2531 2706/1399/2526 2708/1401/2528
f 2706/1399/2526 2711/1404/2531 2712/1405/2457
f 2713/1406/2532 2708/1401/2528 2709/1402/2529
f 2708/1401/2528 2713/1406/2532 2711/1404/2531
f 2714/1407/2533 2712/1405/2457 2711/1404/2531
f 2712/1405/2457 2714/1407/2533 2715/1408/2534
f 2714/1407/2533 2716/1409/2535 2715/1408/2534
f 2714/1407/2533 2711/1404/2531 2717/1410/2536
f 2714/1407/2533 2717/1410/2536 2716/1409/2535
f 2717/1410/2536 2711/1404/2531 2713/1406/2532
f 2716/1409/2535 2717/1410/2536 2718/1411/2537
f 2713/1406/2532 2718/1411/2537 2717/1410/2536
f 2716/1409/2535 2718/1411/2537 2719/1412/2538
f 2718/1411/2537 2720/1413/2539 2719/1412/2538
f 2720/1413/2539 2718/1411/2537 2721/1414/2540
f 2718/1411/2537 2713/1406/2532 2721/1414/2540
f 2721/1414/2540 2722/1415/2541 2720/1413/2539
f 2713/1406/2532 2723/1416/2542 2721/1414/2540
f 2722/1415/2541 2721/1414/2540 2723/1416/2542
f 2723/1416/2542 2713/1406/2532 2724/1417/2543
f 2713/1406/2532 2709/1402/2529 2724/1417/2543
f 2723/1416/2542 2725/1418/2544 2722/1415/2541
f 2722/1415/2541 2725/1418/2544 2726/1419/2545
f 2725/1418/2544 2727/1420/2546 2726/1419/2545
f 2725/1418/2544 2728/1421/2547 2727/1420/2546
f 2725/1418/2544 2729/1422/2548 2728/1421/2547
f 2729/1422/2548 2730/1423/2549 2728/1421/2547
f 2731/1424/2550 2730/1423/2549 2729/1422/2548
f 2725/1418/2544 2723/1416/2542 2732/1425/2551
f 2725/1418/2544 2732/1425/2551 2729/1422/2548
f 2729/1422/2548 2733/1426/2552 2731/1424/2550
f 2732/1425/2551 2733/1426/2552 2729/1422/2548
f 2733/1426/2552 2734/1427/2553 2731/1424/2550
f 2723/1416/2542 2735/1428/2554 2732/1425/2551
f 2735/1428/2554 2723/1416/2542 2724/1417/2543
f 2732/1425/2551 2736/1429/2555 2733/1426/2552
f 2736/1429/2555 2732/1425/2551 2735/1428/2554
f 2733/1426/2552 2737/1430/2556 2734/1427/2553
f 2737/1430/2556 2733/1426/2552 2736/1429/2555
f 2724/1417/2543 2738/1431/2557 2735/1428/2554
f 2738/1431/2557 2736/1429/2555 2735/1428/2554
f 2738/1431/2557 2724/1417/2543 2739/1432/2558
f 2739/1432/2558 2724/1417/2543 2709/1402/2529
f 2710/1403/2530 2739/1432/2558 2709/1402/2529
f 2738/1431/2557 2740/1433/2559 2736/1429/2555
f 2740/1433/2559 2737/1430/2556 2736/1429/2555
f 2739/1432/2558 2741/1434/2560 2738/1431/2557
f 2741/1434/2560 2739/1432/2558 2710/1403/2530
f 2741/1434/2560 2740/1433/2559 2738/1431/2557
f 2741/1434/2560 2710/1403/2530 2742/1435/2561
f 2742/1435/2561 2710/1403/2530 2692/1385/2516
f 2692/1385/2516 2681/1374/2508 2742/1435/2561
f 2743/1436/2562 2742/1435/2561 2681/1374/2508
f 2681/1374/2508 2678/1371/2505 2743/1436/2562
f 2741/1434/2560 2742/1435/2561 2744/1437/2563
f 2745/1438/2564 2742/1435/2561 2743/1436/2562
f 2742/1435/2561 2745/1438/2564 2744/1437/2563
f 2678/1371/2505 2745/1438/2564 2743/1436/2562
f 2746/1439/2565 2741/1434/2560 2744/1437/2563
f 2745/1438/2564 2746/1439/2565 2744/1437/2563
f 2741/1434/2560 2746/1439/2565 2740/1433/2559
f 2745/1438/2564 2678/1371/2505 2747/1440/2566
f 2740/1433/2559 2746/1439/2565 2748/1441/2567
f 2748/1441/2567 2737/1430/2556 2740/1433/2559
f 2749/1442/2568 2746/1439/2565 2745/1438/2564
f 2745/1438/2564 2747/1440/2566 2749/1442/2568
f 2748/1441/2567 2746/1439/2565 2750/1443/2569
f 2750/1443/2569 2746/1439/2565 2749/1442/2568
f 2751/1444/2570 2747/1440/2566 2678/1371/2505
f 2678/1371/2505 2674/1367/2501 2751/1444/2570
f 2673/1366/2500 2751/1444/2570 2674/1367/2501
f 2747/1440/2566 2751/1444/2570 2752/1445/2571
f 2747/1440/2566 2752/1445/2571 2749/1442/2568
f 2751/1444/2570 2673/1366/2500 2753/1446/2572
f 2753/1446/2572 2752/1445/2571 2751/1444/2570
f 2754/1447/2573 2749/1442/2568 2752/1445/2571
f 2752/1445/2571 2753/1446/2572 2754/1447/2573
f 2673/1366/2500 2755/1448/2574 2753/1446/2572
f 2755/1448/2574 2673/1366/2500 2664/1357/2492
f 2753/1446/2572 2756/1449/2575 2754/1447/2573
f 2755/1448/2574 2756/1449/2575 2753/1446/2572
f 2749/1442/2568 2754/1447/2573 2757/1450/2576
f 2757/1450/2576 2750/1443/2569 2749/1442/2568
f 2758/1451/2577 2754/1447/2573 2756/1449/2575
f 2754/1447/2573 2758/1451/2577 2757/1450/2576
f 2756/1449/2575 2755/1448/2574 2759/1452/2578
f 2755/1448/2574 2664/1357/2492 2760/1453/2579
f 2760/1453/2579 2759/1452/2578 2755/1448/2574
f 2664/1357/2492 2659/1352/2487 2760/1453/2579
f 2659/1352/2487 2654/1347/2482 2760/1453/2579
f 2761/1454/2580 2756/1449/2575 2759/1452/2578
f 2756/1449/2575 2761/1454/2580 2758/1451/2577
f 2760/1453/2579 2762/1455/2581 2759/1452/2578
f 2762/1455/2581 2760/1453/2579 2654/1347/2482
f 2759/1452/2578 2763/1456/2582 2761/1454/2580
f 2763/1456/2582 2759/1452/2578 2762/1455/2581
f 2654/1347/2482 2764/1457/2583 2762/1455/2581
f 2764/1457/2583 2763/1456/2582 2762/1455/2581
f 2764/1457/2583 2654/1347/2482 2652/1345/2480
f 2653/1346/2481 2764/1457/2583 2652/1345/2480
f 2763/1456/2582 2765/1458/2584 2761/1454/2580
f 2765/1458/2584 2758/1451/2577 2761/1454/2580
f 2764/1457/2583 2653/1346/2481 2766/1459/2585
f 2758/1451/2577 2765/1458/2584 2767/1460/2586
f 2767/1460/2586 2757/1450/2576 2758/1451/2577
f 2763/1456/2582 2764/1457/2583 2768/1461/2587
f 2768/1461/2587 2764/1457/2583 2766/1459/2585
f 2765/1458/2584 2763/1456/2582 2769/1462/2588
f 2768/1461/2587 2769/1462/2588 2763/1456/2582
f 2770/1463/2589 2767/1460/2586 2765/1458/2584
f 2765/1458/2584 2769/1462/2588 2770/1463/2589
f 2757/1450/2576 2767/1460/2586 2771/1464/2590
f 2750/1443/2569 2757/1450/2576 2771/1464/2590
f 2767/1460/2586 2770/1463/2589 2772/1465/2591
f 2771/1464/2590 2767/1460/2586 2772/1465/2591
f 2770/1463/2589 2769/1462/2588 2773/1466/2592
f 2769/1462/2588 2774/1467/2593 2773/1466/2592
f 2768/1461/2587 2774/1467/2593 2769/1462/2588
f 2773/1466/2592 2774/1467/2593 2775/1468/2594
f 2774/1467/2593 2776/1469/442 2775/1468/2594
f 2776/1469/442 2774/1467/2593 2777/1470/2595
f 2778/1471/2596 2774/1467/2593 2768/1461/2587
f 2778/1471/2596 2777/1470/2595 2774/1467/2593
f 2778/1471/2596 2768/1461/2587 2766/1459/2585
f 2777/1470/2595 2778/1471/2596 2779/1472/2546
f 2780/1473/2597 2778/1471/2596 2766/1459/2585
f 2780/1473/2597 2779/1472/2546 2778/1471/2596
f 2653/1346/2481 2780/1473/2597 2766/1459/2585
f 2779/1472/2546 2780/1473/2597 2781/1474/2598
f 2780/1473/2597 2653/1346/2481 2657/1350/2485
f 2657/1350/2485 2781/1474/2598 2780/1473/2597
f 2781/1474/2598 2657/1350/2485 2782/1475/2599
f 2783/1476/2600 2781/1474/2598 2782/1475/2599
f 2657/1350/2485 2628/1321/2456 2782/1475/2599
f 2784/1477/2601 2783/1476/2600 2782/1475/2599
f 2629/1322/2457 2782/1475/2599 2628/1321/2456
f 2785/1478/2602 2784/1477/2601 2782/1475/2599
f 2782/1475/2599 2629/1322/2457 2785/1478/2602
f 2786/1479/2538 2784/1477/2601 2785/1478/2602
f 2629/1322/2457 2787/1480/2603 2785/1478/2602
f 2786/1479/2538 2785/1478/2602 2788/1481/2604
f 2788/1481/2604 2785/1478/2602 2787/1480/2603
f 2788/1481/2604 2789/1482/2605 2786/1479/2538
f 2787/1480/2603 2789/1482/2605 2788/1481/2604
f 2790/1483/2606 2770/1463/2589 2791/1484/2592
f 2770/1463/2589 2790/1483/2606 2772/1465/2591
f 2792/1485/2607 2790/1483/2606 2791/1484/2592
f 2793/1486/2608 2772/1465/2591 2790/1483/2606
f 2793/1486/2608 2771/1464/2590 2772/1465/2591
f 2790/1483/2606 2792/1485/2607 2794/1487/2609
f 2795/1488/2549 2794/1487/2609 2792/1485/2607
f 2796/1489/2610 2793/1486/2608 2790/1483/2606
f 2796/1489/2610 2790/1483/2606 2794/1487/2609
f 2794/1487/2609 2795/1488/2549 2797/1490/2611
f 2795/1488/2549 2798/1491/2550 2797/1490/2611
f 2799/1492/2612 2797/1490/2611 2798/1491/2550
f 2800/1493/2613 2797/1490/2611 2799/1492/2612
f 2800/1493/2613 2794/1487/2609 2797/1490/2611
f 2801/1494/2614 2800/1493/2613 2799/1492/2612
f 2802/1495/2615 2796/1489/2610 2794/1487/2609
f 2794/1487/2609 2800/1493/2613 2802/1495/2615
f 2803/1496/2616 2796/1489/2610 2802/1495/2615
f 2804/1497/2617 2802/1495/2615 2800/1493/2613
f 2802/1495/2615 2804/1497/2617 2803/1496/2616
f 2796/1489/2610 2803/1496/2616 2805/1498/2618
f 2805/1498/2618 2793/1486/2608 2796/1489/2610
f 2806/1499/2619 2803/1496/2616 2804/1497/2617
f 2806/1499/2619 2805/1498/2618 2803/1496/2616
f 2793/1486/2608 2805/1498/2618 2807/1500/2620
f 2807/1500/2620 2771/1464/2590 2793/1486/2608
f 2808/1501/2621 2805/1498/2618 2806/1499/2619
f 2771/1464/2590 2807/1500/2620 2809/1502/2622
f 2809/1502/2622 2750/1443/2569 2771/1464/2590
f 2809/1502/2622 2748/1441/2567 2750/1443/2569
f 2810/1503/2623 2807/1500/2620 2805/1498/2618
f 2805/1498/2618 2808/1501/2621 2810/1503/2623
f 2811/1504/2624 2809/1502/2622 2807/1500/2620
f 2807/1500/2620 2810/1503/2623 2811/1504/2624
f 2809/1502/2622 2812/1505/2625 2748/1441/2567
f 2811/1504/2624 2812/1505/2625 2809/1502/2622
f 2812/1505/2625 2813/1506/2626 2748/1441/2567
f 2748/1441/2567 2813/1506/2626 2737/1430/2556
f 2812/1505/2625 2811/1504/2624 2814/1507/2627
f 2737/1430/2556 2813/1506/2626 2815/1508/1849
f 2737/1430/2556 2815/1508/1849 2734/1427/2553
f 2815/1508/1849 2816/1509/2628 2734/1427/2553
f 2817/1510/2629 2816/1509/2628 2815/1508/1849
f 2813/1506/2626 2817/1510/2629 2815/1508/1849
f 2817/1510/2629 2818/1511/2630 2816/1509/2628
f 2813/1506/2626 2819/1512/2631 2817/1510/2629
f 2819/1512/2631 2818/1511/2630 2817/1510/2629
f 2812/1505/2625 2819/1512/2631 2813/1506/2626
f 2819/1512/2631 2820/1513/2632 2818/1511/2630
f 2819/1512/2631 2821/1514/2633 2820/1513/2632
f 2812/1505/2625 2822/1515/2634 2819/1512/2631
f 2822/1515/2634 2821/1514/2633 2819/1512/2631
f 2822/1515/2634 2812/1505/2625 2814/1507/2627
f 2823/1516/2635 2821/1514/2633 2822/1515/2634
f 2824/1517/2636 2823/1516/2635 2822/1515/2634
f 2814/1507/2627 2824/1517/2636 2822/1515/2634
f 2824/1517/2636 2825/1518/2637 2823/1516/2635
f 2824/1517/2636 2814/1507/2627 2826/1519/2638
f 2826/1519/2638 2814/1507/2627 2811/1504/2624
f 2827/1520/2639 2825/1518/2637 2824/1517/2636
f 2826/1519/2638 2827/1520/2639 2824/1517/2636
f 2825/1518/2637 2827/1520/2639 2828/1521/2640
f 2827/1520/2639 2829/1522/2641 2828/1521/2640
f 2830/1523/2642 2826/1519/2638 2811/1504/2624
f 2830/1523/2642 2811/1504/2624 2810/1503/2623
f 2827/1520/2639 2826/1519/2638 2831/1524/2643
f 2831/1524/2643 2826/1519/2638 2830/1523/2642
f 2832/1525/2644 2829/1522/2641 2827/1520/2639
f 2833/1526/2645 2829/1522/2641 2832/1525/2644
f 2834/1527/2646 2827/1520/2639 2831/1524/2643
f 2827/1520/2639 2834/1527/2646 2832/1525/2644
f 2832/1525/2644 2835/1528/2647 2833/1526/2645
f 2834/1527/2646 2835/1528/2647 2832/1525/2644
f 2836/1529/2648 2833/1526/2645 2835/1528/2647
f 2837/1530/2649 2834/1527/2646 2831/1524/2643
f 2837/1530/2649 2831/1524/2643 2830/1523/2642
f 2835/1528/2647 2838/1531/2650 2836/1529/2648
f 2839/1532/2651 2836/1529/2648 2838/1531/2650
f 2835/1528/2647 2834/1527/2646 2840/1533/2652
f 2840/1533/2652 2838/1531/2650 2835/1528/2647
f 2838/1531/2650 2841/1534/2653 2839/1532/2651
f 2841/1534/2653 2842/1535/2654 2839/1532/2651
f 2838/1531/2650 2840/1533/2652 2843/1536/2655
f 2843/1536/2655 2841/1534/2653 2838/1531/2650
f 2840/1533/2652 2834/1527/2646 2844/1537/2656
f 2834/1527/2646 2837/1530/2649 2844/1537/2656
f 2843/1536/2655 2840/1533/2652 2845/1538/2657
f 2845/1538/2657 2840/1533/2652 2844/1537/2656
f 2846/1539/2658 2842/1535/2654 2841/1534/2653
f 2846/1539/2658 2847/1540/2659 2842/1535/2654
f 2841/1534/2653 2843/1536/2655 2848/1541/2660
f 2846/1539/2658 2841/1534/2653 2848/1541/2660
f 2849/1542/2661 2847/1540/2659 2846/1539/2658
f 2849/1542/2661 2850/1543/2662 2847/1540/2659
f 2846/1539/2658 2848/1541/2660 2851/1544/2663
f 2850/1543/2662 2849/1542/2661 2852/1545/2664
f 2852/1545/2664 2853/1546/2665 2850/1543/2662
f 2853/1546/2665 2852/1545/2664 2854/1547/2666
f 2855/1548/2667 2849/1542/2661 2846/1539/2658
f 2855/1548/2667 2846/1539/2658 2851/1544/2663
f 2852/1545/2664 2849/1542/2661 2856/1549/2668
f 2855/1548/2667 2856/1549/2668 2849/1542/2661
f 2854/1547/2666 2852/1545/2664 2857/1550/2669
f 2857/1550/2669 2852/1545/2664 2856/1549/2668
f 2857/1550/2669 2858/1551/550 2854/1547/2666
f 2857/1550/2669 2859/1552/2670 2858/1551/550
f 2860/1553/2671 2857/1550/2669 2856/1549/2668
f 2859/1552/2670 2857/1550/2669 2860/1553/2671
f 2856/1549/2668 2855/1548/2667 2861/1554/2672
f 2860/1553/2671 2856/1549/2668 2861/1554/2672
f 2862/1555/2673 2859/1552/2670 2860/1553/2671
f 2859/1552/2670 2862/1555/2673 2863/1556/2674
f 2862/1555/2673 2864/1557/543 2863/1556/2674
f 2865/1558/2675 2860/1553/2671 2861/1554/2672
f 2860/1553/2671 2865/1558/2675 2862/1555/2673
f 2865/1558/2675 2861/1554/2672 2855/1548/2667
f 2864/1557/543 2862/1555/2673 2866/1559/2676
f 2865/1558/2675 2866/1559/2676 2862/1555/2673
f 2867/1560/2677 2864/1557/543 2866/1559/2676
f 2864/1557/543 2867/1560/2677 2868/1561/540
f 2866/1559/2676 2865/1558/2675 2869/1562/2678
f 2869/1562/2678 2867/1560/2677 2866/1559/2676
f 2855/1548/2667 2870/1563/2679 2865/1558/2675
f 2870/1563/2679 2869/1562/2678 2865/1558/2675
f 2851/1544/2663 2870/1563/2679 2855/1548/2667
f 2867/1560/2677 2869/1562/2678 2871/1564/2680
f 2870/1563/2679 2851/1544/2663 2872/1565/2681
f 2848/1541/2660 2872/1565/2681 2851/1544/2663
f 2869/1562/2678 2870/1563/2679 2873/1566/2682
f 2872/1565/2681 2873/1566/2682 2870/1563/2679
f 2873/1566/2682 2871/1564/2680 2869/1562/2678
f 2872/1565/2681 2848/1541/2660 2874/1567/2683
f 2848/1541/2660 2843/1536/2655 2874/1567/2683
f 2873/1566/2682 2872/1565/2681 2875/1568/2684
f 2874/1567/2683 2875/1568/2684 2872/1565/2681
f 2871/1564/2680 2873/1566/2682 2876/1569/2685
f 2875/1568/2684 2876/1569/2685 2873/1566/2682
f 2877/1570/2686 2874/1567/2683 2843/1536/2655
f 2877/1570/2686 2843/1536/2655 2845/1538/2657
f 2875/1568/2684 2874/1567/2683 2878/1571/2687
f 2877/1570/2686 2878/1571/2687 2874/1567/2683
f 2876/1569/2685 2875/1568/2684 2879/1572/2688
f 2878/1571/2687 2879/1572/2688 2875/1568/2684
f 2845/1538/2657 2880/1573/2689 2877/1570/2686
f 2878/1571/2687 2877/1570/2686 2880/1573/2689
f 2880/1573/2689 2845/1538/2657 2881/1574/2690
f 2844/1537/2656 2881/1574/2690 2845/1538/2657
f 2880/1573/2689 2882/1575/2691 2878/1571/2687
f 2879/1572/2688 2878/1571/2687 2882/1575/2691
f 2881/1574/2690 2883/1576/2692 2880/1573/2689
f 2882/1575/2691 2880/1573/2689 2883/1576/2692
f 2881/1574/2690 2844/1537/2656 2884/1577/2693
f 2837/1530/2649 2884/1577/2693 2844/1537/2656
f 2883/1576/2692 2881/1574/2690 2885/1578/2694
f 2884/1577/2693 2885/1578/2694 2881/1574/2690
f 2884/1577/2693 2837/1530/2649 2886/1579/2695
f 2830/1523/2642 2886/1579/2695 2837/1530/2649
f 2885/1578/2694 2884/1577/2693 2887/1580/2696
f 2886/1579/2695 2887/1580/2696 2884/1577/2693
f 2886/1579/2695 2830/1523/2642 2888/1581/2697
f 2888/1581/2697 2830/1523/2642 2810/1503/2623
f 2888/1581/2697 2810/1503/2623 2808/1501/2621
f 2888/1581/2697 2889/1582/2698 2886/1579/2695
f 2887/1580/2696 2886/1579/2695 2889/1582/2698
f 2808/1501/2621 2890/1583/2699 2888/1581/2697
f 2889/1582/2698 2888/1581/2697 2890/1583/2699
f 2808/1501/2621 2891/1584/2700 2890/1583/2699
f 2891/1584/2700 2808/1501/2621 2806/1499/2619
f 2890/1583/2699 2892/1585/2701 2889/1582/2698
f 2892/1585/2701 2890/1583/2699 2891/1584/2700
f 2892/1585/2701 2887/1580/2696 2889/1582/2698
f 2891/1584/2700 2806/1499/2619 2893/1586/2702
f 2804/1497/2617 2893/1586/2702 2806/1499/2619
f 2892/1585/2701 2891/1584/2700 2894/1587/2703
f 2893/1586/2702 2804/1497/2617 2895/1588/2704
f 2800/1493/2613 2895/1588/2704 2804/1497/2617
f 2896/1589/2705 2891/1584/2700 2893/1586/2702
f 2894/1587/2703 2891/1584/2700 2896/1589/2705
f 2896/1589/2705 2893/1586/2702 2897/1590/2706
f 2894/1587/2703 2896/1589/2705 2898/1591/2707
f 2898/1591/2707 2896/1589/2705 2897/1590/2706
f 2897/1590/2706 2893/1586/2702 2899/1592/2708
f 2895/1588/2704 2899/1592/2708 2893/1586/2702
f 2897/1590/2706 2899/1592/2708 2900/1593/2709
f 2898/1591/2707 2897/1590/2706 2900/1593/2709
f 2899/1592/2708 2901/1594/2710 2900/1593/2709
f 2899/1592/2708 2895/1588/2704 2901/1594/2710
f 2902/1595/2711 2898/1591/2707 2900/1593/2709
f 2895/1588/2704 2903/1596/2712 2901/1594/2710
f 2902/1595/2711 2904/1597/2713 2898/1591/2707
f 2905/1598/2714 2903/1596/2712 2895/1588/2704
f 2905/1598/2714 2895/1588/2704 2800/1493/2613
f 2905/1598/2714 2906/1599/2632 2903/1596/2712
f 2904/1597/2713 2902/1595/2711 2907/1600/2715
f 2905/1598/2714 2908/1601/2716 2906/1599/2632
f 2800/1493/2613 2908/1601/2716 2905/1598/2714
f 2909/1602/2717 2906/1599/2632 2908/1601/2716
f 2800/1493/2613 2801/1494/2614 2908/1601/2716
f 2908/1601/2716 2910/1603/2718 2909/1602/2717
f 2910/1603/2718 2911/1604/2719 2909/1602/2717
f 2908/1601/2716 2912/1605/2720 2910/1603/2718
f 2912/1605/2720 2911/1604/2719 2910/1603/2718
f 2912/1605/2720 2908/1601/2716 2801/1494/2614
f 2913/1606/2721 2911/1604/2719 2912/1605/2720
f 2801/1494/2614 2913/1606/2721 2912/1605/2720
f 2914/1607/2717 2911/1604/2719 2913/1606/2721
f 2913/1606/2721 2801/1494/2614 2915/1608/2722
f 2913/1606/2721 2916/1609/2723 2914/1607/2717
f 2916/1609/2723 2913/1606/2721 2915/1608/2722
f 2907/1600/2715 2917/1610/2724 2904/1597/2713
f 2918/1611/2645 2917/1610/2724 2907/1600/2715
f 2918/1611/2645 2919/1612/2725 2917/1610/2724
f 2918/1611/2645 2920/1613/2726 2919/1612/2725
f 2921/1614/2727 2904/1597/2713 2917/1610/2724
f 2920/1613/2726 2922/1615/2728 2919/1612/2725
f 2920/1613/2726 2923/1616/2729 2922/1615/2728
f 2917/1610/2724 2919/1612/2725 2924/1617/2730
f 2917/1610/2724 2924/1617/2730 2921/1614/2727
f 2919/1612/2725 2922/1615/2728 2925/1618/2731
f 2919/1612/2725 2925/1618/2731 2924/1617/2730
f 2926/1619/2732 2922/1615/2728 2923/1616/2729
f 2926/1619/2732 2925/1618/2731 2922/1615/2728
f 2923/1616/2729 2927/1620/2733 2926/1619/2732
f 2925/1618/2731 2928/1621/2734 2924/1617/2730
f 2929/1622/2735 2926/1619/2732 2927/1620/2733
f 2930/1623/2736 2929/1622/2735 2927/1620/2733
f 2925/1618/2731 2926/1619/2732 2931/1624/2737
f 2932/1625/2738 2929/1622/2735 2930/1623/2736
f 2930/1623/2736 2933/1626/2739 2932/1625/2738
f 2934/1627/515 2932/1625/2738 2933/1626/2739
f 2932/1625/2738 2934/1627/515 2935/1628/2740
f 2936/1629/2741 2929/1622/2735 2932/1625/2738
f 2935/1628/2740 2936/1629/2741 2932/1625/2738
f 2926/1619/2732 2929/1622/2735 2937/1630/2742
f 2936/1629/2741 2937/1630/2742 2929/1622/2735
f 2926/1619/2732 2937/1630/2742 2931/1624/2737
f 2938/1631/2743 2936/1629/2741 2935/1628/2740
f 2935/1628/2740 2939/1632/2744 2938/1631/2743
f 2938/1631/2743 2940/1633/2745 2936/1629/2741
f 2937/1630/2742 2936/1629/2741 2940/1633/2745
f 2939/1632/2744 2941/1634/2746 2938/1631/2743
f 2940/1633/2745 2938/1631/2743 2941/1634/2746
f 2941/1634/2746 2939/1632/2744 2942/1635/2747
f 2943/1636/528 2941/1634/2746 2942/1635/2747
f 2944/1637/2748 2940/1633/2745 2941/1634/2746
f 2941/1634/2746 2943/1636/528 2944/1637/2748
f 2945/1638/2749 2937/1630/2742 2940/1633/2745
f 2940/1633/2745 2944/1637/2748 2945/1638/2749
f 2937/1630/2742 2945/1638/2749 2946/1639/2750
f 2931/1624/2737 2937/1630/2742 2946/1639/2750
f 2943/1636/528 2947/1640/2751 2944/1637/2748
f 2948/1641/2752 2947/1640/2751 2943/1636/528
f 2948/1641/2752 2949/1642/537 2947/1640/2751
f 2944/1637/2748 2950/1643/2753 2945/1638/2749
f 2947/1640/2751 2950/1643/2753 2944/1637/2748
f 2949/1642/537 2951/1644/2754 2947/1640/2751
f 2947/1640/2751 2951/1644/2754 2950/1643/2753
f 2949/1642/537 2868/1561/540 2951/1644/2754
f 2868/1561/540 2867/1560/2677 2951/1644/2754
f 2867/1560/2677 2952/1645/2755 2951/1644/2754
f 2951/1644/2754 2952/1645/2755 2950/1643/2753
f 2952/1645/2755 2867/1560/2677 2871/1564/2680
f 2876/1569/2685 2952/1645/2755 2871/1564/2680
f 2953/1646/2756 2945/1638/2749 2950/1643/2753
f 2952/1645/2755 2953/1646/2756 2950/1643/2753
f 2945/1638/2749 2953/1646/2756 2946/1639/2750
f 2952/1645/2755 2876/1569/2685 2954/1647/2757
f 2953/1646/2756 2952/1645/2755 2954/1647/2757
f 2879/1572/2688 2954/1647/2757 2876/1569/2685
f 2953/1646/2756 2955/1648/2758 2946/1639/2750
f 2953/1646/2756 2954/1647/2757 2955/1648/2758
f 2954/1647/2757 2879/1572/2688 2955/1648/2758
f 2946/1639/2750 2955/1648/2758 2931/1624/2737
f 2882/1575/2691 2955/1648/2758 2879/1572/2688
f 2955/1648/2758 2956/1649/2759 2931/1624/2737
f 2955/1648/2758 2882/1575/2691 2956/1649/2759
f 2931/1624/2737 2956/1649/2759 2925/1618/2731
f 2883/1576/2692 2956/1649/2759 2882/1575/2691
f 2956/1649/2759 2928/1621/2734 2925/1618/2731
f 2956/1649/2759 2883/1576/2692 2928/1621/2734
f 2883/1576/2692 2885/1578/2694 2928/1621/2734
f 2928/1621/2734 2885/1578/2694 2957/1650/2760
f 2928/1621/2734 2957/1650/2760 2924/1617/2730
f 2887/1580/2696 2957/1650/2760 2885/1578/2694
f 2921/1614/2727 2924/1617/2730 2957/1650/2760
f 2957/1650/2760 2887/1580/2696 2958/1651/2761
f 2957/1650/2760 2958/1651/2761 2921/1614/2727
f 2887/1580/2696 2892/1585/2701 2958/1651/2761
f 2921/1614/2727 2958/1651/2761 2959/1652/2762
f 2958/1651/2761 2892/1585/2701 2959/1652/2762
f 2904/1597/2713 2921/1614/2727 2959/1652/2762
f 2959/1652/2762 2892/1585/2701 2894/1587/2703
f 2959/1652/2762 2898/1591/2707 2904/1597/2713
f 2898/1591/2707 2959/1652/2762 2894/1587/2703
f 2960/1308/2763 2961/1310/2764 2962/1309/2765
f 2963/1311/2766 2960/1308/2763 2962/1309/2765
f 2960/1308/2763 2964/1312/2767 2961/1310/2764
f 2963/1311/2766 2965/1313/2768 2960/1308/2763
f 2964/1312/2767 2960/1308/2763 2965/1313/2768
f 2965/1313/2768 2963/1311/2766 2966/1314/2769
f 2965/1313/2768 2967/1315/2770 2964/1312/2767
f 2964/1312/2767 2967/1315/2770 2968/1316/2771
f 2966/1314/2769 2969/1317/2772 2965/1313/2768
f 2967/1315/2770 2965/1313/2768 2969/1317/2772
f 2967/1315/2770 2970/1318/2773 2968/1316/2771
f 2970/1318/2773 2971/1319/2774 2968/1316/2771
f 2972/1320/2775 2970/1318/2773 2967/1315/2770
f 2972/1320/2775 2967/1315/2770 2969/1317/2772
f 2970/1318/2773 2973/1321/2776 2971/1319/2774
f 2972/1320/2775 2973/1321/2776 2970/1318/2773
f 2971/1319/2774 2973/1321/2776 2974/1322/2777
f 2969/1317/2772 2966/1314/2769 2975/1323/2778
f 2976/1324/2779 2975/1323/2778 2966/1314/2769
f 2977/1325/2780 2972/1320/2775 2969/1317/2772
f 2977/1325/2780 2969/1317/2772 2975/1323/2778
f 2978/1326/2781 2975/1323/2778 2976/1324/2779
f 2979/1327/2782 2978/1326/2781 2976/1324/2779
f 2980/1328/2783 2977/1325/2780 2975/1323/2778
f 2980/1328/2783 2975/1323/2778 2978/1326/2781
f 2981/1329/2784 2978/1326/2781 2979/1327/2782
f 2982/1330/2785 2981/1329/2784 2979/1327/2782
f 2983/1331/2786 2980/1328/2783 2978/1326/2781
f 2978/1326/2781 2981/1329/2784 2983/1331/2786
f 2981/1329/2784 2982/1330/2785 2984/1332/2787
f 2984/1332/2787 2982/1330/2785 2985/1333/2788
f 2986/1334/2789 2984/1332/2787 2985/1333/2788
f 2986/1334/2789 2981/1329/2784 2984/1332/2787
f 2981/1329/2784 2986/1334/2789 2987/1335/2790
f 2983/1331/2786 2981/1329/2784 2987/1335/2790
f 2983/1331/2786 2987/1335/2790 2988/1336/2791
f 2989/1337/2792 2983/1331/2786 2988/1336/2791
f 2983/1331/2786 2989/1337/2792 2980/1328/2783
f 2990/1338/2793 2989/1337/2792 2988/1336/2791
f 2990/1338/2793 2988/1336/2791 2991/1339/2794
f 2992/1340/2795 2980/1328/2783 2989/1337/2792
f 2992/1340/2795 2989/1337/2792 2990/1338/2793
f 2980/1328/2783 2992/1340/2795 2993/1344/2479
f 2993/1344/2479 2977/1325/2780 2980/1328/2783
f 2994/1341/2796 2990/1338/2793 2991/1339/2794
f 2994/1341/2796 2991/1339/2794 2995/1342/2797
f 2990/1338/2793 2996/1343/2798 2992/1340/2795
f 2994/1341/2796 2996/1343/2798 2990/1338/2793
f 2997/1345/2799 2993/1344/2479 2992/1340/2795
f 2992/1340/2795 2996/1343/2798 2997/1345/2799
f 2977/1325/2780 2993/1344/2479 2998/1346/2800
f 2993/1344/2479 2997/1345/2799 2998/1346/2800
f 2977/1325/2780 2998/1346/2800 2972/1320/2775
f 2996/1343/2798 2999/1347/2801 2997/1345/2799
f 2972/1320/2775 2998/1346/2800 3000/1348/2802
f 2973/1321/2776 2972/1320/2775 3000/1348/2802
f 3001/1349/2803 2996/1343/2798 2994/1341/2796
f 2996/1343/2798 3001/1349/2803 2999/1347/2801
f 3002/1350/2804 2973/1321/2776 3000/1348/2802
f 3000/1348/2802 2998/1346/2800 3002/1350/2804
f 3001/1349/2803 2994/1341/2796 3003/1351/2805
f 3003/1351/2805 2994/1341/2796 2995/1342/2797
f 3004/1352/2806 2999/1347/2801 3001/1349/2803
f 3001/1349/2803 3003/1351/2805 3004/1352/2806
f 3005/1353/2807 3003/1351/2805 2995/1342/2797
f 2995/1342/2797 3006/1354/2808 3005/1353/2807
f 3007/1355/2809 3005/1353/2807 3006/1354/2808
f 3008/1356/2810 3003/1351/2805 3005/1353/2807
f 3008/1356/2810 3005/1353/2807 3007/1355/2809
f 3003/1351/2805 3009/1357/2811 3004/1352/2806
f 3003/1351/2805 3008/1356/2810 3010/1358/2812
f 3009/1357/2811 3003/1351/2805 3010/1358/2812
f 3011/1359/2813 3008/1356/2810 3007/1355/2809
f 3008/1356/2810 3011/1359/2813 3010/1358/2812
f 3011/1359/2813 3007/1355/2809 3012/1360/2814
f 3007/1355/2809 3013/1361/2808 3012/1360/2814
f 3012/1360/2814 3013/1361/2808 3014/1362/2815
f 3015/1363/2816 3012/1360/2814 3014/1362/2815
f 3015/1363/2816 3011/1359/2813 3012/1360/2814
f 3016/1364/2817 3015/1363/2816 3014/1362/2815
f 3011/1359/2813 3017/1365/2818 3010/1358/2812
f 3011/1359/2813 3015/1363/2816 3017/1365/2818
f 3018/1366/2819 3010/1358/2812 3017/1365/2818
f 3009/1357/2811 3010/1358/2812 3018/1366/2819
f 3017/1365/2818 3015/1363/2816 3019/1367/2820
f 3018/1366/2819 3017/1365/2818 3019/1367/2820
f 3015/1363/2816 3016/1364/2817 3020/1368/2821
f 3015/1363/2816 3020/1368/2821 3019/1367/2820
f 3016/1364/2817 3021/1369/2822 3020/1368/2821
f 3022/1370/2823 3021/1369/2822 3016/1364/2817
f 3023/1371/2824 3019/1367/2820 3020/1368/2821
f 3021/1369/2822 3022/1370/2823 3024/1372/2825
f 3024/1372/2825 3022/1370/2823 3025/1373/2826
f 3020/1368/2821 3021/1369/2822 3026/1374/2827
f 3026/1374/2827 3023/1371/2824 3020/1368/2821
f 3027/1379/2828 3021/1369/2822 3024/1372/2825
f 3026/1374/2827 3021/1369/2822 3027/1379/2828
f 3025/1373/2826 3028/1375/2829 3024/1372/2825
f 3028/1375/2829 3025/1373/2826 3029/1376/2830
f 3028/1375/2829 3029/1376/2830 3030/1377/2831
f 3031/1378/2832 3024/1372/2825 3028/1375/2829
f 3031/1378/2832 3028/1375/2829 3030/1377/2831
f 3024/1372/2825 3031/1378/2832 3027/1379/2828
f 3031/1378/2832 3030/1377/2831 3032/1380/2833
f 3032/1380/2833 3027/1379/2828 3031/1378/2832
f 3030/1377/2831 3033/1381/2834 3032/1380/2833
f 3034/1382/2782 3032/1380/2833 3033/1381/2834
f 3032/1380/2833 3034/1382/2782 3035/1383/2835
f 3027/1379/2828 3032/1380/2833 3035/1383/2835
f 3035/1383/2835 3034/1382/2782 3036/1384/2836
f 3037/1385/2837 3027/1379/2828 3035/1383/2835
f 3037/1385/2837 3035/1383/2835 3036/1384/2836
f 3026/1374/2827 3027/1379/2828 3037/1385/2837
f 3037/1385/2837 3036/1384/2836 3038/1386/2838
f 3038/1386/2838 3036/1384/2836 3039/1387/2769
f 3040/1388/2839 3038/1386/2838 3039/1387/2769
f 3041/1389/2840 3038/1386/2838 3040/1388/2839
f 3040/1388/2839 3042/1390/2765 3041/1389/2840
f 3041/1389/2840 3043/1391/1379 3038/1386/2838
f 3037/1385/2837 3038/1386/2838 3043/1391/1379
f 3041/1389/2840 3042/1390/2765 3044/1392/2841
f 3043/1391/1379 3041/1389/2840 3044/1392/2841
f 3044/1392/2841 3042/1390/2765 3045/1393/2842
f 3042/1390/2765 3046/1394/2843 3045/1393/2842
f 3047/1395/2844 3045/1393/2842 3046/1394/2843
f 3045/1393/2842 3048/1396/2845 3044/1392/2841
f 3045/1393/2842 3047/1395/2844 3048/1396/2845
f 3043/1391/1379 3044/1392/2841 3048/1396/2845
f 3047/1395/2844 3049/1397/2846 3048/1396/2845
f 3048/1396/2845 3049/1397/2846 3050/1398/2847
f 3043/1391/1379 3048/1396/2845 3050/1398/2847
f 3050/1398/2847 3049/1397/2846 3051/1399/2848
f 3037/1385/2837 3043/1391/1379 3052/1400/2849
f 3050/1398/2847 3051/1399/2848 3053/1401/2850
f 3054/1402/2851 3043/1391/1379 3050/1398/2847
f 3052/1400/2849 3043/1391/1379 3054/1402/2851
f 3050/1398/2847 3053/1401/2850 3054/1402/2851
f 3055/1403/2852 3037/1385/2837 3052/1400/2849
f 3052/1400/2849 3054/1402/2851 3055/1403/2852
f 3051/1399/2848 3056/1404/2853 3053/1401/2850
f 3056/1404/2853 3051/1399/2848 3057/1405/2854
f 3053/1401/2850 3058/1406/2855 3054/1402/2851
f 3058/1406/2855 3053/1401/2850 3056/1404/2853
f 3057/1405/2854 3059/1407/2856 3056/1404/2853
f 3059/1407/2856 3057/1405/2854 3060/1408/2857
f 3059/1407/2856 3060/1408/2857 3061/1409/2858
f 3056/1404/2853 3059/1407/2856 3062/1410/2859
f 3059/1407/2856 3061/1409/2858 3062/1410/2859
f 3062/1410/2859 3058/1406/2855 3056/1404/2853
f 3061/1409/2858 3063/1411/2860 3062/1410/2859
f 3063/1411/2860 3058/1406/2855 3062/1410/2859
f 3061/1409/2858 3064/1412/2861 3063/1411/2860
f 3065/1413/2862 3063/1411/2860 3064/1412/2861
f 3063/1411/2860 3065/1413/2862 3066/1414/2863
f 3058/1406/2855 3063/1411/2860 3066/1414/2863
f 3067/1415/2864 3066/1414/2863 3065/1413/2862
f 3066/1414/2863 3068/1416/2865 3058/1406/2855
f 3066/1414/2863 3067/1415/2864 3068/1416/2865
f 3069/1417/2866 3058/1406/2855 3068/1416/2865
f 3069/1417/2866 3054/1402/2851 3058/1406/2855
f 3070/1418/2867 3068/1416/2865 3067/1415/2864
f 3071/1419/2868 3070/1418/2867 3067/1415/2864
f 3070/1418/2867 3071/1419/2868 3072/1420/2869
f 3072/1420/2869 3073/1421/2870 3070/1418/2867
f 3054/1402/2851 3069/1417/2866 3074/1432/2871
f 3074/1432/2871 3055/1403/2852 3054/1402/2851
f 3070/1418/2867 3073/1421/2870 3075/1422/2872
f 3075/1422/2872 3073/1421/2870 3076/1423/2873
f 3075/1422/2872 3076/1423/2873 3077/1424/2874
f 3070/1418/2867 3075/1422/2872 3078/1425/2875
f 3068/1416/2865 3070/1418/2867 3078/1425/2875
f 3075/1422/2872 3077/1424/2874 3079/1426/2876
f 3078/1425/2875 3075/1422/2872 3079/1426/2876
f 3080/1427/2877 3079/1426/2876 3077/1424/2874
f 3081/1428/2878 3068/1416/2865 3078/1425/2875
f 3068/1416/2865 3081/1428/2878 3069/1417/2866
f 3078/1425/2875 3079/1426/2876 3082/1429/2879
f 3078/1425/2875 3082/1429/2879 3081/1428/2878
f 3083/1431/2880 3069/1417/2866 3081/1428/2878
f 3083/1431/2880 3081/1428/2878 3082/1429/2879
f 3069/1417/2866 3083/1431/2880 3074/1432/2871
f 3079/1426/2876 3084/1430/2881 3082/1429/2879
f 3084/1430/2881 3079/1426/2876 3080/1427/2877
f 3083/1431/2880 3082/1429/2879 3085/1433/2882
f 3085/1433/2882 3082/1429/2879 3084/1430/2881
f 3086/1434/2883 3074/1432/2871 3083/1431/2880
f 3086/1434/2883 3083/1431/2880 3085/1433/2882
f 3074/1432/2871 3086/1434/2883 3055/1403/2852
f 3084/1430/2881 3080/1427/2877 3087/1508/1436
f 3087/1508/1436 3080/1427/2877 3088/1509/2884
f 3089/1510/2885 3087/1508/1436 3088/1509/2884
f 3089/1510/2885 3088/1509/2884 3090/1511/2886
f 3084/1430/2881 3087/1508/1436 3091/1506/2887
f 3091/1506/2887 3087/1508/1436 3089/1510/2885
f 3092/1512/2888 3089/1510/2885 3090/1511/2886
f 3091/1506/2887 3089/1510/2885 3092/1512/2888
f 3092/1512/2888 3090/1511/2886 3093/1513/2889
f 3092/1512/2888 3093/1513/2889 3094/1514/2890
f 3095/1441/2891 3084/1430/2881 3091/1506/2887
f 3095/1441/2891 3085/1433/2882 3084/1430/2881
f 3096/1505/2892 3091/1506/2887 3092/1512/2888
f 3096/1505/2892 3095/1441/2891 3091/1506/2887
f 3097/1515/2893 3092/1512/2888 3094/1514/2890
f 3096/1505/2892 3092/1512/2888 3097/1515/2893
f 3094/1514/2890 3098/1516/2894 3097/1515/2893
f 3098/1516/2894 3099/1517/2895 3097/1515/2893
f 3099/1517/2895 3098/1516/2894 3100/1518/2896
f 3101/1507/2897 3096/1505/2892 3097/1515/2893
f 3099/1517/2895 3101/1507/2897 3097/1515/2893
f 3100/1518/2896 3102/1520/2898 3099/1517/2895
f 3102/1520/2898 3100/1518/2896 3103/1521/2899
f 3102/1520/2898 3103/1521/2899 3104/1522/2900
f 3099/1517/2895 3105/1519/2901 3101/1507/2897
f 3102/1520/2898 3105/1519/2901 3099/1517/2895
f 3106/1504/2902 3096/1505/2892 3101/1507/2897
f 3105/1519/2901 3106/1504/2902 3101/1507/2897
f 3104/1522/2900 3107/1525/2903 3102/1520/2898
f 3108/1526/2904 3107/1525/2903 3104/1522/2900
f 3102/1520/2898 3109/1524/2905 3105/1519/2901
f 3107/1525/2903 3108/1526/2904 3110/1528/2906
f 3111/1529/2907 3110/1528/2906 3108/1526/2904
f 3112/1527/2908 3102/1520/2898 3107/1525/2903
f 3112/1527/2908 3107/1525/2903 3110/1528/2906
f 3102/1520/2898 3112/1527/2908 3109/1524/2905
f 3110/1528/2906 3111/1529/2907 3113/1531/2909
f 3114/1532/2910 3113/1531/2909 3111/1529/2907
f 3110/1528/2906 3115/1533/2911 3112/1527/2908
f 3115/1533/2911 3110/1528/2906 3113/1531/2909
f 3113/1531/2909 3114/1532/2910 3116/1534/2912
f 3116/1534/2912 3114/1532/2910 3117/1535/2913
f 3113/1531/2909 3118/1536/2914 3115/1533/2911
f 3116/1534/2912 3118/1536/2914 3113/1531/2909
f 3119/1539/2915 3116/1534/2912 3117/1535/2913
f 3119/1539/2915 3117/1535/2913 3120/1540/2916
f 3116/1534/2912 3121/1541/2660 3118/1536/2914
f 3119/1539/2915 3121/1541/2660 3116/1534/2912
f 3122/1542/2917 3119/1539/2915 3120/1540/2916
f 3122/1542/2917 3120/1540/2916 3123/1543/2918
f 3119/1539/2915 3124/1544/2919 3121/1541/2660
f 3123/1543/2918 3125/1545/2920 3122/1542/2917
f 3125/1545/2920 3123/1543/2918 3126/1546/2
f 3126/1546/2 3127/1547/2921 3125/1545/2920
f 3128/1548/2922 3119/1539/2915 3122/1542/2917
f 3119/1539/2915 3128/1548/2922 3124/1544/2919
f 3122/1542/2917 3125/1545/2920 3129/1549/2923
f 3128/1548/2922 3122/1542/2917 3129/1549/2923
f 3127/1547/2921 3130/1550/2924 3125/1545/2920
f 3130/1550/2924 3129/1549/2923 3125/1545/2920
f 3130/1550/2924 3127/1547/2921 3131/1551/39
f 3132/1552/2925 3130/1550/2924 3131/1551/39
f 3133/1553/2926 3129/1549/2923 3130/1550/2924
f 3130/1550/2924 3132/1552/2925 3133/1553/2926
f 3134/1554/2927 3128/1548/2922 3129/1549/2923
f 3129/1549/2923 3133/1553/2926 3134/1554/2927
f 3135/1558/2928 3128/1548/2922 3134/1554/2927
f 3133/1553/2926 3135/1558/2928 3134/1554/2927
f 3132/1552/2925 3136/1555/2929 3133/1553/2926
f 3135/1558/2928 3133/1553/2926 3136/1555/2929
f 3136/1555/2929 3132/1552/2925 3137/1556/2930
f 3137/1556/2930 3138/1557/31 3136/1555/2929
f 3136/1555/2929 3139/1559/2931 3135/1558/2928
f 3138/1557/31 3139/1559/2931 3136/1555/2929
f 3140/1563/2932 3128/1548/2922 3135/1558/2928
f 3124/1544/2919 3128/1548/2922 3140/1563/2932
f 3139/1559/2931 3141/1562/2933 3135/1558/2928
f 3140/1563/2932 3135/1558/2928 3141/1562/2933
f 3138/1557/31 3142/1560/2934 3139/1559/2931
f 3139/1559/2931 3142/1560/2934 3141/1562/2933
f 3138/1557/31 3143/1561/28 3142/1560/2934
f 3140/1563/2932 3144/1565/2935 3124/1544/2919
f 3144/1565/2935 3121/1541/2660 3124/1544/2919
f 3141/1562/2933 3145/1566/2936 3140/1563/2932
f 3144/1565/2935 3140/1563/2932 3145/1566/2936
f 3144/1565/2935 3146/1567/2937 3121/1541/2660
f 3121/1541/2660 3146/1567/2937 3118/1536/2914
f 3145/1566/2936 3147/1568/2938 3144/1565/2935
f 3146/1567/2937 3144/1565/2935 3147/1568/2938
f 3141/1562/2933 3148/1564/2939 3145/1566/2936
f 3142/1560/2934 3148/1564/2939 3141/1562/2933
f 3148/1564/2939 3149/1569/2940 3145/1566/2936
f 3147/1568/2938 3145/1566/2936 3149/1569/2940
f 3142/1560/2934 3150/1645/2941 3148/1564/2939
f 3148/1564/2939 3150/1645/2941 3149/1569/2940
f 3143/1561/28 3151/1644/2942 3142/1560/2934
f 3150/1645/2941 3142/1560/2934 3151/1644/2942
f 3151/1644/2942 3143/1561/28 3152/1642/2943
f 3150/1645/2941 3153/1647/2944 3149/1569/2940
f 3152/1642/2943 3154/1640/2945 3151/1644/2942
f 3154/1640/2945 3152/1642/2943 3155/1641/2946
f 3155/1641/2946 3156/1636/17 3154/1640/2945
f 3151/1644/2942 3157/1643/2947 3150/1645/2941
f 3154/1640/2945 3157/1643/2947 3151/1644/2942
f 3156/1636/17 3158/1637/2948 3154/1640/2945
f 3154/1640/2945 3158/1637/2948 3157/1643/2947
f 3159/1646/2949 3150/1645/2941 3157/1643/2947
f 3150/1645/2941 3159/1646/2949 3153/1647/2944
f 3158/1637/2948 3160/1638/2950 3157/1643/2947
f 3160/1638/2950 3159/1646/2949 3157/1643/2947
f 3156/1636/17 3161/1634/2951 3158/1637/2948
f 3161/1634/2951 3156/1636/17 3162/1635/9
f 3163/1632/2952 3161/1634/2951 3162/1635/9
f 3164/1633/2953 3158/1637/2948 3161/1634/2951
f 3158/1637/2948 3164/1633/2953 3160/1638/2950
f 3161/1634/2951 3163/1632/2952 3165/1631/2954
f 3164/1633/2953 3161/1634/2951 3165/1631/2954
f 3166/1628/4 3165/1631/2954 3163/1632/2952
f 3165/1631/2954 3167/1629/2955 3164/1633/2953
f 3165/1631/2954 3166/1628/4 3167/1629/2955
f 3168/1630/2956 3160/1638/2950 3164/1633/2953
f 3167/1629/2955 3168/1630/2956 3164/1633/2953
f 3159/1646/2949 3160/1638/2950 3169/1639/2957
f 3160/1638/2950 3168/1630/2956 3169/1639/2957
f 3166/1628/4 3170/1625/2958 3167/1629/2955
f 3166/1628/4 3171/1627/2959 3170/1625/2958
f 3170/1625/2958 3171/1627/2959 3172/1626/2918
f 3173/1623/2960 3170/1625/2958 3172/1626/2918
f 3167/1629/2955 3170/1625/2958 3174/1622/2961
f 3170/1625/2958 3173/1623/2960 3174/1622/2961
f 3168/1630/2956 3167/1629/2955 3174/1622/2961
f 3173/1623/2960 3175/1620/2962 3174/1622/2961
f 3174/1622/2961 3175/1620/2962 3176/1619/2963
f 3176/1619/2963 3168/1630/2956 3174/1622/2961
f 3177/1616/2964 3176/1619/2963 3175/1620/2962
f 3168/1630/2956 3176/1619/2963 3178/1624/2965
f 3178/1624/2965 3169/1639/2957 3168/1630/2956
f 3176/1619/2963 3177/1616/2964 3179/1615/2966
f 3177/1616/2964 3180/1613/2967 3179/1615/2966
f 3176/1619/2963 3181/1618/2968 3178/1624/2965
f 3181/1618/2968 3176/1619/2963 3179/1615/2966
f 3182/1612/2969 3179/1615/2966 3180/1613/2967
f 3179/1615/2966 3182/1612/2969 3181/1618/2968
f 3180/1613/2967 3183/1611/2970 3182/1612/2969
f 3169/1639/2957 3178/1624/2965 3184/1648/2971
f 3169/1639/2957 3184/1648/2971 3159/1646/2949
f 3159/1646/2949 3184/1648/2971 3153/1647/2944
f 3185/1610/2972 3182/1612/2969 3183/1611/2970
f 3183/1611/2970 3186/1600/2973 3185/1610/2972
f 3182/1612/2969 3185/1610/2972 3187/1617/2974
f 3187/1617/2974 3181/1618/2968 3182/1612/2969
f 3186/1600/2973 3188/1597/2975 3185/1610/2972
f 3188/1597/2975 3186/1600/2973 3189/1595/2976
f 3190/1614/2977 3187/1617/2974 3185/1610/2972
f 3185/1610/2972 3188/1597/2975 3190/1614/2977
f 3181/1618/2968 3187/1617/2974 3191/1621/2978
f 3189/1595/2976 3192/1591/2979 3188/1597/2975
f 3193/1593/2980 3192/1591/2979 3189/1595/2976
f 3178/1624/2965 3181/1618/2968 3194/1649/2981
f 3191/1621/2978 3194/1649/2981 3181/1618/2968
f 3184/1648/2971 3178/1624/2965 3194/1649/2981
f 3195/1650/2982 3191/1621/2978 3187/1617/2974
f 3187/1617/2974 3190/1614/2977 3195/1650/2982
f 3194/1649/2981 3191/1621/2978 3196/1576/2983
f 3184/1648/2971 3194/1649/2981 3197/1575/2984
f 3196/1576/2983 3197/1575/2984 3194/1649/2981
f 3197/1575/2984 3198/1572/2985 3184/1648/2971
f 3153/1647/2944 3184/1648/2971 3198/1572/2985
f 3198/1572/2985 3149/1569/2940 3153/1647/2944
f 3149/1569/2940 3198/1572/2985 3147/1568/2938
f 3199/1571/2986 3147/1568/2938 3198/1572/2985
f 3198/1572/2985 3197/1575/2984 3199/1571/2986
f 3147/1568/2938 3199/1571/2986 3146/1567/2937
f 3200/1573/2987 3199/1571/2986 3197/1575/2984
f 3197/1575/2984 3196/1576/2983 3200/1573/2987
f 3201/1570/2988 3146/1567/2937 3199/1571/2986
f 3199/1571/2986 3200/1573/2987 3201/1570/2988
f 3146/1567/2937 3201/1570/2988 3118/1536/2914
f 3201/1570/2988 3202/1538/2989 3118/1536/2914
f 3202/1538/2989 3201/1570/2988 3200/1573/2987
f 3118/1536/2914 3202/1538/2989 3115/1533/2911
f 3203/1574/2990 3200/1573/2987 3196/1576/2983
f 3200/1573/2987 3203/1574/2990 3202/1538/2989
f 3202/1538/2989 3204/1537/2991 3115/1533/2911
f 3204/1537/2991 3202/1538/2989 3203/1574/2990
f 3115/1533/2911 3204/1537/2991 3112/1527/2908
f 3196/1576/2983 3205/1578/2992 3203/1574/2990
f 3205/1578/2992 3196/1576/2983 3191/1621/2978
f 3191/1621/2978 3195/1650/2982 3205/1578/2992
f 3203/1574/2990 3206/1577/2993 3204/1537/2991
f 3206/1577/2993 3203/1574/2990 3205/1578/2992
f 3207/1530/2647 3112/1527/2908 3204/1537/2991
f 3204/1537/2991 3206/1577/2993 3207/1530/2647
f 3112/1527/2908 3207/1530/2647 3109/1524/2905
f 3205/1578/2992 3208/1580/2994 3206/1577/2993
f 3208/1580/2994 3205/1578/2992 3195/1650/2982
f 3206/1577/2993 3209/1579/2995 3207/1530/2647
f 3209/1579/2995 3206/1577/2993 3208/1580/2994
f 3207/1530/2647 3210/1523/2996 3109/1524/2905
f 3209/1579/2995 3210/1523/2996 3207/1530/2647
f 3109/1524/2905 3210/1523/2996 3105/1519/2901
f 3210/1523/2996 3106/1504/2902 3105/1519/2901
f 3210/1523/2996 3209/1579/2995 3211/1581/2997
f 3210/1523/2996 3212/1503/2998 3106/1504/2902
f 3211/1581/2997 3212/1503/2998 3210/1523/2996
f 3209/1579/2995 3213/1582/2985 3211/1581/2997
f 3208/1580/2994 3213/1582/2985 3209/1579/2995
f 3213/1582/2985 3214/1583/2999 3211/1581/2997
f 3208/1580/2994 3215/1585/3000 3213/1582/2985
f 3213/1582/2985 3215/1585/3000 3214/1583/2999
f 3195/1650/2982 3216/1651/3001 3208/1580/2994
f 3215/1585/3000 3208/1580/2994 3216/1651/3001
f 3195/1650/2982 3190/1614/2977 3216/1651/3001
f 3190/1614/2977 3217/1652/3002 3216/1651/3001
f 3216/1651/3001 3217/1652/3002 3215/1585/3000
f 3188/1597/2975 3217/1652/3002 3190/1614/2977
f 3188/1597/2975 3192/1591/2979 3217/1652/3002
f 3217/1652/3002 3218/1587/3003 3215/1585/3000
f 3192/1591/2979 3218/1587/3003 3217/1652/3002
f 3215/1585/3000 3218/1587/3003 3219/1584/3004
f 3215/1585/3000 3219/1584/3004 3214/1583/2999
f 3218/1587/3003 3192/1591/2979 3220/1589/3005
f 3218/1587/3003 3220/1589/3005 3219/1584/3004
f 3192/1591/2979 3221/1590/3006 3220/1589/3005
f 3192/1591/2979 3193/1593/2980 3221/1590/3006
f 3222/1586/3007 3220/1589/3005 3221/1590/3006
f 3220/1589/3005 3222/1586/3007 3219/1584/3004
f 3193/1593/2980 3223/1592/3008 3221/1590/3006
f 3221/1590/3006 3223/1592/3008 3222/1586/3007
f 3223/1592/3008 3193/1593/2980 3224/1594/3009
f 3224/1594/3009 3225/1588/3010 3223/1592/3008
f 3223/1592/3008 3225/1588/3010 3222/1586/3007
f 3225/1588/3010 3224/1594/3009 3226/1596/2890
f 3219/1584/3004 3222/1586/3007 3227/1499/3011
f 3228/1598/3012 3225/1588/3010 3226/1596/2890
f 3228/1598/3012 3226/1596/2890 3229/1599/2889
f 3230/1497/3013 3222/1586/3007 3225/1588/3010
f 3222/1586/3007 3230/1497/3013 3227/1499/3011
f 3228/1598/3012 3231/1493/3014 3225/1588/3010
f 3225/1588/3010 3231/1493/3014 3230/1497/3013
f 3228/1598/3012 3229/1599/2889 3232/1601/3015
f 3231/1493/3014 3228/1598/3012 3232/1601/3015
f 3233/1602/3016 3232/1601/3015 3229/1599/2889
f 3234/1603/3017 3232/1601/3015 3233/1602/3016
f 3234/1603/3017 3233/1602/3016 3235/1604/3018
f 3236/1605/3019 3232/1601/3015 3234/1603/3017
f 3236/1605/3019 3234/1603/3017 3235/1604/3018
f 3232/1601/3015 3236/1605/3019 3237/1494/2884
f 3237/1494/2884 3231/1493/3014 3232/1601/3015
f 3238/1606/3020 3236/1605/3019 3235/1604/3018
f 3238/1606/3020 3237/1494/2884 3236/1605/3019
f 3239/1607/3021 3238/1606/3020 3235/1604/3018
f 3240/1609/3022 3238/1606/3020 3239/1607/3021
f 3238/1606/3020 3240/1609/3022 3241/1608/3023
f 3237/1494/2884 3238/1606/3020 3241/1608/3023
f 3231/1493/3014 3237/1494/2884 3242/1492/3024
f 3231/1493/3014 3242/1492/3024 3243/1490/3025
f 3242/1492/3024 3244/1491/3026 3243/1490/3025
f 3245/1488/891 3243/1490/3025 3244/1491/3026
f 3245/1488/891 3246/1487/3027 3243/1490/3025
f 3231/1493/3014 3243/1490/3025 3246/1487/3027
f 3246/1487/3027 3245/1488/891 3247/1485/3028
f 3246/1487/3027 3248/1495/3029 3231/1493/3014
f 3230/1497/3013 3231/1493/3014 3248/1495/3029
f 3246/1487/3027 3247/1485/3028 3249/1483/3030
f 3247/1485/3028 3250/1484/2592 3249/1483/3030
f 3230/1497/3013 3248/1495/3029 3251/1496/3031
f 3227/1499/3011 3230/1497/3013 3251/1496/3031
f 3252/1463/3032 3249/1483/3030 3250/1484/2592
f 3248/1495/3029 3246/1487/3027 3253/1489/3033
f 3253/1489/3033 3246/1487/3027 3249/1483/3030
f 3251/1496/3031 3248/1495/3029 3253/1489/3033
f 3227/1499/3011 3251/1496/3031 3254/1498/3034
f 3251/1496/3031 3253/1489/3033 3254/1498/3034
f 3253/1489/3033 3249/1483/3030 3255/1486/3035
f 3254/1498/3034 3253/1489/3033 3255/1486/3035
f 3255/1486/3035 3249/1483/3030 3256/1465/3036
f 3249/1483/3030 3252/1463/3032 3256/1465/3036
f 3254/1498/3034 3257/1501/3037 3227/1499/3011
f 3257/1501/3037 3219/1584/3004 3227/1499/3011
f 3219/1584/3004 3257/1501/3037 3214/1583/2999
f 3257/1501/3037 3211/1581/2997 3214/1583/2999
f 3211/1581/2997 3257/1501/3037 3212/1503/2998
f 3254/1498/3034 3212/1503/2998 3257/1501/3037
f 3212/1503/2998 3254/1498/3034 3258/1500/3038
f 3255/1486/3035 3258/1500/3038 3254/1498/3034
f 3212/1503/2998 3258/1500/3038 3106/1504/2902
f 3258/1500/3038 3255/1486/3035 3259/1464/3039
f 3256/1465/3036 3259/1464/3039 3255/1486/3035
f 3106/1504/2902 3258/1500/3038 3260/1502/3040
f 3259/1464/3039 3260/1502/3040 3258/1500/3038
f 3096/1505/2892 3106/1504/2902 3260/1502/3040
f 3260/1502/3040 3095/1441/2891 3096/1505/2892
f 3259/1464/3039 3256/1465/3036 3261/1460/3041
f 3256/1465/3036 3252/1463/3032 3261/1460/3041
f 3260/1502/3040 3259/1464/3039 3262/1443/3042
f 3095/1441/2891 3260/1502/3040 3262/1443/3042
f 3261/1460/3041 3263/1450/3043 3259/1464/3039
f 3263/1450/3043 3262/1443/3042 3259/1464/3039
f 3095/1441/2891 3262/1443/3042 3264/1439/3044
f 3085/1433/2882 3095/1441/2891 3264/1439/3044
f 3086/1434/2883 3085/1433/2882 3264/1439/3044
f 3262/1443/3042 3263/1450/3043 3265/1442/3045
f 3262/1443/3042 3265/1442/3045 3264/1439/3044
f 3264/1439/3044 3266/1437/3046 3086/1434/2883
f 3267/1438/3047 3266/1437/3046 3264/1439/3044
f 3265/1442/3045 3267/1438/3047 3264/1439/3044
f 3266/1437/3046 3268/1435/3048 3086/1434/2883
f 3267/1438/3047 3268/1435/3048 3266/1437/3046
f 3086/1434/2883 3268/1435/3048 3055/1403/2852
f 3055/1403/2852 3268/1435/3048 3037/1385/2837
f 3268/1435/3048 3026/1374/2827 3037/1385/2837
f 3268/1435/3048 3269/1436/3049 3026/1374/2827
f 3268/1435/3048 3267/1438/3047 3269/1436/3049
f 3023/1371/2824 3026/1374/2827 3269/1436/3049
f 3267/1438/3047 3023/1371/2824 3269/1436/3049
f 3023/1371/2824 3267/1438/3047 3270/1440/3050
f 3267/1438/3047 3265/1442/3045 3270/1440/3050
f 3270/1440/3050 3271/1444/3051 3023/1371/2824
f 3019/1367/2820 3023/1371/2824 3271/1444/3051
f 3271/1444/3051 3018/1366/2819 3019/1367/2820
f 3270/1440/3050 3265/1442/3045 3272/1445/3052
f 3271/1444/3051 3270/1440/3050 3272/1445/3052
f 3265/1442/3045 3273/1447/3053 3272/1445/3052
f 3273/1447/3053 3265/1442/3045 3263/1450/3043
f 3272/1445/3052 3274/1446/3054 3271/1444/3051
f 3274/1446/3054 3272/1445/3052 3273/1447/3053
f 3018/1366/2819 3271/1444/3051 3274/1446/3054
f 3275/1451/3055 3273/1447/3053 3263/1450/3043
f 3263/1450/3043 3261/1460/3041 3275/1451/3055
f 3274/1446/3054 3273/1447/3053 3276/1449/3056
f 3273/1447/3053 3275/1451/3055 3276/1449/3056
f 3277/1448/3057 3018/1366/2819 3274/1446/3054
f 3277/1448/3057 3274/1446/3054 3276/1449/3056
f 3018/1366/2819 3277/1448/3057 3009/1357/2811
f 3278/1454/3058 3276/1449/3056 3275/1451/3055
f 3279/1453/3059 3009/1357/2811 3277/1448/3057
f 3009/1357/2811 3279/1453/3059 3004/1352/2806
f 3277/1448/3057 3276/1449/3056 3280/1452/3060
f 3277/1448/3057 3280/1452/3060 3279/1453/3059
f 3276/1449/3056 3278/1454/3058 3280/1452/3060
f 3004/1352/2806 3279/1453/3059 2999/1347/2801
f 3281/1455/3061 3279/1453/3059 3280/1452/3060
f 3279/1453/3059 3281/1455/3061 2999/1347/2801
f 3282/1456/3062 3280/1452/3060 3278/1454/3058
f 3280/1452/3060 3282/1456/3062 3281/1455/3061
f 3275/1451/3055 3283/1458/3063 3278/1454/3058
f 3283/1458/3063 3282/1456/3062 3278/1454/3058
f 3275/1451/3055 3261/1460/3041 3283/1458/3063
f 3252/1463/3032 3283/1458/3063 3261/1460/3041
f 3283/1458/3063 3252/1463/3032 3284/1462/3064
f 3282/1456/3062 3283/1458/3063 3284/1462/3064
f 3252/1463/3032 3285/1466/3065 3284/1462/3064
f 3281/1455/3061 3282/1456/3062 3286/1457/3066
f 3286/1457/3066 2999/1347/2801 3281/1455/3061
f 2999/1347/2801 3286/1457/3066 2997/1345/2799
f 3286/1457/3066 2998/1346/2800 2997/1345/2799
f 3287/1461/3067 3282/1456/3062 3284/1462/3064
f 3282/1456/3062 3287/1461/3067 3286/1457/3066
f 3288/1467/3068 3284/1462/3064 3285/1466/3065
f 3287/1461/3067 3284/1462/3064 3288/1467/3068
f 3288/1467/3068 3285/1466/3065 3289/1468/3069
f 3290/1469/891 3288/1467/3068 3289/1468/3069
f 3288/1467/3068 3290/1469/891 3291/1470/3070
f 3291/1470/3070 3292/1471/3071 3288/1467/3068
f 3292/1471/3071 3287/1461/3067 3288/1467/3068
f 3292/1471/3071 3291/1470/3070 3293/1472/3072
f 3287/1461/3067 3294/1459/3073 3286/1457/3066
f 3292/1471/3071 3294/1459/3073 3287/1461/3067
f 2998/1346/2800 3286/1457/3066 3294/1459/3073
f 3293/1472/3072 3295/1473/3074 3292/1471/3071
f 3295/1473/3074 3294/1459/3073 3292/1471/3071
f 3295/1473/3074 2998/1346/2800 3294/1459/3073
f 3295/1473/3074 3293/1472/3072 3296/1474/3075
f 2998/1346/2800 3295/1473/3074 3002/1350/2804
f 3296/1474/3075 3002/1350/2804 3295/1473/3074
f 3002/1350/2804 3296/1474/3075 3297/1475/3076
f 2973/1321/2776 3002/1350/2804 3297/1475/3076
f 3298/1476/3077 3297/1475/3076 3296/1474/3075
f 3297/1475/3076 2974/1322/2777 2973/1321/2776
f 3299/1477/3078 3297/1475/3076 3298/1476/3077
f 2974/1322/2777 3297/1475/3076 3300/1478/3079
f 3300/1478/3079 3297/1475/3076 3299/1477/3078
f 3300/1478/3079 3301/1480/3080 2974/1322/2777
f 3299/1477/3078 3302/1479/3081 3300/1478/3079
f 3301/1480/3080 3300/1478/3079 3303/1481/3082
f 3303/1481/3082 3300/1478/3079 3302/1479/3081
f 3301/1480/3080 3303/1481/3082 3304/1482/3083
f 3303/1481/3082 3302/1479/3081 3304/1482/3083
f 3305/1653/3084 3306/1654/3085 3307/1655/3086
f 3305/1653/3084 3307/1655/3086 3308/1656/3087
f 3306/1654/3085 3305/1653/3084 3309/1657/3088
f 3309/1657/3088 3310/1658/3089 3306/1654/3085
f 3308/1656/3087 3311/1659/3090 3305/1653/3084
f 3311/1659/3090 3308/1656/3087 3312/1660/3091
f 3310/1658/3089 3309/1657/3088 3313/1661/3092
f 3313/1661/3092 3314/1662/3093 3310/1658/3089
f 3311/1659/3090 3312/1660/3091 3315/1663/3094
f 3312/1660/3091 3316/1664/3095 3315/1663/3094
f 3314/1662/3093 3313/1661/3092 3317/1665/3096
f 3317/1665/3096 3318/1666/3097 3314/1662/3093
f 3315/1663/3094 3316/1664/3095 3319/1667/3098
f 3320/1668/3099 3319/1667/3098 3316/1664/3095
f 3318/1666/3097 3317/1665/3096 3321/1669/3100
f 3321/1669/3100 3322/1670/3101 3318/1666/3097
f 3319/1667/3098 3320/1668/3099 3323/1671/3102
f 3324/1672/3103 3323/1671/3102 3320/1668/3099
f 3322/1670/3101 3321/1669/3100 3325/1673/3104
f 3325/1673/3104 3326/1674/3105 3322/1670/3101
f 3324/1672/3103 3327/1675/3106 3323/1671/3102
f 3327/1675/3106 3324/1672/3103 3328/1676/3107
f 3326/1674/3105 3325/1673/3104 3329/1677/3108
f 3328/1676/3107 3330/1678/3109 3327/1675/3106
f 3326/1674/3105 3329/1677/3108 3331/1679/3110
f 3326/1674/3105 3331/1679/3110 3332/1680/3111
f 3331/1679/3110 3333/1681/3112 3332/1680/3111
f 3328/1676/3107 3334/1682/3113 3330/1678/3109
f 3334/1682/3113 3328/1676/3107 3335/1683/3114
f 3335/1683/3114 3333/1681/3112 3334/1682/3113
f 3333/1681/3112 3331/1679/3110 3336/1684/3115
f 3334/1682/3113 3333/1681/3112 3336/1684/3115
f 3337/1685/3116 3336/1684/3115 3331/1679/3110
f 3337/1685/3116 3334/1682/3113 3336/1684/3115
f 3337/1685/3116 3331/1679/3110 3329/1677/3108
f 3337/1685/3116 3330/1678/3109 3334/1682/3113
f 3337/1685/3116 3329/1677/3108 3325/1673/3104
f 3337/1685/3116 3327/1675/3106 3330/1678/3109
f 3337/1685/3116 3325/1673/3104 3321/1669/3100
f 3337/1685/3116 3323/1671/3102 3327/1675/3106
f 3337/1685/3116 3321/1669/3100 3317/1665/3096
f 3337/1685/3116 3319/1667/3098 3323/1671/3102
f 3337/1685/3116 3317/1665/3096 3313/1661/3092
f 3337/1685/3116 3315/1663/3094 3319/1667/3098
f 3337/1685/3116 3313/1661/3092 3309/1657/3088
f 3337/1685/3116 3311/1659/3090 3315/1663/3094
f 3337/1685/3116 3309/1657/3088 3305/1653/3084
f 3337/1685/3116 3305/1653/3084 3311/1659/3090
f 3338/1654/3117 3339/1653/3118 3340/1655/3119
f 3339/1653/3118 3341/1656/3120 3340/1655/3119
f 3339/1653/3118 3338/1654/3117 3342/1657/3121
f 3343/1658/3122 3342/1657/3121 3338/1654/3117
f 3341/1656/3120 3339/1653/3118 3344/1659/3123
f 3344/1659/3123 3345/1660/3124 3341/1656/3120
f 3342/1657/3121 3343/1658/3122 3346/1661/3125
f 3347/1662/3126 3346/1661/3125 3343/1658/3122
f 3348/1663/3127 3345/1660/3124 3344/1659/3123
f 3345/1660/3124 3348/1663/3127 3349/1664/3128
f 3346/1661/3125 3347/1662/3126 3350/1665/3129
f 3351/1666/3130 3350/1665/3129 3347/1662/3126
f 3348/1663/3127 3352/1667/3131 3349/1664/3128
f 3349/1664/3128 3352/1667/3131 3353/1668/3132
f 3350/1665/3129 3351/1666/3130 3354/1669/3133
f 3355/1670/3134 3354/1669/3133 3351/1666/3130
f 3353/1668/3132 3352/1667/3131 3356/1671/3135
f 3357/1672/3136 3353/1668/3132 3356/1671/3135
f 3354/1669/3133 3355/1670/3134 3358/1673/3137
f 3359/1674/3138 3358/1673/3137 3355/1670/3134
f 3357/1672/3136 3356/1671/3135 3360/1675/3139
f 3360/1675/3139 3361/1676/3140 3357/1672/3136
f 3358/1673/3137 3359/1674/3138 3362/1677/3141
f 3361/1676/3140 3360/1675/3139 3363/1678/3142
f 3359/1674/3138 3364/1679/3143 3362/1677/3141
f 3364/1679/3143 3359/1674/3138 3365/1680/3144
f 3366/1681/3145 3364/1679/3143 3365/1680/3144
f 3367/1682/3146 3361/1676/3140 3363/1678/3142
f 3361/1676/3140 3367/1682/3146 3368/1683/3147
f 3368/1683/3147 3367/1682/3146 3366/1681/3145
f 3364/1679/3143 3366/1681/3145 3369/1684/3148
f 3367/1682/3146 3369/1684/3148 3366/1681/3145
f 3370/1685/3149 3364/1679/3143 3369/1684/3148
f 3370/1685/3149 3369/1684/3148 3367/1682/3146
f 3370/1685/3149 3362/1677/3141 3364/1679/3143
f 3370/1685/3149 3367/1682/3146 3363/1678/3142
f 3370/1685/3149 3358/1673/3137 3362/1677/3141
f 3370/1685/3149 3363/1678/3142 3360/1675/3139
f 3370/1685/3149 3354/1669/3133 3358/1673/3137
f 3370/1685/3149 3360/1675/3139 3356/1671/3135
f 3370/1685/3149 3350/1665/3129 3354/1669/3133
f 3370/1685/3149 3356/1671/3135 3352/1667/3131
f 3370/1685/3149 3346/1661/3125 3350/1665/3129
f 3370/1685/3149 3352/1667/3131 3348/1663/3127
f 3370/1685/3149 3342/1657/3121 3346/1661/3125
f 3370/1685/3149 3348/1663/3127 3344/1659/3123
f 3370/1685/3149 3339/1653/3118 3342/1657/3121
f 3370/1685/3149 3344/1659/3123 3339/1653/3118
f 3371/1/3150 3372/2/3151 3373/3/3152
f 3372/2/3151 3374/4/3153 3373/3/3152
f 3373/3/3152 3374/4/3153 3375/5/5
f 3374/4/3153 3376/6/3154 3375/5/5
f 3376/6/3154 3377/7/3155 3375/5/5
f 3376/6/3154 3378/8/3156 3377/7/3155
f 3378/8/3156 3379/11/3157 3377/7/3155
f 3380/9/9 3378/8/3156 3376/6/3154
f 3379/11/3157 3378/8/3156 3381/10/3158
f 3382/12/3159 3379/11/3157 3381/10/3158
f 3380/9/9 3383/13/3160 3378/8/3156
f 3381/10/3158 3378/8/3156 3384/14/3161
f 3384/14/3161 3378/8/3156 3383/13/3160
f 3382/12/3159 3381/10/3158 3385/15/3162
f 3385/15/3162 3381/10/3158 3384/14/3161
f 3380/9/9 3386/16/3163 3383/13/3160
f 3386/16/3163 3380/9/9 3387/17/3164
f 3388/21/3165 3386/16/3163 3387/17/3164
f 3384/14/3161 3383/13/3160 3389/18/18
f 3389/18/18 3383/13/3160 3386/16/3163
f 3384/14/3161 3390/19/19 3385/15/3162
f 3390/19/19 3384/14/3161 3389/18/18
f 3391/57/3166 3382/12/3159 3385/15/3162
f 3391/57/3166 3392/58/3167 3382/12/3159
f 3391/57/3166 3393/59/3168 3392/58/3167
f 3393/59/3168 3391/57/3166 3394/60/3169
f 3395/55/3170 3391/57/3166 3385/15/3162
f 3385/15/3162 3390/19/19 3395/55/3170
f 3391/57/3166 3396/56/3171 3394/60/3169
f 3391/57/3166 3395/55/3170 3396/56/3171
f 3397/61/3172 3394/60/3169 3396/56/3171
f 3398/53/3173 3395/55/3170 3390/19/19
f 3395/55/3170 3398/53/3173 3396/56/3171
f 3390/19/19 3399/23/3174 3398/53/3173
f 3399/23/3174 3390/19/19 3389/18/18
f 3397/61/3172 3396/56/3171 3400/62/3175
f 3400/62/3175 3401/63/3176 3397/61/3172
f 3401/63/3176 3402/1686/3177 3403/1687/3178
f 3402/1686/3177 3401/63/3176 3404/1688/3179
f 3400/62/3175 3404/1688/3179 3401/63/3176
f 3404/1688/3179 3405/1689/3180 3402/1686/3177
f 3400/62/3175 3396/56/3171 3406/64/3181
f 3405/1689/3180 3404/1688/3179 3407/75/3182
f 3404/1688/3179 3400/62/3175 3408/1690/3183
f 3408/1690/3183 3407/75/3182 3404/1688/3179
f 3406/64/3181 3408/1690/3183 3400/62/3175
f 3409/1691/3184 3405/1689/3180 3407/75/3182
f 3405/1689/3180 3409/1691/3184 3410/1692/3185
f 3409/1691/3184 3411/1693/3186 3410/1692/3185
f 3407/75/3182 3408/1690/3183 3412/77/3187
f 3412/77/3187 3409/1691/3184 3407/75/3182
f 3411/1693/3186 3409/1691/3184 3413/1694/3188
f 3414/1695/3189 3411/1693/3186 3413/1694/3188
f 3409/1691/3184 3412/77/3187 3415/1696/3190
f 3415/1696/3190 3413/1694/3188 3409/1691/3184
f 3413/1694/3188 3416/1697/3191 3414/1695/3189
f 3416/1697/3191 3417/1698/67 3414/1695/3189
f 3413/1694/3188 3415/1696/3190 3418/1699/3192
f 3418/1699/3192 3416/1697/3191 3413/1694/3188
f 3417/1698/67 3416/1697/3191 3419/1700/3193
f 3419/1700/3193 3420/104/3194 3417/1698/67
f 3416/1697/3191 3418/1699/3192 3421/1701/3195
f 3421/1701/3195 3419/1700/3193 3416/1697/3191
f 3418/1699/3192 3415/1696/3190 3422/1702/3196
f 3415/1696/3190 3412/77/3187 3422/1702/3196
f 3420/104/3194 3419/1700/3193 3423/106/3197
f 3423/106/3197 3424/107/3198 3420/104/3194
f 3425/1703/3199 3423/106/3197 3419/1700/3193
f 3419/1700/3193 3421/1701/3195 3425/1703/3199
f 3424/107/3198 3423/106/3197 3426/110/110
f 3423/106/3197 3425/1703/3199 3427/111/3200
f 3427/111/3200 3426/110/110 3423/106/3197
f 3428/112/3201 3424/107/3198 3426/110/110
f 3424/107/3198 3428/112/3201 3429/113/3202
f 3426/110/110 3427/111/3200 3430/114/114
f 3430/114/114 3428/112/3201 3426/110/110
f 3431/1704/3203 3427/111/3200 3425/1703/3199
f 3421/1701/3195 3431/1704/3203 3425/1703/3199
f 3432/116/3204 3429/113/3202 3428/112/3201
f 3432/116/3204 3433/117/117 3429/113/3202
f 3432/116/3204 3434/118/118 3433/117/117
f 3428/112/3201 3430/114/114 3435/119/3205
f 3435/119/3205 3432/116/3204 3428/112/3201
f 3427/111/3200 3436/334/331 3430/114/114
f 3432/116/3204 3435/119/3205 3437/121/3206
f 3427/111/3200 3438/335/3207 3436/334/331
f 3427/111/3200 3431/1704/3203 3438/335/3207
f 3430/114/114 3439/122/3208 3435/119/3205
f 3436/334/331 3439/122/3208 3430/114/114
f 3435/119/3205 3440/123/123 3437/121/3206
f 3440/123/123 3435/119/3205 3439/122/3208
f 3441/124/3209 3432/116/3204 3437/121/3206
f 3440/123/123 3441/124/3209 3437/121/3206
f 3434/118/118 3432/116/3204 3442/120/3210
f 3432/116/3204 3441/124/3209 3442/120/3210
f 3443/125/3211 3434/118/118 3442/120/3210
f 3444/126/3212 3434/118/118 3443/125/3211
f 3445/128/3213 3442/120/3210 3441/124/3209
f 3445/128/3213 3443/125/3211 3442/120/3210
f 3446/139/3214 3444/126/3212 3443/125/3211
f 3444/126/3212 3446/139/3214 3447/127/3215
f 3448/131/3216 3443/125/3211 3445/128/3213
f 3448/131/3216 3446/139/3214 3443/125/3211
f 3447/127/3215 3446/139/3214 3449/141/141
f 3447/127/3215 3449/141/141 3450/143/645
f 3451/136/3217 3446/139/3214 3448/131/3216
f 3452/140/1514 3446/139/3214 3451/136/3217
f 3452/140/1514 3449/141/141 3446/139/3214
f 3451/136/3217 3448/131/3216 3453/134/134
f 3452/140/1514 3454/142/3218 3449/141/141
f 3449/141/141 3454/142/3218 3455/144/3219
f 3449/141/141 3455/144/3219 3450/143/645
f 3450/143/645 3455/144/3219 3456/145/3220
f 3448/131/3216 3457/132/3221 3453/134/134
f 3448/131/3216 3445/128/3213 3457/132/3221
f 3457/132/3221 3458/133/3222 3453/134/134
f 3459/146/3223 3456/145/3220 3455/144/3219
f 3460/148/3224 3456/145/3220 3459/146/3223
f 3455/144/3219 3461/147/3225 3459/146/3223
f 3462/149/3226 3460/148/3224 3459/146/3223
f 3461/147/3225 3462/149/3226 3459/146/3223
f 3460/148/3224 3462/149/3226 3463/150/3227
f 3462/149/3226 3461/147/3225 3464/151/3228
f 3462/149/3226 3465/152/3229 3463/150/3227
f 3464/151/3228 3466/154/3230 3462/149/3226
f 3465/152/3229 3462/149/3226 3466/154/3230
f 3465/152/3229 3467/155/3231 3468/156/3232
f 3466/154/3230 3467/155/3231 3465/152/3229
f 3466/154/3230 3464/151/3228 3469/153/3233
f 3470/161/3234 3469/153/3233 3464/151/3228
f 3471/158/3235 3467/155/3231 3466/154/3230
f 3469/153/3233 3471/158/3235 3466/154/3230
f 3467/155/3231 3471/158/3235 3472/178/3236
f 3473/180/3237 3472/178/3236 3474/177/3238
f 3472/178/3236 3471/158/3235 3474/177/3238
f 3471/158/3235 3475/171/3239 3474/177/3238
f 3475/171/3239 3471/158/3235 3476/168/3240
f 3471/158/3235 3469/153/3233 3476/168/3240
f 3476/168/3240 3477/170/3241 3475/171/3239
f 3477/170/3241 3476/168/3240 3478/165/3242
f 3469/153/3233 3478/165/3242 3476/168/3240
f 3479/169/3243 3477/170/3241 3478/165/3242
f 3469/153/3233 3470/161/3234 3480/160/3244
f 3469/153/3233 3480/160/3244 3478/165/3242
f 3481/162/3245 3480/160/3244 3470/161/3234
f 3482/166/3246 3479/169/3243 3478/165/3242
f 3480/160/3244 3482/166/3246 3478/165/3242
f 3482/166/3246 3483/174/3247 3479/169/3243
f 3480/160/3244 3481/162/3245 3484/163/3248
f 3482/166/3246 3480/160/3244 3484/163/3248
f 3485/164/3249 3484/163/3248 3481/162/3245
f 3483/174/3247 3482/166/3246 3486/172/3250
f 3482/166/3246 3484/163/3248 3487/167/3251
f 3486/172/3250 3482/166/3246 3487/167/3251
f 3484/163/3248 3485/164/3249 3487/167/3251
f 3483/174/3247 3486/172/3250 3488/175/3252
f 3487/167/3251 3488/175/3252 3486/172/3250
f 3483/174/3247 3488/175/3252 3489/194/3253
f 3490/312/3254 3487/167/3251 3485/164/3249
f 3485/164/3249 3491/313/3255 3490/312/3254
f 3488/175/3252 3487/167/3251 3492/310/3256
f 3487/167/3251 3490/312/3254 3492/310/3256
f 3489/194/3253 3488/175/3252 3493/308/3257
f 3492/310/3256 3493/308/3257 3488/175/3252
f 3489/194/3253 3493/308/3257 3494/220/3258
f 3493/308/3257 3495/305/3259 3494/220/3258
f 3493/308/3257 3492/310/3256 3496/311/3260
f 3495/305/3259 3493/308/3257 3497/307/3261
f 3496/311/3260 3497/307/3261 3493/308/3257
f 3497/307/3261 3498/299/3262 3495/305/3259
f 3492/310/3256 3499/314/3263 3496/311/3260
f 3499/314/3263 3492/310/3256 3490/312/3254
f 3496/311/3260 3500/309/3264 3497/307/3261
f 3496/311/3260 3499/314/3263 3500/309/3264
f 3498/299/3262 3497/307/3261 3501/306/3265
f 3497/307/3261 3500/309/3264 3501/306/3265
f 3498/299/3262 3501/306/3265 3502/303/3266
f 3503/315/3267 3499/314/3263 3490/312/3254
f 3491/313/3255 3503/315/3267 3490/312/3254
f 3499/314/3263 3503/315/3267 3504/318/3268
f 3491/313/3255 3505/316/313 3503/315/3267
f 3505/316/313 3504/318/3268 3503/315/3267
f 3506/317/3269 3505/316/313 3491/313/3255
f 3506/317/3269 3507/138/138 3505/316/313
f 3499/314/3263 3504/318/3268 3508/321/3270
f 3499/314/3263 3508/321/3270 3500/309/3264
f 3507/138/138 3509/319/3271 3505/316/313
f 3504/318/3268 3505/316/313 3510/320/3272
f 3509/319/3271 3510/320/3272 3505/316/313
f 3504/318/3268 3511/322/3273 3508/321/3270
f 3510/320/3272 3511/322/3273 3504/318/3268
f 3512/137/3274 3509/319/3271 3507/138/138
f 3513/135/3275 3512/137/3274 3507/138/138
f 3514/324/3276 3510/320/3272 3509/319/3271
f 3509/319/3271 3512/137/3274 3514/324/3276
f 3515/130/3277 3512/137/3274 3513/135/3275
f 3458/133/3222 3515/130/3277 3513/135/3275
f 3457/132/3221 3515/130/3277 3458/133/3222
f 3457/132/3221 3445/128/3213 3515/130/3277
f 3441/124/3209 3515/130/3277 3445/128/3213
f 3515/130/3277 3441/124/3209 3516/129/3278
f 3512/137/3274 3515/130/3277 3516/129/3278
f 3441/124/3209 3440/123/123 3516/129/3278
f 3517/325/3279 3512/137/3274 3516/129/3278
f 3440/123/123 3517/325/3279 3516/129/3278
f 3514/324/3276 3512/137/3274 3517/325/3279
f 3517/325/3279 3440/123/123 3518/327/3280
f 3439/122/3208 3518/327/3280 3440/123/123
f 3519/326/3281 3514/324/3276 3517/325/3279
f 3517/325/3279 3518/327/3280 3519/326/3281
f 3520/323/3282 3514/324/3276 3519/326/3281
f 3520/323/3282 3510/320/3272 3514/324/3276
f 3521/328/3283 3519/326/3281 3518/327/3280
f 3522/448/3284 3510/320/3272 3520/323/3282
f 3510/320/3272 3522/448/3284 3511/322/3273
f 3519/326/3281 3523/330/327 3520/323/3282
f 3523/330/327 3519/326/3281 3521/328/3283
f 3520/323/3282 3524/446/3285 3522/448/3284
f 3524/446/3285 3520/323/3282 3523/330/327
f 3521/328/3283 3518/327/3280 3525/329/3286
f 3518/327/3280 3439/122/3208 3525/329/3286
f 3521/328/3283 3526/333/3287 3523/330/327
f 3439/122/3208 3527/331/3288 3525/329/3286
f 3436/334/331 3527/331/3288 3439/122/3208
f 3528/332/3289 3521/328/3283 3525/329/3286
f 3521/328/3283 3528/332/3289 3526/333/3287
f 3527/331/3288 3528/332/3289 3525/329/3286
f 3526/333/3287 3529/444/3290 3523/330/327
f 3529/444/3290 3524/446/3285 3523/330/327
f 3528/332/3289 3530/442/3291 3526/333/3287
f 3526/333/3287 3530/442/3291 3529/444/3290
f 3527/331/3288 3531/439/3292 3528/332/3289
f 3530/442/3291 3528/332/3289 3531/439/3292
f 3532/336/333 3527/331/3288 3436/334/331
f 3532/336/333 3436/334/331 3438/335/3207
f 3527/331/3288 3533/437/430 3531/439/3292
f 3532/336/333 3533/437/430 3527/331/3288
f 3531/439/3292 3534/443/3293 3530/442/3291
f 3438/335/3207 3535/338/3294 3532/336/333
f 3536/438/3295 3531/439/3292 3533/437/430
f 3536/438/3295 3534/443/3293 3531/439/3292
f 3537/341/3296 3533/437/430 3532/336/333
f 3535/338/3294 3537/341/3296 3532/336/333
f 3533/437/430 3538/434/3297 3536/438/3295
f 3537/341/3296 3538/434/3297 3533/437/430
f 3438/335/3207 3539/1705/3298 3535/338/3294
f 3539/1705/3298 3438/335/3207 3431/1704/3203
f 3540/343/3299 3537/341/3296 3535/338/3294
f 3535/338/3294 3539/1705/3298 3541/1706/3300
f 3541/1706/3300 3540/343/3299 3535/338/3294
f 3431/1704/3203 3542/342/3301 3539/1705/3298
f 3542/342/3301 3541/1706/3300 3539/1705/3298
f 3431/1704/3203 3543/1707/3302 3542/342/3301
f 3431/1704/3203 3421/1701/3195 3543/1707/3302
f 3541/1706/3300 3542/342/3301 3544/347/3303
f 3421/1701/3195 3545/1708/3304 3543/1707/3302
f 3545/1708/3304 3421/1701/3195 3418/1699/3192
f 3418/1699/3192 3422/1702/3196 3545/1708/3304
f 3542/342/3301 3543/1707/3302 3546/1709/3305
f 3542/342/3301 3546/1709/3305 3544/347/3303
f 3543/1707/3302 3545/1708/3304 3547/1710/3306
f 3543/1707/3302 3547/1710/3306 3546/1709/3305
f 3541/1706/3300 3544/347/3303 3548/1711/3307
f 3540/343/3299 3541/1706/3300 3548/1711/3307
f 3544/347/3303 3546/1709/3305 3549/351/3308
f 3544/347/3303 3549/351/3308 3548/1711/3307
f 3547/1710/3306 3550/1712/3309 3546/1709/3305
f 3546/1709/3305 3550/1712/3309 3549/351/3308
f 3545/1708/3304 3551/1713/3310 3547/1710/3306
f 3545/1708/3304 3422/1702/3196 3551/1713/3310
f 3550/1712/3309 3547/1710/3306 3552/1714/3311
f 3547/1710/3306 3551/1713/3310 3552/1714/3311
f 3549/351/3308 3550/1712/3309 3553/396/3312
f 3552/1714/3311 3554/1715/3313 3550/1712/3309
f 3550/1712/3309 3554/1715/3313 3553/396/3312
f 3548/1711/3307 3549/351/3308 3555/1716/3314
f 3549/351/3308 3553/396/3312 3555/1716/3314
f 3555/1716/3314 3556/403/3315 3548/1711/3307
f 3540/343/3299 3548/1711/3307 3556/403/3315
f 3555/1716/3314 3553/396/3312 3557/1717/3316
f 3553/396/3312 3558/395/3317 3557/1717/3316
f 3553/396/3312 3559/394/3318 3558/395/3317
f 3559/394/3318 3553/396/3312 3554/1715/3313
f 3560/402/3319 3555/1716/3314 3557/1717/3316
f 3561/1718/3320 3559/394/3318 3554/1715/3313
f 3555/1716/3314 3560/402/3319 3562/401/3321
f 3556/403/3315 3555/1716/3314 3562/401/3321
f 3560/402/3319 3563/405/3322 3562/401/3321
f 3563/405/3322 3560/402/3319 3564/404/3323
f 3565/406/400 3563/405/3322 3564/404/3323
f 3566/407/3324 3556/403/3315 3562/401/3321
f 3566/407/3324 3562/401/3321 3563/405/3322
f 3556/403/3315 3566/407/3324 3567/408/3325
f 3540/343/3299 3556/403/3315 3567/408/3325
f 3566/407/3324 3563/405/3322 3568/410/3326
f 3567/408/3325 3569/430/3327 3540/343/3299
f 3569/430/3327 3537/341/3296 3540/343/3299
f 3569/430/3327 3538/434/3297 3537/341/3296
f 3566/407/3324 3570/411/3328 3567/408/3325
f 3570/411/3328 3566/407/3324 3568/410/3326
f 3567/408/3325 3571/427/3329 3569/430/3327
f 3567/408/3325 3570/411/3328 3572/425/3330
f 3571/427/3329 3567/408/3325 3572/425/3330
f 3570/411/3328 3573/418/3331 3572/425/3330
f 3570/411/3328 3568/410/3326 3573/418/3331
f 3571/427/3329 3572/425/3330 3574/426/3332
f 3572/425/3330 3573/418/3331 3574/426/3332
f 3571/427/3329 3575/428/421 3569/430/3327
f 3575/428/421 3571/427/3329 3574/426/3332
f 3576/419/3333 3574/426/3332 3573/418/3331
f 3576/419/3333 3575/428/421 3574/426/3332
f 3576/419/3333 3573/418/3331 3577/416/410
f 3577/416/410 3573/418/3331 3568/410/3326
f 3576/419/3333 3578/429/3334 3575/428/421
f 3577/416/410 3568/410/3326 3579/414/408
f 3578/429/3334 3580/431/424 3575/428/421
f 3580/431/424 3569/430/3327 3575/428/421
f 3580/431/424 3578/429/3334 3581/432/425
f 3538/434/3297 3569/430/3327 3580/431/424
f 3582/433/1097 3580/431/424 3581/432/425
f 3583/435/3324 3538/434/3297 3580/431/424
f 3580/431/424 3582/433/1097 3583/435/3324
f 3538/434/3297 3583/435/3324 3536/438/3295
f 3584/436/3335 3583/435/3324 3582/433/1097
f 3583/435/3324 3585/440/3336 3536/438/3295
f 3583/435/3324 3584/436/3335 3585/440/3336
f 3585/440/3336 3586/441/3337 3536/438/3295
f 3534/443/3293 3536/438/3295 3586/441/3337
f 3584/436/3335 3587/473/3338 3585/440/3336
f 3587/473/3338 3584/436/3335 3588/474/3339
f 3585/440/3336 3589/471/3340 3586/441/3337
f 3589/471/3340 3585/440/3336 3587/473/3338
f 3590/445/3341 3534/443/3293 3586/441/3337
f 3586/441/3337 3589/471/3340 3590/445/3341
f 3588/474/3339 3591/475/3342 3587/473/3338
f 3591/475/3342 3588/474/3339 3592/476/3343
f 3587/473/3338 3593/472/3344 3589/471/3340
f 3591/475/3342 3593/472/3344 3587/473/3338
f 3592/476/3343 3594/478/3345 3591/475/3342
f 3594/478/3345 3592/476/3343 3595/479/3346
f 3596/480/3347 3595/479/3346 3597/481/3348
f 3595/479/3346 3596/480/3347 3594/478/3345
f 3591/475/3342 3594/478/3345 3598/477/3349
f 3596/480/3347 3598/477/3349 3594/478/3345
f 3591/475/3342 3598/477/3349 3593/472/3344
f 3596/480/3347 3599/483/3350 3598/477/3349
f 3589/471/3340 3593/472/3344 3600/465/3351
f 3589/471/3340 3600/465/3351 3590/445/3341
f 3593/472/3344 3598/477/3349 3601/462/3352
f 3600/465/3351 3593/472/3344 3601/462/3352
f 3598/477/3349 3599/483/3350 3602/463/3353
f 3601/462/3352 3598/477/3349 3602/463/3353
f 3599/483/3350 3603/486/3354 3602/463/3353
f 3603/486/3354 3604/304/3355 3602/463/3353
f 3602/463/3353 3604/304/3355 3605/460/3356
f 3604/304/3355 3502/303/3266 3605/460/3356
f 3606/459/3357 3601/462/3352 3602/463/3353
f 3602/463/3353 3605/460/3356 3606/459/3357
f 3607/458/3358 3605/460/3356 3502/303/3266
f 3606/459/3357 3605/460/3356 3607/458/3358
f 3502/303/3266 3501/306/3265 3607/458/3358
f 3601/462/3352 3606/459/3357 3608/461/3359
f 3600/465/3351 3601/462/3352 3608/461/3359
f 3606/459/3357 3607/458/3358 3609/457/3360
f 3608/461/3359 3606/459/3357 3609/457/3360
f 3607/458/3358 3501/306/3265 3610/456/3361
f 3609/457/3360 3607/458/3358 3610/456/3361
f 3501/306/3265 3500/309/3264 3610/456/3361
f 3500/309/3264 3611/454/3362 3610/456/3361
f 3609/457/3360 3610/456/3361 3611/454/3362
f 3500/309/3264 3508/321/3270 3611/454/3362
f 3609/457/3360 3611/454/3362 3612/455/3363
f 3612/455/3363 3608/461/3359 3609/457/3360
f 3611/454/3362 3508/321/3270 3613/451/3364
f 3612/455/3363 3611/454/3362 3613/451/3364
f 3508/321/3270 3511/322/3273 3613/451/3364
f 3614/464/3365 3608/461/3359 3612/455/3363
f 3613/451/3364 3511/322/3273 3615/450/3366
f 3511/322/3273 3522/448/3284 3615/450/3366
f 3612/455/3363 3613/451/3364 3616/453/3367
f 3616/453/3367 3613/451/3364 3615/450/3366
f 3614/464/3365 3612/455/3363 3616/453/3367
f 3615/450/3366 3522/448/3284 3617/449/442
f 3522/448/3284 3524/446/3285 3617/449/442
f 3615/450/3366 3618/452/3368 3616/453/3367
f 3617/449/442 3618/452/3368 3615/450/3366
f 3619/466/3369 3614/464/3365 3616/453/3367
f 3618/452/3368 3619/466/3369 3616/453/3367
f 3620/447/3370 3617/449/442 3524/446/3285
f 3618/452/3368 3617/449/442 3620/447/3370
f 3529/444/3290 3620/447/3370 3524/446/3285
f 3530/442/3291 3620/447/3370 3529/444/3290
f 3530/442/3291 3534/443/3293 3620/447/3370
f 3590/445/3341 3620/447/3370 3534/443/3293
f 3618/452/3368 3621/469/3371 3619/466/3369
f 3620/447/3370 3621/469/3371 3618/452/3368
f 3622/470/3372 3620/447/3370 3590/445/3341
f 3622/470/3372 3621/469/3371 3620/447/3370
f 3622/470/3372 3590/445/3341 3600/465/3351
f 3619/466/3369 3621/469/3371 3623/468/3373
f 3621/469/3371 3622/470/3372 3623/468/3373
f 3619/466/3369 3623/468/3373 3614/464/3365
f 3624/467/3374 3622/470/3372 3600/465/3351
f 3623/468/3373 3622/470/3372 3624/467/3374
f 3623/468/3373 3624/467/3374 3614/464/3365
f 3600/465/3351 3608/461/3359 3624/467/3374
f 3614/464/3365 3624/467/3374 3608/461/3359
f 3625/1/1 3626/2/3375 3627/3/3376
f 3626/2/3375 3628/4/3377 3627/3/3376
f 3627/3/3376 3628/4/3377 3629/5/3378
f 3628/4/3377 3630/6/3379 3629/5/3378
f 3630/6/3379 3631/7/3380 3629/5/3378
f 3630/6/3379 3632/8/3381 3631/7/3380
f 3632/8/3381 3633/11/3157 3631/7/3380
f 3634/9/9 3632/8/3381 3630/6/3379
f 3633/11/3157 3632/8/3381 3635/10/3382
f 3636/12/3383 3633/11/3157 3635/10/3382
f 3634/9/9 3637/13/13 3632/8/3381
f 3635/10/3382 3632/8/3381 3638/14/14
f 3638/14/14 3632/8/3381 3637/13/13
f 3636/12/3383 3635/10/3382 3639/15/15
f 3639/15/15 3635/10/3382 3638/14/14
f 3634/9/9 3640/16/3163 3637/13/13
f 3640/16/3163 3634/9/9 3641/17/3164
f 3642/21/3165 3640/16/3163 3641/17/3164
f 3638/14/14 3637/13/13 3643/18/18
f 3643/18/18 3637/13/13 3640/16/3163
f 3638/14/14 3644/19/19 3639/15/15
f 3644/19/19 3638/14/14 3643/18/18
f 3645/57/3384 3636/12/3383 3639/15/15
f 3645/57/3384 3646/58/3385 3636/12/3383
f 3645/57/3384 3647/59/3386 3646/58/3385
f 3647/59/3386 3645/57/3384 3648/60/3387
f 3649/55/3170 3645/57/3384 3639/15/15
f 3639/15/15 3644/19/19 3649/55/3170
f 3645/57/3384 3650/56/3388 3648/60/3387
f 3645/57/3384 3649/55/3170 3650/56/3388
f 3651/61/3389 3648/60/3387 3650/56/3388
f 3652/53/3390 3649/55/3170 3644/19/19
f 3649/55/3170 3652/53/3390 3650/56/3388
f 3644/19/19 3653/23/3174 3652/53/3390
f 3653/23/3174 3644/19/19 3643/18/18
f 3651/61/3389 3650/56/3388 3654/62/3391
f 3654/62/3391 3655/63/3176 3651/61/3389
f 3656/1719/3177 3657/67/3178 3655/63/3176
f 3655/63/3176 3658/1688/3179 3656/1719/3177
f 3654/62/3391 3658/1688/3179 3655/63/3176
f 3658/1688/3179 3659/76/3180 3656/1719/3177
f 3654/62/3391 3650/56/3388 3660/64/3392
f 3659/76/3180 3658/1688/3179 3661/75/3393
f 3658/1688/3179 3654/62/3391 3662/1690/3183
f 3662/1690/3183 3661/75/3393 3658/1688/3179
f 3660/64/3392 3662/1690/3183 3654/62/3391
f 3663/1691/3184 3659/76/3180 3661/75/3393
f 3659/76/3180 3663/1691/3184 3664/1692/3185
f 3663/1691/3184 3665/1693/88 3664/1692/3185
f 3661/75/3393 3662/1690/3183 3666/77/3187
f 3666/77/3187 3663/1691/3184 3661/75/3393
f 3665/1693/88 3663/1691/3184 3667/1694/3394
f 3668/1720/3395 3665/1693/88 3667/1694/3394
f 3663/1691/3184 3666/77/3187 3669/1696/3190
f 3669/1696/3190 3667/1694/3394 3663/1691/3184
f 3667/1694/3394 3670/1697/3191 3668/1720/3395
f 3670/1697/3191 3671/1721/67 3668/1720/3395
f 3667/1694/3394 3669/1696/3190 3672/1699/3396
f 3672/1699/3396 3670/1697/3191 3667/1694/3394
f 3671/1721/67 3670/1697/3191 3673/1700/3397
f 3673/1700/3397 3674/104/3398 3671/1721/67
f 3670/1697/3191 3672/1699/3396 3675/1701/3399
f 3675/1701/3399 3673/1700/3397 3670/1697/3191
f 3672/1699/3396 3669/1696/3190 3676/1702/3196
f 3669/1696/3190 3666/77/3187 3676/1702/3196
f 3677/1708/3400 3675/1701/3399 3672/1699/3396
f 3672/1699/3396 3676/1702/3196 3677/1708/3400
f 3674/104/3398 3673/1700/3397 3678/106/3197
f 3678/106/3197 3679/107/107 3674/104/3398
f 3673/1700/3397 3675/1701/3399 3680/1703/3401
f 3680/1703/3401 3678/106/3197 3673/1700/3397
f 3681/1707/3402 3680/1703/3401 3675/1701/3399
f 3675/1701/3399 3677/1708/3400 3681/1707/3402
f 3678/106/3197 3680/1703/3401 3682/111/3403
f 3679/107/107 3678/106/3197 3683/110/110
f 3682/111/3403 3683/110/110 3678/106/3197
f 3684/112/112 3679/107/107 3683/110/110
f 3679/107/107 3684/112/112 3685/113/113
f 3683/110/110 3682/111/3403 3686/114/114
f 3686/114/114 3684/112/112 3683/110/110
f 3687/1704/3404 3682/111/3403 3680/1703/3401
f 3680/1703/3401 3681/1707/3402 3687/1704/3404
f 3688/116/3204 3685/113/113 3684/112/112
f 3688/116/3204 3689/117/117 3685/113/113
f 3688/116/3204 3690/118/118 3689/117/117
f 3684/112/112 3686/114/114 3691/119/3205
f 3691/119/3205 3688/116/3204 3684/112/112
f 3682/111/3403 3692/334/3405 3686/114/114
f 3688/116/3204 3691/119/3205 3693/121/3406
f 3682/111/3403 3694/335/3207 3692/334/3405
f 3682/111/3403 3687/1704/3404 3694/335/3207
f 3686/114/114 3695/122/122 3691/119/3205
f 3692/334/3405 3695/122/122 3686/114/114
f 3691/119/3205 3696/123/123 3693/121/3406
f 3696/123/123 3691/119/3205 3695/122/122
f 3697/124/3209 3688/116/3204 3693/121/3406
f 3696/123/123 3697/124/3209 3693/121/3406
f 3690/118/118 3688/116/3204 3698/120/3210
f 3688/116/3204 3697/124/3209 3698/120/3210
f 3699/125/3407 3690/118/118 3698/120/3210
f 3700/126/126 3690/118/118 3699/125/3407
f 3700/126/126 3699/125/3407 3701/127/127
f 3702/128/128 3698/120/3210 3697/124/3209
f 3702/128/128 3699/125/3407 3698/120/3210
f 3697/124/3209 3696/123/123 3703/129/129
f 3697/124/3209 3704/130/130 3702/128/128
f 3704/130/130 3697/124/3209 3703/129/129
f 3705/131/3408 3699/125/3407 3702/128/128
f 3706/132/3221 3702/128/128 3704/130/130
f 3705/131/3408 3702/128/128 3706/132/3221
f 3706/132/3221 3704/130/130 3707/133/133
f 3706/132/3221 3707/133/133 3708/134/134
f 3705/131/3408 3706/132/3221 3708/134/134
f 3707/133/133 3704/130/130 3709/135/3409
f 3710/136/136 3705/131/3408 3708/134/134
f 3704/130/130 3711/137/137 3709/135/3409
f 3711/137/137 3704/130/130 3703/129/129
f 3709/135/3409 3711/137/137 3712/138/3410
f 3710/136/136 3713/139/3411 3705/131/3408
f 3705/131/3408 3713/139/3411 3699/125/3407
f 3699/125/3407 3713/139/3411 3701/127/127
f 3714/140/140 3713/139/3411 3710/136/136
f 3701/127/127 3713/139/3411 3715/141/141
f 3714/140/140 3715/141/141 3713/139/3411
f 3714/140/140 3716/142/3412 3715/141/141
f 3701/127/127 3715/141/141 3717/143/645
f 3715/141/141 3716/142/3412 3718/144/144
f 3715/141/141 3718/144/144 3717/143/645
f 3717/143/645 3718/144/144 3719/145/3220
f 3720/146/3413 3719/145/3220 3718/144/144
f 3718/144/144 3721/147/3414 3720/146/3413
f 3719/145/3220 3720/146/3413 3722/148/3224
f 3721/147/3414 3723/149/3415 3720/146/3413
f 3723/149/3415 3722/148/3224 3720/146/3413
f 3722/148/3224 3723/149/3415 3724/150/3416
f 3723/149/3415 3721/147/3414 3725/151/3417
f 3723/149/3415 3726/152/3418 3724/150/3416
f 3723/149/3415 3725/151/3417 3727/153/3419
f 3728/161/3420 3727/153/3419 3725/151/3417
f 3726/152/3418 3723/149/3415 3729/154/3421
f 3723/149/3415 3727/153/3419 3729/154/3421
f 3726/152/3418 3730/155/3422 3731/156/3423
f 3729/154/3421 3730/155/3422 3726/152/3418
f 3732/158/3424 3730/155/3422 3729/154/3421
f 3727/153/3419 3732/158/3424 3729/154/3421
f 3730/155/3422 3732/158/3424 3733/178/3425
f 3734/177/3426 3735/180/3427 3733/178/3425
f 3733/178/3425 3732/158/3424 3734/177/3426
f 3732/158/3424 3736/171/3428 3734/177/3426
f 3736/171/3428 3732/158/3424 3737/168/3429
f 3732/158/3424 3727/153/3419 3737/168/3429
f 3737/168/3429 3738/170/3430 3736/171/3428
f 3738/170/3430 3737/168/3429 3739/165/3431
f 3727/153/3419 3739/165/3431 3737/168/3429
f 3740/169/3432 3738/170/3430 3739/165/3431
f 3727/153/3419 3741/160/3433 3739/165/3431
f 3727/153/3419 3728/161/3420 3741/160/3433
f 3742/162/3434 3741/160/3433 3728/161/3420
f 3739/165/3431 3743/166/3435 3740/169/3432
f 3741/160/3433 3743/166/3435 3739/165/3431
f 3743/166/3435 3744/174/3436 3740/169/3432
f 3741/160/3433 3742/162/3434 3745/163/3437
f 3743/166/3435 3741/160/3433 3745/163/3437
f 3746/164/3249 3745/163/3437 3742/162/3434
f 3744/174/3436 3743/166/3435 3747/172/3438
f 3743/166/3435 3745/163/3437 3748/167/3439
f 3747/172/3438 3743/166/3435 3748/167/3439
f 3745/163/3437 3746/164/3249 3748/167/3439
f 3747/172/3438 3749/175/3440 3744/174/3436
f 3748/167/3439 3749/175/3440 3747/172/3438
f 3744/174/3436 3749/175/3440 3750/194/3441
f 3751/312/3254 3748/167/3439 3746/164/3249
f 3746/164/3249 3752/313/3442 3751/312/3254
f 3749/175/3440 3748/167/3439 3753/310/3443
f 3748/167/3439 3751/312/3254 3753/310/3443
f 3749/175/3440 3754/308/3444 3750/194/3441
f 3753/310/3443 3754/308/3444 3749/175/3440
f 3750/194/3441 3754/308/3444 3755/220/3445
f 3754/308/3444 3756/305/3446 3755/220/3445
f 3754/308/3444 3753/310/3443 3757/311/3447
f 3756/305/3446 3754/308/3444 3758/307/3448
f 3758/307/3448 3759/299/3449 3756/305/3446
f 3760/309/3450 3754/308/3444 3757/311/3447
f 3754/308/3444 3760/309/3450 3758/307/3448
f 3753/310/3443 3761/314/3263 3757/311/3447
f 3757/311/3447 3761/314/3263 3760/309/3450
f 3761/314/3263 3753/310/3443 3751/312/3254
f 3759/299/3449 3758/307/3448 3762/306/3451
f 3758/307/3448 3760/309/3450 3762/306/3451
f 3759/299/3449 3762/306/3451 3763/303/3452
f 3764/315/3267 3761/314/3263 3751/312/3254
f 3752/313/3442 3764/315/3267 3751/312/3254
f 3761/314/3263 3764/315/3267 3765/318/3268
f 3752/313/3442 3766/316/313 3764/315/3267
f 3766/316/313 3765/318/3268 3764/315/3267
f 3767/317/3269 3766/316/313 3752/313/3442
f 3767/317/3269 3712/138/3410 3766/316/313
f 3761/314/3263 3765/318/3268 3768/321/3270
f 3761/314/3263 3768/321/3270 3760/309/3450
f 3712/138/3410 3769/319/3271 3766/316/313
f 3711/137/137 3769/319/3271 3712/138/3410
f 3765/318/3268 3766/316/313 3770/320/3272
f 3769/319/3271 3770/320/3272 3766/316/313
f 3769/319/3271 3711/137/137 3771/324/3276
f 3771/324/3276 3770/320/3272 3769/319/3271
f 3771/324/3276 3711/137/137 3772/325/3279
f 3772/325/3279 3711/137/137 3703/129/129
f 3696/123/123 3772/325/3279 3703/129/129
f 3770/320/3272 3773/322/319 3765/318/3268
f 3765/318/3268 3773/322/319 3768/321/3270
f 3772/325/3279 3696/123/123 3774/327/3453
f 3695/122/122 3774/327/3453 3696/123/123
f 3775/326/3454 3771/324/3276 3772/325/3279
f 3775/326/3454 3772/325/3279 3774/327/3453
f 3770/320/3272 3771/324/3276 3776/323/3455
f 3776/323/3455 3771/324/3276 3775/326/3454
f 3776/323/3455 3773/322/319 3770/320/3272
f 3777/328/3456 3775/326/3454 3774/327/3453
f 3775/326/3454 3778/330/327 3776/323/3455
f 3778/330/327 3775/326/3454 3777/328/3456
f 3774/327/3453 3695/122/122 3779/329/3457
f 3777/328/3456 3774/327/3453 3779/329/3457
f 3695/122/122 3780/331/3288 3779/329/3457
f 3692/334/3405 3780/331/3288 3695/122/122
f 3781/332/3458 3777/328/3456 3779/329/3457
f 3780/331/3288 3781/332/3458 3779/329/3457
f 3777/328/3456 3782/333/3459 3778/330/327
f 3777/328/3456 3781/332/3458 3782/333/3459
f 3783/336/333 3780/331/3288 3692/334/3405
f 3694/335/3207 3783/336/333 3692/334/3405
f 3780/331/3288 3784/439/3460 3781/332/3458
f 3781/332/3458 3785/442/435 3782/333/3459
f 3785/442/435 3781/332/3458 3784/439/3460
f 3782/333/3459 3785/442/435 3786/444/3461
f 3782/333/3459 3786/444/3461 3778/330/327
f 3784/439/3460 3787/443/3462 3785/442/435
f 3787/443/3462 3786/444/3461 3785/442/435
f 3780/331/3288 3788/437/430 3784/439/3460
f 3783/336/333 3788/437/430 3780/331/3288
f 3786/444/3461 3789/446/3463 3778/330/327
f 3789/446/3463 3776/323/3455 3778/330/327
f 3786/444/3461 3790/447/3464 3789/446/3463
f 3786/444/3461 3787/443/3462 3790/447/3464
f 3776/323/3455 3789/446/3463 3791/448/3465
f 3776/323/3455 3791/448/3465 3773/322/319
f 3791/448/3465 3789/446/3463 3792/449/442
f 3790/447/3464 3792/449/442 3789/446/3463
f 3773/322/319 3791/448/3465 3793/450/3366
f 3793/450/3366 3791/448/3465 3792/449/442
f 3794/451/3466 3773/322/319 3793/450/3366
f 3768/321/3270 3773/322/319 3794/451/3466
f 3792/449/442 3795/452/3467 3793/450/3366
f 3795/452/3467 3792/449/442 3790/447/3464
f 3796/453/3468 3794/451/3466 3793/450/3366
f 3793/450/3366 3795/452/3467 3796/453/3468
f 3797/454/3469 3768/321/3270 3794/451/3466
f 3760/309/3450 3768/321/3270 3797/454/3469
f 3798/455/3363 3794/451/3466 3796/453/3468
f 3798/455/3363 3797/454/3469 3794/451/3466
f 3760/309/3450 3797/454/3469 3799/456/3470
f 3762/306/3451 3760/309/3450 3799/456/3470
f 3800/457/3360 3797/454/3469 3798/455/3363
f 3800/457/3360 3799/456/3470 3797/454/3469
f 3801/458/3471 3762/306/3451 3799/456/3470
f 3800/457/3360 3801/458/3471 3799/456/3470
f 3763/303/3452 3762/306/3451 3801/458/3471
f 3801/458/3471 3802/460/3472 3763/303/3452
f 3803/304/3473 3763/303/3452 3802/460/3472
f 3804/459/3474 3801/458/3471 3800/457/3360
f 3804/459/3474 3802/460/3472 3801/458/3471
f 3805/463/3475 3803/304/3473 3802/460/3472
f 3805/463/3475 3802/460/3472 3804/459/3474
f 3806/486/3476 3803/304/3473 3805/463/3475
f 3807/483/3477 3806/486/3476 3805/463/3475
f 3808/461/3478 3804/459/3474 3800/457/3360
f 3798/455/3363 3808/461/3478 3800/457/3360
f 3804/459/3474 3809/462/3352 3805/463/3475
f 3809/462/3352 3804/459/3474 3808/461/3478
f 3810/477/3479 3807/483/3477 3805/463/3475
f 3809/462/3352 3810/477/3479 3805/463/3475
f 3811/480/3480 3807/483/3477 3810/477/3479
f 3811/480/3480 3812/479/3481 3813/481/3152
f 3812/479/3481 3811/480/3480 3814/478/3482
f 3811/480/3480 3810/477/3479 3814/478/3482
f 3814/478/3482 3815/476/3483 3812/479/3481
f 3815/476/3483 3814/478/3482 3816/475/3484
f 3816/475/3484 3814/478/3482 3810/477/3479
f 3816/475/3484 3817/474/3485 3815/476/3483
f 3816/475/3484 3810/477/3479 3818/472/3486
f 3818/472/3486 3810/477/3479 3809/462/3352
f 3817/474/3485 3816/475/3484 3819/473/3338
f 3816/475/3484 3818/472/3486 3819/473/3338
f 3819/473/3338 3820/436/3487 3817/474/3485
f 3821/465/3488 3818/472/3486 3809/462/3352
f 3821/465/3488 3809/462/3352 3808/461/3478
f 3819/473/3338 3818/472/3486 3822/471/3489
f 3822/471/3489 3818/472/3486 3821/465/3488
f 3820/436/3487 3819/473/3338 3823/440/3336
f 3822/471/3489 3823/440/3336 3819/473/3338
f 3824/435/3324 3820/436/3487 3823/440/3336
f 3820/436/3487 3824/435/3324 3825/433/3333
f 3823/440/3336 3822/471/3489 3826/441/3337
f 3827/431/424 3825/433/3333 3824/435/3324
f 3825/433/3333 3827/431/424 3828/432/3490
f 3827/431/424 3829/429/3491 3828/432/3490
f 3824/435/3324 3823/440/3336 3830/438/3492
f 3823/440/3336 3826/441/3337 3830/438/3492
f 3824/435/3324 3831/434/3297 3827/431/424
f 3831/434/3297 3824/435/3324 3830/438/3492
f 3829/429/3491 3827/431/424 3832/428/421
f 3833/419/3493 3829/429/3491 3832/428/421
f 3831/434/3297 3834/430/3494 3827/431/424
f 3827/431/424 3834/430/3494 3832/428/421
f 3788/437/430 3831/434/3297 3830/438/3492
f 3830/438/3492 3784/439/3460 3788/437/430
f 3830/438/3492 3787/443/3462 3784/439/3460
f 3787/443/3462 3830/438/3492 3826/441/3337
f 3835/341/3296 3831/434/3297 3788/437/430
f 3834/430/3494 3831/434/3297 3835/341/3296
f 3835/341/3296 3788/437/430 3783/336/333
f 3836/445/3495 3787/443/3462 3826/441/3337
f 3826/441/3337 3822/471/3489 3836/445/3495
f 3836/445/3495 3790/447/3464 3787/443/3462
f 3822/471/3489 3821/465/3488 3836/445/3495
f 3837/470/3496 3790/447/3464 3836/445/3495
f 3837/470/3496 3836/445/3495 3821/465/3488
f 3837/470/3496 3838/469/3497 3790/447/3464
f 3790/447/3464 3838/469/3497 3795/452/3467
f 3839/467/3498 3837/470/3496 3821/465/3488
f 3821/465/3488 3808/461/3478 3839/467/3498
f 3838/469/3497 3837/470/3496 3840/468/3499
f 3840/468/3499 3837/470/3496 3839/467/3498
f 3795/452/3467 3838/469/3497 3841/466/3500
f 3841/466/3500 3838/469/3497 3840/468/3499
f 3795/452/3467 3841/466/3500 3796/453/3468
f 3840/468/3499 3839/467/3498 3842/464/3501
f 3841/466/3500 3840/468/3499 3842/464/3501
f 3842/464/3501 3839/467/3498 3808/461/3478
f 3841/466/3500 3842/464/3501 3796/453/3468
f 3842/464/3501 3808/461/3478 3798/455/3363
f 3842/464/3501 3798/455/3363 3796/453/3468
f 3843/338/3502 3835/341/3296 3783/336/333
f 3694/335/3207 3843/338/3502 3783/336/333
f 3844/343/3503 3835/341/3296 3843/338/3502
f 3834/430/3494 3835/341/3296 3844/343/3503
f 3694/335/3207 3845/1705/3504 3843/338/3502
f 3845/1705/3504 3694/335/3207 3687/1704/3404
f 3843/338/3502 3845/1705/3504 3846/1706/3505
f 3846/1706/3505 3844/343/3503 3843/338/3502
f 3687/1704/3404 3847/342/3301 3845/1705/3504
f 3847/342/3301 3846/1706/3505 3845/1705/3504
f 3687/1704/3404 3681/1707/3402 3847/342/3301
f 3847/342/3301 3681/1707/3402 3848/1709/3506
f 3677/1708/3400 3848/1709/3506 3681/1707/3402
f 3846/1706/3505 3847/342/3301 3849/347/3303
f 3847/342/3301 3848/1709/3506 3849/347/3303
f 3846/1706/3505 3849/347/3303 3850/1711/3507
f 3849/347/3303 3848/1709/3506 3851/351/3508
f 3849/347/3303 3851/351/3508 3850/1711/3507
f 3848/1709/3506 3677/1708/3400 3852/1710/3509
f 3853/403/3510 3846/1706/3505 3850/1711/3507
f 3846/1706/3505 3853/403/3510 3844/343/3503
f 3852/1710/3509 3854/1712/3511 3848/1709/3506
f 3848/1709/3506 3854/1712/3511 3851/351/3508
f 3677/1708/3400 3855/1713/3512 3852/1710/3509
f 3677/1708/3400 3676/1702/3196 3855/1713/3512
f 3854/1712/3511 3852/1710/3509 3856/1714/3311
f 3852/1710/3509 3855/1713/3512 3856/1714/3311
f 3851/351/3508 3854/1712/3511 3857/396/3312
f 3850/1711/3507 3851/351/3508 3858/1716/3314
f 3851/351/3508 3857/396/3312 3858/1716/3314
f 3858/1716/3314 3853/403/3510 3850/1711/3507
f 3854/1712/3511 3859/1715/3513 3857/396/3312
f 3856/1714/3311 3859/1715/3513 3854/1712/3511
f 3858/1716/3314 3857/396/3312 3860/1717/3316
f 3857/396/3312 3861/395/3317 3860/1717/3316
f 3857/396/3312 3862/394/3514 3861/395/3317
f 3862/394/3514 3857/396/3312 3859/1715/3513
f 3863/402/3515 3858/1716/3314 3860/1717/3316
f 3864/1718/3516 3862/394/3514 3859/1715/3513
f 3858/1716/3314 3863/402/3515 3865/401/3517
f 3853/403/3510 3858/1716/3314 3865/401/3517
f 3866/404/398 3865/401/3517 3863/402/3515
f 3867/1722/3518 3864/1718/3516 3859/1715/3513
f 3859/1715/3513 3856/1714/3311 3867/1722/3518
f 3865/401/3517 3866/404/398 3868/405/3519
f 3869/406/400 3868/405/3519 3866/404/398
f 3870/407/3324 3853/403/3510 3865/401/3517
f 3870/407/3324 3865/401/3517 3868/405/3519
f 3853/403/3510 3870/407/3324 3871/408/3520
f 3844/343/3503 3853/403/3510 3871/408/3520
f 3871/408/3520 3834/430/3494 3844/343/3503
f 3870/407/3324 3868/405/3519 3872/410/404
f 3871/408/3520 3873/427/3521 3834/430/3494
f 3873/427/3521 3832/428/421 3834/430/3494
f 3870/407/3324 3874/411/405 3871/408/3520
f 3874/411/405 3870/407/3324 3872/410/404
f 3873/427/3521 3871/408/3520 3875/425/3522
f 3871/408/3520 3874/411/405 3875/425/3522
f 3832/428/421 3873/427/3521 3876/426/419
f 3873/427/3521 3875/425/3522 3876/426/419
f 3833/419/3493 3832/428/421 3876/426/419
f 3874/411/405 3877/418/412 3875/425/3522
f 3875/425/3522 3877/418/412 3876/426/419
f 3833/419/3493 3876/426/419 3877/418/412
f 3874/411/405 3872/410/404 3877/418/412
f 3833/419/3493 3877/418/412 3878/416/410
f 3878/416/410 3877/418/412 3872/410/404
f 3878/416/410 3872/410/404 3879/414/408
f 3872/410/404 3880/409/403 3879/414/408
f 3872/410/404 3868/405/3519 3880/409/403
f 3880/409/403 3868/405/3519 3869/406/400
f 3879/414/408 3880/409/403 3881/415/409
f 3869/406/400 3882/412/3523 3880/409/403
f 3881/415/409 3880/409/403 3882/412/3523
f 3882/412/3523 3869/406/400 3883/413/407
f 3881/415/409 3882/412/3523 3884/417/411
f 3882/412/3523 3883/413/407 3885/420/3524
f 3884/417/411 3882/412/3523 3885/420/3524
f 3883/413/407 3886/421/3525 3885/420/3524
f 3884/417/411 3885/420/3524 3887/422/416
f 3885/420/3524 3886/421/3525 3888/423/3526
f 3887/422/416 3885/420/3524 3888/423/3526
f 3887/422/416 3888/423/3526 3889/424/382
f 3864/1718/3516 3890/391/3527 3891/392/3528
f 3892/385/3529 3890/391/3527 3864/1718/3516
f 3892/385/3529 3893/387/3530 3890/391/3527
f 3894/390/3525 3890/391/3527 3893/387/3530
f 3893/387/3530 3895/389/3531 3894/390/3525
f 3893/387/3530 3896/388/382 3895/389/3531
f 3896/388/382 3893/387/3530 3897/386/378
f 3893/387/3530 3892/385/3529 3897/386/378
f 3897/386/378 3892/385/3529 3898/381/3532
f 3899/1723/3533 3892/385/3529 3864/1718/3516
f 3864/1718/3516 3867/1722/3518 3899/1723/3533
f 3900/1724/3534 3898/381/3532 3892/385/3529
f 3892/385/3529 3899/1723/3533 3900/1724/3534
f 3898/381/3532 3900/1724/3534 3901/1725/3535
f 3902/1726/3536 3901/1725/3535 3900/1724/3534
f 3903/1727/3537 3899/1723/3533 3867/1722/3518
f 3856/1714/3311 3903/1727/3537 3867/1722/3518
f 3899/1723/3533 3904/1728/3538 3900/1724/3534
f 3899/1723/3533 3903/1727/3537 3904/1728/3538
f 3900/1724/3534 3905/1729/3539 3902/1726/3536
f 3900/1724/3534 3904/1728/3538 3905/1729/3539
f 3902/1726/3536 3905/1729/3539 3906/380/377
f 3906/380/377 3907/383/3540 3908/384/1
f 3906/380/377 3909/382/3541 3907/383/3540
f 3905/1729/3539 3909/382/3541 3906/380/377
f 3910/375/3542 3907/383/3540 3909/382/3541
f 3905/1729/3539 3910/375/3542 3909/382/3541
f 3910/375/3542 3905/1729/3539 3911/39/3543
f 3911/39/3543 3905/1729/3539 3904/1728/3538
f 3912/37/3544 3911/39/3543 3904/1728/3538
f 3912/37/3544 3904/1728/3538 3903/1727/3537
f 3911/39/3543 3912/37/3544 3913/38/3545
f 3912/37/3544 3914/32/3546 3913/38/3545
f 3856/1714/3311 3915/1730/3547 3903/1727/3537
f 3915/1730/3547 3856/1714/3311 3855/1713/3512
f 3912/37/3544 3903/1727/3537 3916/40/3548
f 3915/1730/3547 3916/40/3548 3903/1727/3537
f 3914/32/3546 3912/37/3544 3917/34/3549
f 3916/40/3548 3917/34/3549 3912/37/3544
f 3917/34/3549 3918/1731/3550 3914/32/3546
f 3918/1731/3550 3919/1732/3551 3914/32/3546
f 3918/1731/3550 3920/25/3552 3919/1732/3551
f 3916/40/3548 3921/1733/3553 3917/34/3549
f 3918/1731/3550 3917/34/3549 3921/1733/3553
f 3915/1730/3547 3922/42/3554 3916/40/3548
f 3922/42/3554 3921/1733/3553 3916/40/3548
f 3855/1713/3512 3922/42/3554 3915/1730/3547
f 3920/25/3552 3918/1731/3550 3923/24/3555
f 3921/1733/3553 3923/24/3555 3918/1731/3550
f 3923/24/3555 3642/21/3165 3920/25/3552
f 3855/1713/3512 3924/45/3556 3922/42/3554
f 3676/1702/3196 3924/45/3556 3855/1713/3512
f 3925/20/3557 3642/21/3165 3923/24/3555
f 3640/16/3163 3642/21/3165 3925/20/3557
f 3926/26/3558 3925/20/3557 3923/24/3555
f 3923/24/3555 3921/1733/3553 3926/26/3558
f 3927/22/3559 3640/16/3163 3925/20/3557
f 3925/20/3557 3926/26/3558 3927/22/3559
f 3927/22/3559 3643/18/18 3640/16/3163
f 3653/23/3174 3643/18/18 3927/22/3559
f 3928/1734/3560 3926/26/3558 3921/1733/3553
f 3922/42/3554 3928/1734/3560 3921/1733/3553
f 3928/1734/3560 3922/42/3554 3924/45/3556
f 3929/33/3561 3927/22/3559 3926/26/3558
f 3926/26/3558 3928/1734/3560 3929/33/3561
f 3927/22/3559 3929/33/3561 3653/23/3174
f 3924/45/3556 3930/1735/3562 3928/1734/3560
f 3930/1735/3562 3929/33/3561 3928/1734/3560
f 3931/50/3563 3653/23/3174 3929/33/3561
f 3929/33/3561 3930/1735/3562 3931/50/3563
f 3653/23/3174 3931/50/3563 3652/53/3390
f 3930/1735/3562 3924/45/3556 3932/49/3564
f 3924/45/3556 3676/1702/3196 3932/49/3564
f 3666/77/3187 3932/49/3564 3676/1702/3196
f 3933/1736/3565 3931/50/3563 3930/1735/3562
f 3932/49/3564 3933/1736/3565 3930/1735/3562
f 3934/54/3566 3652/53/3390 3931/50/3563
f 3931/50/3563 3933/1736/3565 3934/54/3566
f 3652/53/3390 3934/54/3566 3650/56/3388
f 3650/56/3388 3934/54/3566 3660/64/3392
f 3934/54/3566 3933/1736/3565 3660/64/3392
f 3932/49/3564 3666/77/3187 3935/74/3567
f 3933/1736/3565 3932/49/3564 3935/74/3567
f 3666/77/3187 3662/1690/3183 3935/74/3567
f 3936/1737/3568 3660/64/3392 3933/1736/3565
f 3662/1690/3183 3660/64/3392 3936/1737/3568
f 3935/74/3567 3936/1737/3568 3933/1736/3565
f 3935/74/3567 3662/1690/3183 3936/1737/3568
f 3937/3/3152 3938/2/3569 3939/1/1
f 3940/4/3570 3938/2/3569 3937/3/3152
f 3937/3/3152 3941/5/517 3940/4/3570
f 3940/4/3570 3941/5/517 3942/6/3571
f 3942/6/3571 3941/5/517 3943/7/3155
f 3942/6/3571 3943/7/3155 3944/8/3572
f 3945/11/3157 3944/8/3572 3943/7/3155
f 3942/6/3571 3944/8/3572 3946/9/2747
f 3947/10/3573 3944/8/3572 3945/11/3157
f 3948/12/3159 3947/10/3573 3945/11/3157
f 3949/13/3574 3946/9/2747 3944/8/3572
f 3944/8/3572 3947/10/3573 3950/14/3575
f 3950/14/3575 3949/13/3574 3944/8/3572
f 3948/12/3159 3951/15/3576 3947/10/3573
f 3951/15/3576 3950/14/3575 3947/10/3573
f 3949/13/3574 3952/16/3577 3946/9/2747
f 3952/16/3577 3953/17/3578 3946/9/2747
f 3952/16/3577 3954/21/3579 3953/17/3578
f 3950/14/3575 3955/18/529 3949/13/3574
f 3955/18/529 3952/16/3577 3949/13/3574
f 3951/15/3576 3956/19/533 3950/14/3575
f 3956/19/533 3955/18/529 3950/14/3575
f 3954/21/3579 3952/16/3577 3957/20/3580
f 3958/22/3581 3952/16/3577 3955/18/529
f 3952/16/3577 3958/22/3581 3957/20/3580
f 3959/23/3582 3955/18/529 3956/19/533
f 3955/18/529 3959/23/3582 3958/22/3581
f 3957/20/3580 3960/24/3583 3954/21/3579
f 3960/24/3583 3961/25/3584 3954/21/3579
f 3958/22/3581 3962/26/3585 3957/20/3580
f 3962/26/3585 3960/24/3583 3957/20/3580
f 3960/24/3583 3963/1731/3586 3961/25/3584
f 3964/1732/3587 3961/25/3584 3963/1731/3586
f 3963/1731/3586 3965/32/3588 3964/1732/3587
f 3963/1731/3586 3960/24/3583 3966/1733/3589
f 3962/26/3585 3966/1733/3589 3960/24/3583
f 3967/34/3590 3965/32/3588 3963/1731/3586
f 3966/1733/3589 3967/34/3590 3963/1731/3586
f 3968/37/3591 3965/32/3588 3967/34/3590
f 3965/32/3588 3968/37/3591 3969/38/3592
f 3970/39/3593 3969/38/3592 3968/37/3591
f 3966/1733/3589 3971/40/3594 3967/34/3590
f 3971/40/3594 3968/37/3591 3967/34/3590
f 3966/1733/3589 3962/26/3585 3972/1734/3595
f 3966/1733/3589 3973/42/3596 3971/40/3594
f 3973/42/3596 3966/1733/3589 3972/1734/3595
f 3974/33/3597 3962/26/3585 3958/22/3581
f 3974/33/3597 3972/1734/3595 3962/26/3585
f 3959/23/3582 3974/33/3597 3958/22/3581
f 3975/1735/3598 3972/1734/3595 3974/33/3597
f 3976/50/3599 3974/33/3597 3959/23/3582
f 3976/50/3599 3975/1735/3598 3974/33/3597
f 3977/53/3600 3976/50/3599 3959/23/3582
f 3956/19/533 3977/53/3600 3959/23/3582
f 3978/45/3601 3972/1734/3595 3975/1735/3598
f 3972/1734/3595 3978/45/3601 3973/42/3596
f 3977/53/3600 3956/19/533 3979/55/3602
f 3951/15/3576 3979/55/3602 3956/19/533
f 3980/54/3603 3976/50/3599 3977/53/3600
f 3979/55/3602 3951/15/3576 3981/57/3604
f 3948/12/3159 3981/57/3604 3951/15/3576
f 3981/57/3604 3948/12/3159 3982/58/3167
f 3983/59/3605 3981/57/3604 3982/58/3167
f 3983/59/3605 3984/60/3606 3981/57/3604
f 3981/57/3604 3985/56/3607 3979/55/3602
f 3981/57/3604 3984/60/3606 3985/56/3607
f 3979/55/3602 3985/56/3607 3977/53/3600
f 3977/53/3600 3985/56/3607 3980/54/3603
f 3986/61/3608 3985/56/3607 3984/60/3606
f 3980/54/3603 3987/1736/3609 3976/50/3599
f 3987/1736/3609 3975/1735/3598 3976/50/3599
f 3985/56/3607 3988/64/3610 3980/54/3603
f 3988/64/3610 3987/1736/3609 3980/54/3603
f 3986/61/3608 3989/62/3611 3985/56/3607
f 3988/64/3610 3985/56/3607 3989/62/3611
f 3989/62/3611 3986/61/3608 3990/63/3612
f 3991/1686/3613 3990/63/3612 3992/1687/3614
f 3990/63/3612 3991/1686/3613 3993/1688/3615
f 3990/63/3612 3993/1688/3615 3989/62/3611
f 3994/1689/3616 3993/1688/3615 3991/1686/3613
f 3989/62/3611 3995/1690/3617 3988/64/3610
f 3993/1688/3615 3995/1690/3617 3989/62/3611
f 3993/1688/3615 3994/1689/3616 3996/75/3618
f 3993/1688/3615 3996/75/3618 3995/1690/3617
f 3994/1689/3616 3997/1691/3619 3996/75/3618
f 3997/1691/3619 3994/1689/3616 3998/1692/3620
f 3997/1691/3619 3998/1692/3620 3999/1693/3621
f 3995/1690/3617 4000/1737/3622 3988/64/3610
f 3988/64/3610 4000/1737/3622 3987/1736/3609
f 3995/1690/3617 4001/74/3623 4000/1737/3622
f 4001/74/3623 3987/1736/3609 4000/1737/3622
f 3995/1690/3617 3996/75/3618 4002/77/3624
f 3995/1690/3617 4002/77/3624 4001/74/3623
f 3997/1691/3619 4002/77/3624 3996/75/3618
f 3987/1736/3609 4001/74/3623 4003/49/3625
f 4002/77/3624 4003/49/3625 4001/74/3623
f 4003/49/3625 3975/1735/3598 3987/1736/3609
f 3975/1735/3598 4003/49/3625 3978/45/3601
f 4003/49/3625 4002/77/3624 4004/1702/3626
f 4004/1702/3626 3978/45/3601 4003/49/3625
f 4002/77/3624 3997/1691/3619 4005/1696/3627
f 4005/1696/3627 4004/1702/3626 4002/77/3624
f 3997/1691/3619 4006/1694/3628 4005/1696/3627
f 3997/1691/3619 3999/1693/3621 4006/1694/3628
f 3999/1693/3621 4007/1695/3629 4006/1694/3628
f 4005/1696/3627 4006/1694/3628 4008/1699/3630
f 4005/1696/3627 4008/1699/3630 4004/1702/3626
f 4006/1694/3628 4007/1695/3629 4009/1697/3631
f 4006/1694/3628 4009/1697/3631 4008/1699/3630
f 4010/1698/626 4009/1697/3631 4007/1695/3629
f 4011/1708/3632 4004/1702/3626 4008/1699/3630
f 4009/1697/3631 4010/1698/626 4012/1700/3633
f 4013/104/3194 4012/1700/3633 4010/1698/626
f 4008/1699/3630 4009/1697/3631 4014/1701/3634
f 4012/1700/3633 4014/1701/3634 4009/1697/3631
f 4008/1699/3630 4014/1701/3634 4011/1708/3632
f 4012/1700/3633 4013/104/3194 4015/106/3635
f 4016/107/107 4015/106/3635 4013/104/3194
f 4014/1701/3634 4012/1700/3633 4017/1703/3636
f 4015/106/3635 4017/1703/3636 4012/1700/3633
f 4015/106/3635 4016/107/107 4018/110/666
f 4017/1703/3636 4015/106/3635 4019/111/3637
f 4018/110/666 4019/111/3637 4015/106/3635
f 4020/1704/3638 4014/1701/3634 4017/1703/3636
f 4019/111/3637 4020/1704/3638 4017/1703/3636
f 4018/110/666 4016/107/107 4021/112/3639
f 4016/107/107 4022/113/3202 4021/112/3639
f 4019/111/3637 4018/110/666 4023/114/3640
f 4021/112/3639 4023/114/3640 4018/110/666
f 4022/113/3202 4024/116/3641 4021/112/3639
f 4024/116/3641 4022/113/3202 4025/117/673
f 4026/118/674 4024/116/3641 4025/117/673
f 4023/114/3640 4021/112/3639 4027/119/3642
f 4024/116/3641 4027/119/3642 4021/112/3639
f 4028/334/676 4019/111/3637 4023/114/3640
f 4027/119/3642 4024/116/3641 4029/121/3643
f 4019/111/3637 4028/334/676 4030/335/3644
f 4020/1704/3638 4019/111/3637 4030/335/3644
f 4023/114/3640 4027/119/3642 4031/122/3645
f 4028/334/676 4023/114/3640 4031/122/3645
f 4027/119/3642 4029/121/3643 4032/123/680
f 4032/123/680 4031/122/3645 4027/119/3642
f 4029/121/3643 4024/116/3641 4033/124/3646
f 4033/124/3646 4032/123/680 4029/121/3643
f 4024/116/3641 4026/118/674 4034/120/3647
f 4024/116/3641 4034/120/3647 4033/124/3646
f 4035/125/3648 4034/120/3647 4026/118/674
f 4036/126/3212 4035/125/3648 4026/118/674
f 4033/124/3646 4034/120/3647 4037/128/3649
f 4035/125/3648 4037/128/3649 4034/120/3647
f 4036/126/3212 4038/139/3650 4035/125/3648
f 4038/139/3650 4036/126/3212 4039/127/3651
f 4040/131/3652 4037/128/3649 4035/125/3648
f 4040/131/3652 4035/125/3648 4038/139/3650
f 4039/127/3651 4041/141/697 4038/139/3650
f 4041/141/697 4039/127/3651 4042/143/87
f 4043/136/3653 4040/131/3652 4038/139/3650
f 4044/140/694 4043/136/3653 4038/139/3650
f 4044/140/694 4038/139/3650 4041/141/697
f 4043/136/3653 4045/134/3654 4040/131/3652
f 4044/140/694 4041/141/697 4046/142/3655
f 4041/141/697 4047/144/3656 4046/142/3655
f 4047/144/3656 4041/141/697 4042/143/87
f 4042/143/87 4048/145/3657 4047/144/3656
f 4040/131/3652 4045/134/3654 4049/132/3658
f 4040/131/3652 4049/132/3658 4037/128/3649
f 4049/132/3658 4045/134/3654 4050/133/3659
f 4051/146/3660 4047/144/3656 4048/145/3657
f 4047/144/3656 4051/146/3660 4052/147/3661
f 4048/145/3657 4053/148/3662 4051/146/3660
f 4049/132/3658 4050/133/3659 4054/130/3663
f 4049/132/3658 4054/130/3663 4037/128/3649
f 4050/133/3659 4055/135/3664 4054/130/3663
f 4054/130/3663 4033/124/3646 4037/128/3649
f 4053/148/3662 4056/149/3665 4051/146/3660
f 4056/149/3665 4052/147/3661 4051/146/3660
f 4056/149/3665 4053/148/3662 4057/150/3416
f 4052/147/3661 4056/149/3665 4058/151/3666
f 4059/152/3667 4056/149/3665 4057/150/3416
f 4060/154/3668 4058/151/3666 4056/149/3665
f 4056/149/3665 4059/152/3667 4060/154/3668
f 4061/155/3669 4059/152/3667 4062/156/3670
f 4059/152/3667 4061/155/3669 4060/154/3668
f 4058/151/3666 4060/154/3668 4063/153/3671
f 4063/153/3671 4064/161/3672 4058/151/3666
f 4061/155/3669 4065/158/3673 4060/154/3668
f 4065/158/3673 4063/153/3671 4060/154/3668
f 4065/158/3673 4061/155/3669 4066/178/3674
f 4067/180/3675 4068/177/3676 4066/178/3674
f 4065/158/3673 4066/178/3674 4068/177/3676
f 4069/171/3677 4065/158/3673 4068/177/3676
f 4065/158/3673 4069/171/3677 4070/168/3678
f 4063/153/3671 4065/158/3673 4070/168/3678
f 4071/170/3679 4070/168/3678 4069/171/3677
f 4070/168/3678 4071/170/3679 4072/165/3680
f 4072/165/3680 4063/153/3671 4070/168/3678
f 4073/169/3681 4072/165/3680 4071/170/3679
f 4064/161/3672 4063/153/3671 4074/160/3682
f 4063/153/3671 4072/165/3680 4074/160/3682
f 4074/160/3682 4075/162/3683 4064/161/3672
f 4076/166/3684 4072/165/3680 4073/169/3681
f 4074/160/3682 4072/165/3680 4076/166/3684
f 4077/174/3685 4076/166/3684 4073/169/3681
f 4075/162/3683 4074/160/3682 4078/163/3686
f 4076/166/3684 4078/163/3686 4074/160/3682
f 4078/163/3686 4079/164/3687 4075/162/3683
f 4076/166/3684 4080/167/3688 4078/163/3686
f 4079/164/3687 4078/163/3686 4080/167/3688
f 4076/166/3684 4077/174/3685 4081/172/3689
f 4080/167/3688 4076/166/3684 4081/172/3689
f 4081/172/3689 4077/174/3685 4082/175/3690
f 4083/194/3691 4082/175/3690 4077/174/3685
f 4081/172/3689 4084/310/3692 4080/167/3688
f 4081/172/3689 4082/175/3690 4084/310/3692
f 4080/167/3688 4085/312/3693 4079/164/3687
f 4085/312/3693 4080/167/3688 4084/310/3692
f 4079/164/3687 4085/312/3693 4086/313/3694
f 4083/194/3691 4087/308/3695 4082/175/3690
f 4087/308/3695 4084/310/3692 4082/175/3690
f 4088/220/3696 4087/308/3695 4083/194/3691
f 4089/305/3697 4087/308/3695 4088/220/3696
f 4084/310/3692 4087/308/3695 4090/311/3698
f 4087/308/3695 4089/305/3697 4091/307/3699
f 4087/308/3695 4091/307/3699 4090/311/3698
f 4092/299/3700 4091/307/3699 4089/305/3697
f 4093/314/3701 4084/310/3692 4090/311/3698
f 4084/310/3692 4093/314/3701 4085/312/3693
f 4091/307/3699 4092/299/3700 4094/306/3702
f 4092/299/3700 4095/303/3703 4094/306/3702
f 4096/309/3704 4090/311/3698 4091/307/3699
f 4091/307/3699 4094/306/3702 4096/309/3704
f 4090/311/3698 4096/309/3704 4093/314/3701
f 4095/303/3703 4097/458/3705 4094/306/3702
f 4094/306/3702 4098/456/3706 4096/309/3704
f 4097/458/3705 4098/456/3706 4094/306/3702
f 4097/458/3705 4095/303/3703 4099/460/3707
f 4100/304/3708 4099/460/3707 4095/303/3703
f 4101/457/3709 4098/456/3706 4097/458/3705
f 4102/463/3710 4099/460/3707 4100/304/3708
f 4103/486/3711 4102/463/3710 4100/304/3708
f 4104/483/3712 4102/463/3710 4103/486/3711
f 4105/459/3713 4097/458/3705 4099/460/3707
f 4102/463/3710 4105/459/3713 4099/460/3707
f 4105/459/3713 4101/457/3709 4097/458/3705
f 4106/477/3714 4102/463/3710 4104/483/3712
f 4106/477/3714 4104/483/3712 4107/480/3715
f 4108/462/3716 4105/459/3713 4102/463/3710
f 4108/462/3716 4102/463/3710 4106/477/3714
f 4107/480/3715 4109/481/3717 4110/479/3346
f 4107/480/3715 4110/479/3346 4111/478/3718
f 4106/477/3714 4107/480/3715 4111/478/3718
f 4111/478/3718 4110/479/3346 4112/476/3483
f 4111/478/3718 4112/476/3483 4113/475/3719
f 4113/475/3719 4106/477/3714 4111/478/3718
f 4113/475/3719 4112/476/3483 4114/474/3720
f 4113/475/3719 4115/472/3721 4106/477/3714
f 4115/472/3721 4108/462/3716 4106/477/3714
f 4114/474/3720 4116/473/3722 4113/475/3719
f 4113/475/3719 4116/473/3722 4115/472/3721
f 4117/436/3723 4116/473/3722 4114/474/3720
f 4118/465/3724 4108/462/3716 4115/472/3721
f 4116/473/3722 4119/471/3725 4115/472/3721
f 4119/471/3725 4118/465/3724 4115/472/3721
f 4116/473/3722 4117/436/3723 4120/440/3726
f 4119/471/3725 4116/473/3722 4120/440/3726
f 4117/436/3723 4121/435/3727 4120/440/3726
f 4121/435/3727 4117/436/3723 4122/433/1097
f 4120/440/3726 4123/441/3728 4119/471/3725
f 4122/433/1097 4124/431/1105 4121/435/3727
f 4124/431/1105 4122/433/1097 4125/432/3729
f 4124/431/1105 4125/432/3729 4126/429/3334
f 4121/435/3727 4127/438/3730 4120/440/3726
f 4123/441/3728 4120/440/3726 4127/438/3730
f 4128/434/3731 4121/435/3727 4124/431/1105
f 4121/435/3727 4128/434/3731 4127/438/3730
f 4126/429/3334 4129/428/3732 4124/431/1105
f 4130/419/3733 4129/428/3732 4126/429/3334
f 4124/431/1105 4131/430/3734 4128/434/3731
f 4124/431/1105 4129/428/3732 4131/430/3734
f 4130/419/3733 4132/426/3735 4129/428/3732
f 4133/427/3736 4131/430/3734 4129/428/3732
f 4129/428/3732 4132/426/3735 4133/427/3736
f 4132/426/3735 4130/419/3733 4134/418/3737
f 4134/418/3737 4130/419/3733 4135/416/408
f 4136/425/3738 4133/427/3736 4132/426/3735
f 4136/425/3738 4132/426/3735 4134/418/3737
f 4137/408/3739 4133/427/3736 4136/425/3738
f 4137/408/3739 4131/430/3734 4133/427/3736
f 4138/411/3740 4136/425/3738 4134/418/3737
f 4137/408/3739 4136/425/3738 4138/411/3740
f 4135/416/408 4139/410/3741 4134/418/3737
f 4138/411/3740 4134/418/3737 4139/410/3741
f 4139/410/3741 4135/416/408 4140/414/408
f 4141/407/3727 4137/408/3739 4138/411/3740
f 4138/411/3740 4139/410/3741 4141/407/3727
f 4139/410/3741 4140/414/408 4142/409/3742
f 4140/414/408 4143/415/409 4142/409/3742
f 4141/407/3727 4139/410/3741 4144/405/3743
f 4139/410/3741 4142/409/3742 4144/405/3743
f 4143/415/409 4145/412/3744 4142/409/3742
f 4145/412/3744 4143/415/409 4146/417/411
f 4142/409/3742 4147/406/1087 4144/405/3743
f 4147/406/1087 4142/409/3742 4145/412/3744
f 4144/405/3743 4147/406/1087 4148/404/3745
f 4145/412/3744 4149/413/3746 4147/406/1087
f 4150/402/3747 4144/405/3743 4148/404/3745
f 4149/413/3746 4145/412/3744 4151/420/3748
f 4146/417/411 4151/420/3748 4145/412/3744
f 4151/420/3748 4152/421/3749 4149/413/3746
f 4151/420/3748 4146/417/411 4153/422/416
f 4152/421/3749 4151/420/3748 4154/423/3750
f 4153/422/416 4154/423/3750 4151/420/3748
f 4154/423/3750 4153/422/416 4155/424/1270
f 4144/405/3743 4150/402/3747 4156/401/3751
f 4156/401/3751 4141/407/3727 4144/405/3743
f 4150/402/3747 4157/1716/3752 4156/401/3751
f 4157/1716/3752 4150/402/3747 4158/1717/3753
f 4141/407/3727 4156/401/3751 4159/403/3754
f 4159/403/3754 4156/401/3751 4157/1716/3752
f 4159/403/3754 4137/408/3739 4141/407/3727
f 4158/1717/3753 4160/396/3755 4157/1716/3752
f 4160/396/3755 4158/1717/3753 4161/395/3756
f 4162/394/3757 4160/396/3755 4161/395/3756
f 4163/343/3758 4137/408/3739 4159/403/3754
f 4163/343/3758 4131/430/3734 4137/408/3739
f 4159/403/3754 4157/1716/3752 4164/1711/3759
f 4164/1711/3759 4163/343/3758 4159/403/3754
f 4165/351/3760 4157/1716/3752 4160/396/3755
f 4157/1716/3752 4165/351/3760 4164/1711/3759
f 4160/396/3755 4162/394/3757 4166/1715/3761
f 4167/1718/3762 4166/1715/3761 4162/394/3757
f 4160/396/3755 4168/1712/3763 4165/351/3760
f 4168/1712/3763 4160/396/3755 4166/1715/3761
f 4169/347/3764 4164/1711/3759 4165/351/3760
f 4170/1709/3765 4165/351/3760 4168/1712/3763
f 4165/351/3760 4170/1709/3765 4169/347/3764
f 4171/1706/3766 4164/1711/3759 4169/347/3764
f 4163/343/3758 4164/1711/3759 4171/1706/3766
f 4169/347/3764 4170/1709/3765 4172/342/3767
f 4172/342/3767 4171/1706/3766 4169/347/3764
f 4168/1712/3763 4173/1710/3768 4170/1709/3765
f 4172/342/3767 4174/1705/3769 4171/1706/3766
f 4175/1707/3770 4172/342/3767 4170/1709/3765
f 4170/1709/3765 4173/1710/3768 4175/1707/3770
f 4020/1704/3638 4174/1705/3769 4172/342/3767
f 4175/1707/3770 4020/1704/3638 4172/342/3767
f 4014/1701/3634 4020/1704/3638 4175/1707/3770
f 4175/1707/3770 4011/1708/3632 4014/1701/3634
f 4011/1708/3632 4175/1707/3770 4173/1710/3768
f 4030/335/3644 4174/1705/3769 4020/1704/3638
f 4176/1713/3771 4011/1708/3632 4173/1710/3768
f 4011/1708/3632 4176/1713/3771 4004/1702/3626
f 3978/45/3601 4004/1702/3626 4176/1713/3771
f 4176/1713/3771 3973/42/3596 3978/45/3601
f 4174/1705/3769 4030/335/3644 4177/338/3772
f 4177/338/3772 4171/1706/3766 4174/1705/3769
f 4171/1706/3766 4177/338/3772 4163/343/3758
f 3973/42/3596 4176/1713/3771 4178/1730/3773
f 4178/1730/3773 3971/40/3594 3973/42/3596
f 4176/1713/3771 4173/1710/3768 4179/1714/3774
f 4176/1713/3771 4179/1714/3774 4178/1730/3773
f 4173/1710/3768 4168/1712/3763 4179/1714/3774
f 4166/1715/3761 4179/1714/3774 4168/1712/3763
f 3971/40/3594 4178/1730/3773 4180/1727/3775
f 4179/1714/3774 4180/1727/3775 4178/1730/3773
f 3968/37/3591 3971/40/3594 4180/1727/3775
f 4179/1714/3774 4166/1715/3761 4181/1722/3776
f 4180/1727/3775 4179/1714/3774 4181/1722/3776
f 4167/1718/3762 4181/1722/3776 4166/1715/3761
f 3968/37/3591 4180/1727/3775 4182/1728/3777
f 3968/37/3591 4182/1728/3777 3970/39/3593
f 4183/1723/3778 4180/1727/3775 4181/1722/3776
f 4180/1727/3775 4183/1723/3778 4182/1728/3777
f 4181/1722/3776 4167/1718/3762 4183/1723/3778
f 3970/39/3593 4182/1728/3777 4184/1729/3779
f 4185/375/3780 3970/39/3593 4184/1729/3779
f 4183/1723/3778 4186/1724/3781 4182/1728/3777
f 4186/1724/3781 4184/1729/3779 4182/1728/3777
f 4187/385/3782 4183/1723/3778 4167/1718/3762
f 4183/1723/3778 4187/385/3782 4186/1724/3781
f 4167/1718/3762 4188/392/3783 4189/391/3784
f 4189/391/3784 4187/385/3782 4167/1718/3762
f 4184/1729/3779 4190/382/3785 4185/375/3780
f 4185/375/3780 4190/382/3785 4191/383/3569
f 4192/380/3786 4191/383/3569 4190/382/3785
f 4184/1729/3779 4192/380/3786 4190/382/3785
f 4191/383/3569 4192/380/3786 4193/384/1
f 4194/1726/3536 4192/380/3786 4184/1729/3779
f 4186/1724/3781 4194/1726/3536 4184/1729/3779
f 4195/1725/3535 4194/1726/3536 4186/1724/3781
f 4186/1724/3781 4196/381/3532 4195/1725/3535
f 4196/381/3532 4186/1724/3781 4187/385/3782
f 4197/386/3787 4196/381/3532 4187/385/3782
f 4197/386/3787 4198/389/3788 4199/388/1270
f 4200/387/3789 4197/386/3787 4187/385/3782
f 4198/389/3788 4197/386/3787 4200/387/3789
f 4200/387/3789 4187/385/3782 4189/391/3784
f 4200/387/3789 4201/390/3790 4198/389/3788
f 4201/390/3790 4200/387/3789 4189/391/3784
f 4202/3/3 4203/2/3791 4204/1/3792
f 4205/4/3793 4203/2/3791 4202/3/3
f 4202/3/3 4206/5/5 4205/4/3793
f 4205/4/3793 4206/5/5 4207/6/3794
f 4207/6/3794 4206/5/5 4208/7/3380
f 4207/6/3794 4208/7/3380 4209/8/3795
f 4210/11/3796 4209/8/3795 4208/7/3380
f 4207/6/3794 4209/8/3795 4211/9/520
f 4212/10/3797 4209/8/3795 4210/11/3796
f 4213/12/3383 4212/10/3797 4210/11/3796
f 4214/13/3798 4211/9/520 4209/8/3795
f 4209/8/3795 4212/10/3797 4215/14/525
f 4215/14/525 4214/13/3798 4209/8/3795
f 4213/12/3383 4216/15/526 4212/10/3797
f 4216/15/526 4215/14/525 4212/10/3797
f 4214/13/3798 4217/16/3577 4211/9/520
f 4217/16/3577 4218/17/3578 4211/9/520
f 4217/16/3577 4219/21/3579 4218/17/3578
f 4215/14/525 4220/18/529 4214/13/3798
f 4220/18/529 4217/16/3577 4214/13/3798
f 4216/15/526 4221/19/533 4215/14/525
f 4221/19/533 4220/18/529 4215/14/525
f 4219/21/3579 4217/16/3577 4222/20/3799
f 4223/22/3800 4217/16/3577 4220/18/529
f 4217/16/3577 4223/22/3800 4222/20/3799
f 4224/23/3582 4220/18/529 4221/19/533
f 4220/18/529 4224/23/3582 4223/22/3800
f 4222/20/3799 4225/24/3583 4219/21/3579
f 4225/24/3583 4226/25/3584 4219/21/3579
f 4223/22/3800 4227/26/3801 4222/20/3799
f 4227/26/3801 4225/24/3583 4222/20/3799
f 4225/24/3583 4228/1731/3802 4226/25/3584
f 4229/1732/3587 4226/25/3584 4228/1731/3802
f 4228/1731/3802 4230/32/3803 4229/1732/3587
f 4228/1731/3802 4225/24/3583 4231/1733/3589
f 4227/26/3801 4231/1733/3589 4225/24/3583
f 4232/34/3590 4230/32/3803 4228/1731/3802
f 4231/1733/3589 4232/34/3590 4228/1731/3802
f 4233/37/3804 4230/32/3803 4232/34/3590
f 4230/32/3803 4233/37/3804 4234/38/3805
f 4235/39/3806 4234/38/3805 4233/37/3804
f 4231/1733/3589 4236/40/3594 4232/34/3590
f 4236/40/3594 4233/37/3804 4232/34/3590
f 4231/1733/3589 4227/26/3801 4237/1734/3807
f 4231/1733/3589 4238/42/3596 4236/40/3594
f 4238/42/3596 4231/1733/3589 4237/1734/3807
f 4239/33/3597 4227/26/3801 4223/22/3800
f 4239/33/3597 4237/1734/3807 4227/26/3801
f 4224/23/3582 4239/33/3597 4223/22/3800
f 4240/1735/3598 4237/1734/3807 4239/33/3597
f 4241/50/3808 4239/33/3597 4224/23/3582
f 4241/50/3808 4240/1735/3598 4239/33/3597
f 4242/53/3809 4241/50/3808 4224/23/3582
f 4221/19/533 4242/53/3809 4224/23/3582
f 4243/45/3601 4237/1734/3807 4240/1735/3598
f 4237/1734/3807 4243/45/3601 4238/42/3596
f 4242/53/3809 4221/19/533 4244/55/3602
f 4216/15/526 4244/55/3602 4221/19/533
f 4245/54/3603 4241/50/3808 4242/53/3809
f 4244/55/3602 4216/15/526 4246/57/3810
f 4213/12/3383 4246/57/3810 4216/15/526
f 4246/57/3810 4213/12/3383 4247/58/3811
f 4248/59/3812 4246/57/3810 4247/58/3811
f 4248/59/3812 4249/60/3813 4246/57/3810
f 4246/57/3810 4250/56/3814 4244/55/3602
f 4246/57/3810 4249/60/3813 4250/56/3814
f 4244/55/3602 4250/56/3814 4242/53/3809
f 4242/53/3809 4250/56/3814 4245/54/3603
f 4251/61/3815 4250/56/3814 4249/60/3813
f 4245/54/3603 4252/1736/3609 4241/50/3808
f 4252/1736/3609 4240/1735/3598 4241/50/3808
f 4250/56/3814 4253/64/3816 4245/54/3603
f 4253/64/3816 4252/1736/3609 4245/54/3603
f 4251/61/3815 4254/62/3817 4250/56/3814
f 4253/64/3816 4250/56/3814 4254/62/3817
f 4254/62/3817 4251/61/3815 4255/63/3612
f 4256/67/3614 4257/1719/3613 4255/63/3612
f 4255/63/3612 4257/1719/3613 4258/1688/3615
f 4255/63/3612 4258/1688/3615 4254/62/3817
f 4259/76/3616 4258/1688/3615 4257/1719/3613
f 4254/62/3817 4260/1690/3617 4253/64/3816
f 4258/1688/3615 4260/1690/3617 4254/62/3817
f 4258/1688/3615 4259/76/3616 4261/75/3618
f 4258/1688/3615 4261/75/3618 4260/1690/3617
f 4259/76/3616 4262/1691/3619 4261/75/3618
f 4262/1691/3619 4259/76/3616 4263/1692/3620
f 4263/1692/3620 4264/1693/646 4262/1691/3619
f 4260/1690/3617 4265/1737/3622 4253/64/3816
f 4253/64/3816 4265/1737/3622 4252/1736/3609
f 4260/1690/3617 4266/74/3623 4265/1737/3622
f 4266/74/3623 4252/1736/3609 4265/1737/3622
f 4260/1690/3617 4261/75/3618 4267/77/3624
f 4260/1690/3617 4267/77/3624 4266/74/3623
f 4262/1691/3619 4267/77/3624 4261/75/3618
f 4252/1736/3609 4266/74/3623 4268/49/3625
f 4267/77/3624 4268/49/3625 4266/74/3623
f 4268/49/3625 4240/1735/3598 4252/1736/3609
f 4240/1735/3598 4268/49/3625 4243/45/3601
f 4268/49/3625 4267/77/3624 4269/1702/3626
f 4269/1702/3626 4243/45/3601 4268/49/3625
f 4267/77/3624 4262/1691/3619 4270/1696/3818
f 4270/1696/3818 4269/1702/3626 4267/77/3624
f 4262/1691/3619 4271/1694/3819 4270/1696/3818
f 4262/1691/3619 4264/1693/646 4271/1694/3819
f 4264/1693/646 4272/1720/3629 4271/1694/3819
f 4270/1696/3818 4271/1694/3819 4273/1699/3630
f 4270/1696/3818 4273/1699/3630 4269/1702/3626
f 4271/1694/3819 4272/1720/3629 4274/1697/3631
f 4271/1694/3819 4274/1697/3631 4273/1699/3630
f 4275/1721/626 4274/1697/3631 4272/1720/3629
f 4274/1697/3631 4275/1721/626 4276/1700/3820
f 4277/104/3194 4276/1700/3820 4275/1721/626
f 4273/1699/3630 4274/1697/3631 4278/1701/3821
f 4276/1700/3820 4278/1701/3821 4274/1697/3631
f 4276/1700/3820 4277/104/3194 4279/106/3635
f 4280/107/107 4279/106/3635 4277/104/3194
f 4278/1701/3821 4276/1700/3820 4281/1703/3822
f 4279/106/3635 4281/1703/3822 4276/1700/3820
f 4273/1699/3630 4278/1701/3821 4282/1708/3823
f 4282/1708/3823 4269/1702/3626 4273/1699/3630
f 4281/1703/3822 4283/1707/3824 4278/1701/3821
f 4283/1707/3824 4282/1708/3823 4278/1701/3821
f 4281/1703/3822 4279/106/3635 4284/111/3825
f 4283/1707/3824 4281/1703/3822 4285/1704/3826
f 4284/111/3825 4285/1704/3826 4281/1703/3822
f 4279/106/3635 4280/107/107 4286/110/666
f 4286/110/666 4284/111/3825 4279/106/3635
f 4286/110/666 4280/107/107 4287/112/669
f 4280/107/107 4288/113/670 4287/112/669
f 4284/111/3825 4286/110/666 4289/114/3640
f 4287/112/669 4289/114/3640 4286/110/666
f 4288/113/670 4290/116/3827 4287/112/669
f 4290/116/3827 4288/113/670 4291/117/673
f 4292/118/674 4290/116/3827 4291/117/673
f 4289/114/3640 4287/112/669 4293/119/3828
f 4290/116/3827 4293/119/3828 4287/112/669
f 4294/334/676 4284/111/3825 4289/114/3640
f 4293/119/3828 4290/116/3827 4295/121/3829
f 4284/111/3825 4294/334/676 4296/335/3644
f 4285/1704/3826 4284/111/3825 4296/335/3644
f 4289/114/3640 4293/119/3828 4297/122/679
f 4294/334/676 4289/114/3640 4297/122/679
f 4293/119/3828 4295/121/3829 4298/123/680
f 4298/123/680 4297/122/679 4293/119/3828
f 4295/121/3829 4290/116/3827 4299/124/3646
f 4299/124/3646 4298/123/680 4295/121/3829
f 4290/116/3827 4292/118/674 4300/120/3647
f 4290/116/3827 4300/120/3647 4299/124/3646
f 4301/125/3830 4300/120/3647 4292/118/674
f 4302/126/126 4301/125/3830 4292/118/674
f 4302/126/126 4303/127/1615 4301/125/3830
f 4299/124/3646 4300/120/3647 4304/128/684
f 4301/125/3830 4304/128/684 4300/120/3647
f 4298/123/680 4299/124/3646 4305/129/685
f 4301/125/3830 4303/127/1615 4306/139/686
f 4299/124/3646 4307/130/687 4305/129/685
f 4307/130/687 4299/124/3646 4304/128/684
f 4308/131/3831 4304/128/684 4301/125/3830
f 4308/131/3831 4301/125/3830 4306/139/686
f 4309/132/3658 4307/130/687 4304/128/684
f 4308/131/3831 4309/132/3658 4304/128/684
f 4309/132/3658 4310/133/690 4307/130/687
f 4309/132/3658 4311/134/691 4310/133/690
f 4308/131/3831 4311/134/691 4309/132/3658
f 4310/133/690 4312/135/3832 4307/130/687
f 4313/136/693 4311/134/691 4308/131/3831
f 4313/136/693 4308/131/3831 4306/139/686
f 4314/140/694 4313/136/693 4306/139/686
f 4307/130/687 4312/135/3832 4315/137/695
f 4315/137/695 4305/129/685 4307/130/687
f 4312/135/3832 4316/138/3833 4315/137/695
f 4314/140/694 4306/139/686 4317/141/697
f 4303/127/1615 4317/141/697 4306/139/686
f 4314/140/694 4317/141/697 4318/142/3834
f 4317/141/697 4303/127/1615 4319/143/87
f 4317/141/697 4320/144/700 4318/142/3834
f 4317/141/697 4319/143/87 4320/144/700
f 4319/143/87 4321/145/3835 4320/144/700
f 4322/146/3836 4320/144/700 4321/145/3835
f 4320/144/700 4322/146/3836 4323/147/3661
f 4321/145/3835 4324/148/3662 4322/146/3836
f 4325/149/3837 4323/147/3661 4322/146/3836
f 4324/148/3662 4325/149/3837 4322/146/3836
f 4325/149/3837 4324/148/3662 4326/150/3227
f 4323/147/3661 4325/149/3837 4327/151/3838
f 4328/152/3839 4325/149/3837 4326/150/3227
f 4325/149/3837 4329/153/3840 4327/151/3838
f 4329/153/3840 4330/161/3841 4327/151/3838
f 4325/149/3837 4328/152/3839 4331/154/3842
f 4331/154/3842 4329/153/3840 4325/149/3837
f 4332/155/3843 4328/152/3839 4333/156/3844
f 4328/152/3839 4332/155/3843 4331/154/3842
f 4332/155/3843 4334/158/3845 4331/154/3842
f 4334/158/3845 4329/153/3840 4331/154/3842
f 4334/158/3845 4332/155/3843 4335/178/3846
f 4336/180/3847 4337/177/3848 4335/178/3846
f 4335/178/3846 4337/177/3848 4334/158/3845
f 4338/171/3849 4334/158/3845 4337/177/3848
f 4334/158/3845 4338/171/3849 4339/168/3850
f 4329/153/3840 4334/158/3845 4339/168/3850
f 4340/170/3851 4339/168/3850 4338/171/3849
f 4339/168/3850 4340/170/3851 4341/165/3852
f 4341/165/3852 4329/153/3840 4339/168/3850
f 4342/169/3853 4341/165/3852 4340/170/3851
f 4329/153/3840 4341/165/3852 4343/160/3854
f 4330/161/3841 4329/153/3840 4343/160/3854
f 4343/160/3854 4344/162/3683 4330/161/3841
f 4345/166/3855 4341/165/3852 4342/169/3853
f 4343/160/3854 4341/165/3852 4345/166/3855
f 4346/174/3856 4345/166/3855 4342/169/3853
f 4344/162/3683 4343/160/3854 4347/163/3857
f 4345/166/3855 4347/163/3857 4343/160/3854
f 4347/163/3857 4348/164/3687 4344/162/3683
f 4345/166/3855 4346/174/3856 4349/172/3858
f 4345/166/3855 4350/167/3859 4347/163/3857
f 4350/167/3859 4345/166/3855 4349/172/3858
f 4348/164/3687 4347/163/3857 4350/167/3859
f 4346/174/3856 4351/175/3860 4349/172/3858
f 4351/175/3860 4350/167/3859 4349/172/3858
f 4346/174/3856 4352/194/3861 4351/175/3860
f 4350/167/3859 4353/312/3693 4348/164/3687
f 4348/164/3687 4353/312/3693 4354/313/3862
f 4350/167/3859 4351/175/3860 4355/310/3863
f 4353/312/3693 4350/167/3859 4355/310/3863
f 4352/194/3861 4356/308/3864 4351/175/3860
f 4356/308/3864 4355/310/3863 4351/175/3860
f 4352/194/3861 4357/220/3865 4356/308/3864
f 4358/305/3866 4356/308/3864 4357/220/3865
f 4355/310/3863 4359/314/3701 4353/312/3693
f 4356/308/3864 4358/305/3866 4360/307/3867
f 4361/299/3868 4360/307/3867 4358/305/3866
f 4355/310/3863 4356/308/3864 4362/311/3869
f 4359/314/3701 4355/310/3863 4362/311/3869
f 4356/308/3864 4363/309/3870 4362/311/3869
f 4363/309/3870 4356/308/3864 4360/307/3867
f 4362/311/3869 4363/309/3870 4359/314/3701
f 4360/307/3867 4361/299/3868 4364/306/3871
f 4360/307/3867 4364/306/3871 4363/309/3870
f 4361/299/3868 4365/303/3872 4364/306/3871
f 4366/315/3873 4353/312/3693 4359/314/3701
f 4354/313/3862 4353/312/3693 4366/315/3873
f 4366/315/3873 4359/314/3701 4367/318/3874
f 4354/313/3862 4366/315/3873 4368/316/866
f 4368/316/866 4366/315/3873 4367/318/3874
f 4369/317/3875 4354/313/3862 4368/316/866
f 4369/317/3875 4368/316/866 4316/138/3833
f 4359/314/3701 4370/321/3876 4367/318/3874
f 4359/314/3701 4363/309/3870 4370/321/3876
f 4316/138/3833 4368/316/866 4371/319/3877
f 4315/137/695 4316/138/3833 4371/319/3877
f 4368/316/866 4367/318/3874 4372/320/3878
f 4371/319/3877 4368/316/866 4372/320/3878
f 4371/319/3877 4373/324/3879 4315/137/695
f 4373/324/3879 4371/319/3877 4372/320/3878
f 4373/324/3879 4374/325/3880 4315/137/695
f 4374/325/3880 4305/129/685 4315/137/695
f 4298/123/680 4305/129/685 4374/325/3880
f 4372/320/3878 4367/318/3874 4375/322/872
f 4367/318/3874 4370/321/3876 4375/322/872
f 4374/325/3880 4376/327/3881 4298/123/680
f 4376/327/3881 4297/122/679 4298/123/680
f 4374/325/3880 4373/324/3879 4377/326/3882
f 4377/326/3882 4376/327/3881 4374/325/3880
f 4378/323/3883 4373/324/3879 4372/320/3878
f 4378/323/3883 4377/326/3882 4373/324/3879
f 4375/322/872 4378/323/3883 4372/320/3878
f 4379/328/3884 4376/327/3881 4377/326/3882
f 4297/122/679 4376/327/3881 4380/329/3885
f 4379/328/3884 4380/329/3885 4376/327/3881
f 4380/329/3885 4381/331/3886 4297/122/679
f 4294/334/676 4297/122/679 4381/331/3886
f 4382/332/3887 4380/329/3885 4379/328/3884
f 4381/331/3886 4380/329/3885 4382/332/3887
f 4383/330/882 4379/328/3884 4377/326/3882
f 4377/326/3882 4378/323/3883 4383/330/882
f 4379/328/3884 4384/333/3888 4382/332/3887
f 4379/328/3884 4383/330/882 4384/333/3888
f 4382/332/3887 4384/333/3888 4385/442/3889
f 4383/330/882 4386/444/3890 4384/333/3888
f 4385/442/3889 4384/333/3888 4386/444/3890
f 4387/446/3891 4383/330/882 4378/323/3883
f 4386/444/3890 4383/330/882 4387/446/3891
f 4385/442/3889 4388/439/3892 4382/332/3887
f 4388/439/3892 4381/331/3886 4382/332/3887
f 4386/444/3890 4389/443/3893 4385/442/3889
f 4388/439/3892 4385/442/3889 4389/443/3893
f 4386/444/3890 4387/446/3891 4390/447/3894
f 4389/443/3893 4386/444/3890 4390/447/3894
f 4378/323/3883 4391/448/3895 4387/446/3891
f 4378/323/3883 4375/322/872 4391/448/3895
f 4391/448/3895 4392/449/891 4387/446/3891
f 4390/447/3894 4387/446/3891 4392/449/891
f 4375/322/872 4393/450/3896 4391/448/3895
f 4393/450/3896 4392/449/891 4391/448/3895
f 4394/451/3897 4393/450/3896 4375/322/872
f 4370/321/3876 4394/451/3897 4375/322/872
f 4392/449/891 4393/450/3896 4395/452/3898
f 4395/452/3898 4390/447/3894 4392/449/891
f 4396/453/3899 4393/450/3896 4394/451/3897
f 4393/450/3896 4396/453/3899 4395/452/3898
f 4397/454/3900 4394/451/3897 4370/321/3876
f 4363/309/3870 4397/454/3900 4370/321/3876
f 4398/455/3901 4396/453/3899 4394/451/3897
f 4398/455/3901 4394/451/3897 4397/454/3900
f 4363/309/3870 4399/456/3902 4397/454/3900
f 4364/306/3871 4399/456/3902 4363/309/3870
f 4400/457/3709 4398/455/3901 4397/454/3900
f 4400/457/3709 4397/454/3900 4399/456/3902
f 4401/458/3903 4399/456/3902 4364/306/3871
f 4400/457/3709 4399/456/3902 4401/458/3903
f 4365/303/3872 4401/458/3903 4364/306/3871
f 4401/458/3903 4365/303/3872 4402/460/3904
f 4403/304/3905 4402/460/3904 4365/303/3872
f 4404/459/3906 4400/457/3709 4401/458/3903
f 4404/459/3906 4401/458/3903 4402/460/3904
f 4405/463/3907 4402/460/3904 4403/304/3905
f 4405/463/3907 4404/459/3906 4402/460/3904
f 4406/486/3908 4405/463/3907 4403/304/3905
f 4407/483/3909 4405/463/3907 4406/486/3908
f 4408/461/3910 4400/457/3709 4404/459/3906
f 4398/455/3901 4400/457/3709 4408/461/3910
f 4404/459/3906 4405/463/3907 4409/462/3716
f 4409/462/3716 4408/461/3910 4404/459/3906
f 4410/477/3911 4405/463/3907 4407/483/3909
f 4409/462/3716 4405/463/3907 4410/477/3911
f 4411/480/3912 4410/477/3911 4407/483/3909
f 4411/480/3912 4412/481/3913 4413/479/3914
f 4411/480/3912 4413/479/3914 4414/478/3915
f 4410/477/3911 4411/480/3912 4414/478/3915
f 4414/478/3915 4413/479/3914 4415/476/3916
f 4414/478/3915 4415/476/3916 4416/475/3917
f 4416/475/3917 4410/477/3911 4414/478/3915
f 4416/475/3917 4415/476/3916 4417/474/3485
f 4416/475/3917 4418/472/3918 4410/477/3911
f 4418/472/3918 4409/462/3716 4410/477/3911
f 4417/474/3485 4419/473/3722 4416/475/3917
f 4416/475/3917 4419/473/3722 4418/472/3918
f 4420/436/3919 4419/473/3722 4417/474/3485
f 4421/465/3920 4409/462/3716 4418/472/3918
f 4421/465/3920 4408/461/3910 4409/462/3716
f 4419/473/3722 4422/471/3921 4418/472/3918
f 4422/471/3921 4421/465/3920 4418/472/3918
f 4419/473/3722 4420/436/3919 4423/440/3726
f 4422/471/3921 4419/473/3722 4423/440/3726
f 4420/436/3919 4424/435/3727 4423/440/3726
f 4424/435/3727 4420/436/3919 4425/433/3733
f 4423/440/3726 4426/441/3728 4422/471/3921
f 4425/433/3733 4427/431/1105 4424/435/3727
f 4427/431/1105 4425/433/3733 4428/432/1106
f 4427/431/1105 4428/432/1106 4429/429/3491
f 4424/435/3727 4430/438/3922 4423/440/3726
f 4426/441/3728 4423/440/3726 4430/438/3922
f 4431/434/3731 4424/435/3727 4427/431/1105
f 4424/435/3727 4431/434/3731 4430/438/3922
f 4429/429/3491 4432/428/3732 4427/431/1105
f 4433/419/3923 4432/428/3732 4429/429/3491
f 4427/431/1105 4434/430/3924 4431/434/3731
f 4427/431/1105 4432/428/3732 4434/430/3924
f 4433/419/3923 4435/426/1101 4432/428/3732
f 4436/427/3925 4434/430/3924 4432/428/3732
f 4432/428/3732 4435/426/1101 4436/427/3925
f 4435/426/1101 4433/419/3923 4437/418/3926
f 4437/418/3926 4433/419/3923 4438/416/408
f 4439/425/3927 4436/427/3925 4435/426/1101
f 4439/425/3927 4435/426/1101 4437/418/3926
f 4440/408/3928 4436/427/3925 4439/425/3927
f 4440/408/3928 4434/430/3924 4436/427/3925
f 4441/411/1098 4439/425/3927 4437/418/3926
f 4440/408/3928 4439/425/3927 4441/411/1098
f 4438/416/408 4442/410/1091 4437/418/3926
f 4441/411/1098 4437/418/3926 4442/410/1091
f 4442/410/1091 4438/416/408 4443/414/408
f 4444/407/3727 4440/408/3928 4441/411/1098
f 4441/411/1098 4442/410/1091 4444/407/3727
f 4442/410/1091 4443/414/408 4445/409/1088
f 4443/414/408 4446/415/409 4445/409/1088
f 4444/407/3727 4442/410/1091 4447/405/3929
f 4442/410/1091 4445/409/1088 4447/405/3929
f 4446/415/409 4448/412/3930 4445/409/1088
f 4448/412/3930 4446/415/409 4449/417/411
f 4445/409/1088 4450/406/1087 4447/405/3929
f 4450/406/1087 4445/409/1088 4448/412/3930
f 4447/405/3929 4450/406/1087 4451/404/1090
f 4448/412/3930 4452/413/3931 4450/406/1087
f 4453/401/3932 4447/405/3929 4451/404/1090
f 4453/401/3932 4444/407/3727 4447/405/3929
f 4451/404/1090 4454/402/3933 4453/401/3932
f 4452/413/3931 4448/412/3930 4455/420/3934
f 4449/417/411 4455/420/3934 4448/412/3930
f 4455/420/3934 4456/421/3935 4452/413/3931
f 4455/420/3934 4449/417/411 4457/422/416
f 4456/421/3935 4455/420/3934 4458/423/3936
f 4457/422/416 4458/423/3936 4455/420/3934
f 4458/423/3936 4457/422/416 4459/424/382
f 4454/402/3933 4460/1716/3752 4453/401/3932
f 4460/1716/3752 4454/402/3933 4461/1717/3753
f 4444/407/3727 4453/401/3932 4462/403/3937
f 4462/403/3937 4453/401/3932 4460/1716/3752
f 4462/403/3937 4440/408/3928 4444/407/3727
f 4461/1717/3753 4463/396/3755 4460/1716/3752
f 4463/396/3755 4461/1717/3753 4464/395/3756
f 4465/394/3938 4463/396/3755 4464/395/3756
f 4466/343/3939 4440/408/3928 4462/403/3937
f 4466/343/3939 4434/430/3924 4440/408/3928
f 4463/396/3755 4465/394/3938 4467/1715/3761
f 4468/1718/3940 4467/1715/3761 4465/394/3938
f 4434/430/3924 4466/343/3939 4469/341/3941
f 4431/434/3731 4434/430/3924 4469/341/3941
f 4468/1718/3940 4470/392/3942 4471/391/3943
f 4469/341/3941 4472/437/3944 4431/434/3731
f 4472/437/3944 4430/438/3922 4431/434/3731
f 4466/343/3939 4473/338/3945 4469/341/3941
f 4430/438/3922 4472/437/3944 4388/439/3892
f 4430/438/3922 4388/439/3892 4389/443/3893
f 4381/331/3886 4388/439/3892 4472/437/3944
f 4430/438/3922 4389/443/3893 4426/441/3728
f 4474/336/3946 4381/331/3886 4472/437/3944
f 4469/341/3941 4474/336/3946 4472/437/3944
f 4474/336/3946 4294/334/676 4381/331/3886
f 4473/338/3945 4474/336/3946 4469/341/3941
f 4474/336/3946 4296/335/3644 4294/334/676
f 4296/335/3644 4474/336/3946 4473/338/3945
f 4475/445/3947 4426/441/3728 4389/443/3893
f 4426/441/3728 4475/445/3947 4422/471/3921
f 4475/445/3947 4389/443/3893 4390/447/3894
f 4422/471/3921 4475/445/3947 4421/465/3920
f 4476/470/3948 4475/445/3947 4390/447/3894
f 4476/470/3948 4421/465/3920 4475/445/3947
f 4476/470/3948 4390/447/3894 4477/469/3949
f 4390/447/3894 4395/452/3898 4477/469/3949
f 4478/467/3950 4421/465/3920 4476/470/3948
f 4421/465/3920 4478/467/3950 4408/461/3910
f 4477/469/3949 4479/468/3951 4476/470/3948
f 4479/468/3951 4478/467/3950 4476/470/3948
f 4395/452/3898 4480/466/3952 4477/469/3949
f 4480/466/3952 4479/468/3951 4477/469/3949
f 4395/452/3898 4396/453/3899 4480/466/3952
f 4479/468/3951 4481/464/3953 4478/467/3950
f 4480/466/3952 4481/464/3953 4479/468/3951
f 4481/464/3953 4408/461/3910 4478/467/3950
f 4480/466/3952 4396/453/3899 4481/464/3953
f 4481/464/3953 4398/455/3901 4408/461/3910
f 4481/464/3953 4396/453/3899 4398/455/3901
f 4482/1705/3769 4296/335/3644 4473/338/3945
f 4296/335/3644 4482/1705/3769 4285/1704/3826
f 4473/338/3945 4483/1706/3954 4482/1705/3769
f 4483/1706/3954 4473/338/3945 4466/343/3939
f 4462/403/3937 4483/1706/3954 4466/343/3939
f 4285/1704/3826 4482/1705/3769 4484/342/3767
f 4484/342/3767 4482/1705/3769 4483/1706/3954
f 4283/1707/3824 4285/1704/3826 4484/342/3767
f 4483/1706/3954 4462/403/3937 4485/1711/3955
f 4462/403/3937 4460/1716/3752 4485/1711/3955
f 4484/342/3767 4483/1706/3954 4486/347/3764
f 4483/1706/3954 4485/1711/3955 4486/347/3764
f 4283/1707/3824 4484/342/3767 4487/1709/3956
f 4486/347/3764 4487/1709/3956 4484/342/3767
f 4487/1709/3956 4282/1708/3823 4283/1707/3824
f 4486/347/3764 4485/1711/3955 4488/351/3760
f 4460/1716/3752 4488/351/3760 4485/1711/3955
f 4488/351/3760 4487/1709/3956 4486/347/3764
f 4488/351/3760 4460/1716/3752 4463/396/3755
f 4463/396/3755 4489/1712/3763 4488/351/3760
f 4487/1709/3956 4488/351/3760 4489/1712/3763
f 4489/1712/3763 4463/396/3755 4467/1715/3761
f 4282/1708/3823 4487/1709/3956 4490/1710/3957
f 4489/1712/3763 4490/1710/3957 4487/1709/3956
f 4491/1713/3958 4282/1708/3823 4490/1710/3957
f 4282/1708/3823 4491/1713/3958 4269/1702/3626
f 4243/45/3601 4269/1702/3626 4491/1713/3958
f 4491/1713/3958 4238/42/3596 4243/45/3601
f 4490/1710/3957 4489/1712/3763 4492/1714/3774
f 4491/1713/3958 4490/1710/3957 4492/1714/3774
f 4467/1715/3761 4492/1714/3774 4489/1712/3763
f 4238/42/3596 4491/1713/3958 4493/1730/3959
f 4491/1713/3958 4492/1714/3774 4493/1730/3959
f 4493/1730/3959 4236/40/3594 4238/42/3596
f 4492/1714/3774 4467/1715/3761 4494/1722/3960
f 4236/40/3594 4493/1730/3959 4495/1727/3961
f 4492/1714/3774 4495/1727/3961 4493/1730/3959
f 4495/1727/3961 4492/1714/3774 4494/1722/3960
f 4495/1727/3961 4233/37/3804 4236/40/3594
f 4468/1718/3940 4494/1722/3960 4467/1715/3761
f 4233/37/3804 4495/1727/3961 4496/1728/3962
f 4233/37/3804 4496/1728/3962 4235/39/3806
f 4497/1723/3778 4495/1727/3961 4494/1722/3960
f 4494/1722/3960 4468/1718/3940 4497/1723/3778
f 4495/1727/3961 4497/1723/3778 4496/1728/3962
f 4498/385/3963 4497/1723/3778 4468/1718/3940
f 4471/391/3943 4498/385/3963 4468/1718/3940
f 4497/1723/3778 4499/1724/3781 4496/1728/3962
f 4497/1723/3778 4498/385/3963 4499/1724/3781
f 4235/39/3806 4496/1728/3962 4500/1729/3964
f 4499/1724/3781 4500/1729/3964 4496/1728/3962
f 4501/375/3965 4235/39/3806 4500/1729/3964
f 4502/381/3532 4499/1724/3781 4498/385/3963
f 4499/1724/3781 4502/381/3532 4503/1725/3535
f 4503/1725/3535 4504/1726/3536 4499/1724/3781
f 4499/1724/3781 4504/1726/3536 4500/1729/3964
f 4505/386/378 4502/381/3532 4498/385/3963
f 4504/1726/3536 4506/380/377 4500/1729/3964
f 4507/387/3966 4505/386/378 4498/385/3963
f 4507/387/3966 4498/385/3963 4471/391/3943
f 4507/387/3966 4508/388/382 4505/386/378
f 4509/390/3935 4507/387/3966 4471/391/3943
f 4508/388/382 4507/387/3966 4510/389/3967
f 4507/387/3966 4509/390/3935 4510/389/3967
f 4500/1729/3964 4511/382/3968 4501/375/3965
f 4500/1729/3964 4506/380/377 4511/382/3968
f 4501/375/3965 4511/382/3968 4512/383/3969
f 4506/380/377 4512/383/3969 4511/382/3968
f 4512/383/3969 4506/380/377 4513/384/1
f 4514/422/416 4515/423/3970 4516/424/3971
f 4514/422/416 4517/420/3972 4515/423/3970
f 4517/420/3972 4518/421/3973 4515/423/3970
f 4519/417/411 4517/420/3972 4514/422/416
f 4520/413/3974 4518/421/3973 4517/420/3972
f 4519/417/411 4521/412/3975 4517/420/3972
f 4521/412/3975 4520/413/3974 4517/420/3972
f 4522/415/409 4521/412/3975 4519/417/411
f 4521/412/3975 3565/406/400 4520/413/3974
f 4522/415/409 4523/409/403 4521/412/3975
f 3565/406/400 4521/412/3975 4523/409/403
f 3579/414/408 4523/409/403 4522/415/409
f 4523/409/403 3563/405/3322 3565/406/400
f 3568/410/3326 4523/409/403 3579/414/408
f 3568/410/3326 3563/405/3322 4523/409/403
f 4524/587/3976 4525/588/3977 4526/589/3659
f 4527/590/3978 4524/587/3976 4526/589/3659
f 4528/591/3979 4524/587/3976 4527/590/3978
f 4529/592/1125 4527/590/3978 4526/589/3659
f 4528/591/3979 4527/590/3978 4530/593/3980
f 4530/593/3980 4527/590/3978 4529/592/1125
f 4531/594/3981 4528/591/3979 4530/593/3980
f 4530/593/3980 4532/598/3982 4531/594/3981
f 4529/592/1125 4533/595/1139 4530/593/3980
f 4533/595/1139 4529/592/1125 4534/596/3983
f 4532/598/3982 4530/593/3980 4535/597/3984
f 4530/593/3980 4533/595/1139 4535/597/3984
f 4536/599/3985 4532/598/3982 4535/597/3984
f 4534/596/3983 4537/600/3986 4533/595/1139
f 4537/600/3986 4534/596/3983 4538/601/694
f 4538/601/694 4539/602/3655 4537/600/3986
f 4540/603/3987 4536/599/3985 4535/597/3984
f 4540/603/3987 4541/604/3988 4536/599/3985
f 4535/597/3984 4533/595/1139 4542/605/3989
f 4541/604/3988 4540/603/3987 4543/606/3990
f 4544/607/3991 4541/604/3988 4543/606/3990
f 4535/597/3984 4545/608/3992 4540/603/3987
f 4545/608/3992 4543/606/3990 4540/603/3987
f 4545/608/3992 4535/597/3984 4542/605/3989
f 4546/609/3993 4544/607/3991 4543/606/3990
f 4543/606/3990 4545/608/3992 4547/610/3994
f 4547/610/3994 4546/609/3993 4543/606/3990
f 4542/605/3989 4548/611/3995 4545/608/3992
f 4547/610/3994 4545/608/3992 4548/611/3995
f 4542/605/3989 4533/595/1139 4549/612/3996
f 4548/611/3995 4542/605/3989 4549/612/3996
f 4533/595/1139 4537/600/3986 4549/612/3996
f 4548/611/3995 4550/613/3997 4547/610/3994
f 4550/613/3997 4546/609/3993 4547/610/3994
f 4548/611/3995 4549/612/3996 4551/614/3998
f 4551/614/3998 4550/613/3997 4548/611/3995
f 4537/600/3986 4552/615/3999 4549/612/3996
f 4549/612/3996 4553/616/4000 4551/614/3998
f 4552/615/3999 4553/616/4000 4549/612/3996
f 4554/617/4001 4550/613/3997 4551/614/3998
f 4554/617/4001 4551/614/3998 4553/616/4000
f 4537/600/3986 4555/620/4002 4552/615/3999
f 4537/600/3986 4539/602/3655 4555/620/4002
f 4556/621/4003 4553/616/4000 4552/615/3999
f 4555/620/4002 4556/621/4003 4552/615/3999
f 4557/619/4004 4554/617/4001 4553/616/4000
f 4553/616/4000 4556/621/4003 4557/619/4004
f 4539/602/3655 4558/623/4005 4555/620/4002
f 4539/602/3655 4559/624/4006 4558/623/4005
f 4559/624/4006 4560/625/4007 4558/623/4005
f 4558/623/4005 4561/626/4008 4555/620/4002
f 4558/623/4005 4560/625/4007 4561/626/4008
f 4556/621/4003 4555/620/4002 4562/627/4009
f 4555/620/4002 4561/626/4008 4562/627/4009
f 4560/625/4007 4563/628/4010 4561/626/4008
f 4560/625/4007 4564/629/4011 4563/628/4010
f 4563/628/4010 4564/629/4011 4565/630/4012
f 4563/628/4010 4566/631/4013 4561/626/4008
f 4566/631/4013 4563/628/4010 4565/630/4012
f 4562/627/4009 4561/626/4008 4566/631/4013
f 4567/632/4014 4566/631/4013 4565/630/4012
f 4567/632/4014 4565/630/4012 4568/633/4015
f 4562/627/4009 4566/631/4013 4569/634/4016
f 4567/632/4014 4568/633/4015 4570/635/4017
f 4570/635/4017 4568/633/4015 4571/636/4018
f 4570/635/4017 4571/636/4018 4572/637/3694
f 4573/638/4019 4566/631/4013 4567/632/4014
f 4569/634/4016 4566/631/4013 4573/638/4019
f 4574/639/4020 4567/632/4014 4570/635/4017
f 4573/638/4019 4567/632/4014 4574/639/4020
f 4575/640/4021 4570/635/4017 4572/637/3694
f 4574/639/4020 4570/635/4017 4575/640/4021
f 4576/641/4022 4575/640/4021 4572/637/3694
f 4577/642/4023 4576/641/4022 4572/637/3694
f 4578/643/4024 4574/639/4020 4575/640/4021
f 4578/643/4024 4575/640/4021 4576/641/4022
f 4579/644/4025 4573/638/4019 4574/639/4020
f 4579/644/4025 4574/639/4020 4578/643/4024
f 4580/645/4026 4576/641/4022 4577/642/4023
f 4580/645/4026 4577/642/4023 4581/646/1173
f 4582/647/4027 4580/645/4026 4581/646/1173
f 4583/648/4028 4578/643/4024 4576/641/4022
f 4580/645/4026 4583/648/4028 4576/641/4022
f 4584/649/1175 4580/645/4026 4582/647/4027
f 4580/645/4026 4584/649/1175 4583/648/4028
f 4582/647/4027 4585/650/3976 4584/649/1175
f 4586/651/4029 4578/643/4024 4583/648/4028
f 4579/644/4025 4578/643/4024 4586/651/4029
f 4585/650/3976 4587/652/4030 4584/649/1175
f 4587/652/4030 4583/648/4028 4584/649/1175
f 4587/652/4030 4585/650/3976 4588/653/4031
f 4586/651/4029 4583/648/4028 4589/654/4032
f 4589/654/4032 4583/648/4028 4587/652/4030
f 4579/644/4025 4586/651/4029 4590/655/4033
f 4589/654/4032 4590/655/4033 4586/651/4029
f 4579/644/4025 4591/656/4034 4573/638/4019
f 4590/655/4033 4591/656/4034 4579/644/4025
f 4569/634/4016 4573/638/4019 4591/656/4034
f 4592/657/4035 4589/654/4032 4587/652/4030
f 4590/655/4033 4589/654/4032 4592/657/4035
f 4588/653/4031 4593/658/4036 4587/652/4030
f 4592/657/4035 4587/652/4030 4593/658/4036
f 4593/658/4036 4588/653/4031 4594/659/3981
f 4593/658/4036 4594/659/3981 4595/660/3982
f 4596/661/4037 4593/658/4036 4595/660/3982
f 4596/661/4037 4592/657/4035 4593/658/4036
f 4596/661/4037 4595/660/3982 4597/671/4038
f 4592/657/4035 4598/662/4039 4590/655/4033
f 4592/657/4035 4596/661/4037 4598/662/4039
f 4590/655/4033 4599/663/4040 4591/656/4034
f 4599/663/4040 4569/634/4016 4591/656/4034
f 4600/664/4041 4599/663/4040 4590/655/4033
f 4590/655/4033 4598/662/4039 4600/664/4041
f 4599/663/4040 4601/665/4042 4569/634/4016
f 4599/663/4040 4600/664/4041 4601/665/4042
f 4562/627/4009 4569/634/4016 4601/665/4042
f 4562/627/4009 4601/665/4042 4556/621/4003
f 4602/666/4043 4556/621/4003 4601/665/4042
f 4600/664/4041 4602/666/4043 4601/665/4042
f 4556/621/4003 4602/666/4043 4557/619/4004
f 4603/667/4044 4602/666/4043 4600/664/4041
f 4603/667/4044 4600/664/4041 4598/662/4039
f 4604/622/4045 4557/619/4004 4602/666/4043
f 4602/666/4043 4603/667/4044 4604/622/4045
f 4557/619/4004 4604/622/4045 4554/617/4001
f 4603/667/4044 4598/662/4039 4605/668/4046
f 4605/668/4046 4598/662/4039 4596/661/4037
f 4606/669/4047 4604/622/4045 4603/667/4044
f 4606/669/4047 4603/667/4044 4605/668/4046
f 4607/680/2815 4554/617/4001 4604/622/4045
f 4604/622/4045 4606/669/4047 4607/680/2815
f 4605/668/4046 4596/661/4037 4608/670/4048
f 4608/670/4048 4596/661/4037 4597/671/4038
f 4609/672/4049 4605/668/4046 4608/670/4048
f 4609/672/4049 4606/669/4047 4605/668/4046
f 4597/671/4038 4610/673/4050 4608/670/4048
f 4610/673/4050 4609/672/4049 4608/670/4048
f 4610/673/4050 4597/671/4038 4611/674/3988
f 4610/673/4050 4611/674/3988 4612/675/4051
f 4609/672/4049 4613/676/4052 4606/669/4047
f 4609/672/4049 4610/673/4050 4613/676/4052
f 4614/677/4053 4610/673/4050 4612/675/4051
f 4613/676/4052 4610/673/4050 4614/677/4053
f 4546/609/3993 4614/677/4053 4612/675/4051
f 4613/676/4052 4615/679/4054 4606/669/4047
f 4606/669/4047 4615/679/4054 4607/680/2815
f 4614/677/4053 4616/678/4055 4613/676/4052
f 4613/676/4052 4616/678/4055 4615/679/4054
f 4614/677/4053 4546/609/3993 4616/678/4055
f 4615/679/4054 4617/618/4056 4607/680/2815
f 4617/618/4056 4615/679/4054 4616/678/4055
f 4546/609/3993 4617/618/4056 4616/678/4055
f 4554/617/4001 4607/680/2815 4617/618/4056
f 4617/618/4056 4546/609/3993 4550/613/3997
f 4550/613/3997 4554/617/4001 4617/618/4056
f 4618/681/4057 4619/682/4058 4620/683/4059
f 4620/683/4059 4621/684/4060 4618/681/4057
f 4622/685/4061 4621/684/4060 4620/683/4059
f 4621/684/4060 4623/686/3608 4618/681/4057
f 4621/684/4060 4622/685/4061 4624/687/4062
f 4625/688/4063 4624/687/4062 4622/685/4061
f 4623/686/3608 4621/684/4060 4626/689/4064
f 4626/689/4064 4621/684/4060 4624/687/4062
f 4624/687/4062 4625/688/4063 4627/700/4065
f 4628/703/505 4627/700/4065 4625/688/4063
f 4626/689/4064 4624/687/4062 4629/697/4066
f 4629/697/4066 4624/687/4062 4627/700/4065
f 4627/700/4065 4628/703/505 4630/702/4067
f 4628/703/505 4631/704/1 4630/702/4067
f 4632/701/1224 4629/697/4066 4627/700/4065
f 4632/701/1224 4627/700/4065 4630/702/4067
f 4631/704/1 4633/705/1226 4630/702/4067
f 4633/705/1226 4632/701/1224 4630/702/4067
f 4631/704/1 4634/706/374 4633/705/1226
f 4635/698/4068 4629/697/4066 4632/701/1224
f 4633/705/1226 4634/706/374 4636/711/4069
f 4632/701/1224 4633/705/1226 4637/707/4070
f 4637/707/4070 4635/698/4068 4632/701/1224
f 4638/712/4071 4636/711/4069 4634/706/374
f 4634/706/374 4639/713/378 4638/712/4071
f 4640/710/1230 4633/705/1226 4636/711/4069
f 4640/710/1230 4637/707/4070 4633/705/1226
f 4638/712/4071 4640/710/1230 4636/711/4069
f 4635/698/4068 4637/707/4070 4641/708/1228
f 4640/710/1230 4641/708/1228 4637/707/4070
f 4639/713/378 4642/718/4072 4638/712/4071
f 4642/718/4072 4639/713/378 4643/719/1237
f 4640/710/1230 4638/712/4071 4644/717/4073
f 4642/718/4072 4644/717/4073 4638/712/4071
f 4641/708/1228 4640/710/1230 4645/714/4074
f 4643/719/1237 4646/723/4075 4642/718/4072
f 4646/723/4075 4643/719/1237 4647/724/4076
f 4648/715/4077 4645/714/4074 4640/710/1230
f 4648/715/4077 4640/710/1230 4644/717/4073
f 4649/709/1229 4641/708/1228 4645/714/4074
f 4648/715/4077 4649/709/1229 4645/714/4074
f 4641/708/1228 4649/709/1229 4650/699/1222
f 4635/698/4068 4641/708/1228 4650/699/1222
f 4649/709/1229 4648/715/4077 4651/716/127
f 4650/699/1222 4652/696/1219 4635/698/4068
f 4651/716/127 4648/715/4077 4653/720/4078
f 4644/717/4073 4653/720/4078 4648/715/4077
f 4654/721/4079 4651/716/127 4653/720/4078
f 4652/696/1219 4655/695/4080 4635/698/4068
f 4635/698/4068 4655/695/4080 4629/697/4066
f 4655/695/4080 4652/696/1219 4656/694/4081
f 4655/695/4080 4626/689/4064 4629/697/4066
f 4656/694/4081 4657/690/4082 4655/695/4080
f 4655/695/4080 4657/690/4082 4626/689/4064
f 4657/690/4082 4656/694/4081 4658/1738/4083
f 4657/690/4082 4623/686/3608 4626/689/4064
f 4657/690/4082 4658/1738/4083 4659/1739/3614
f 4660/691/4084 4623/686/3608 4657/690/4082
f 4659/1739/3614 4660/691/4084 4657/690/4082
f 4661/725/4085 4654/721/4079 4653/720/4078
f 4654/721/4079 4661/725/4085 4662/726/4086
f 4653/720/4078 4644/717/4073 4663/722/4087
f 4653/720/4078 4663/722/4087 4661/725/4085
f 4644/717/4073 4642/718/4072 4663/722/4087
f 4663/722/4087 4642/718/4072 4664/727/4088
f 4661/725/4085 4663/722/4087 4664/727/4088
f 4642/718/4072 4646/723/4075 4664/727/4088
f 4665/728/4089 4662/726/4086 4661/725/4085
f 4665/728/4089 4661/725/4085 4664/727/4088
f 4664/727/4088 4646/723/4075 4665/728/4089
f 4662/726/4086 4665/728/4089 4666/729/4090
f 4647/724/4076 4665/728/4089 4646/723/4075
f 4665/728/4089 4647/724/4076 4666/729/4090
f 4667/1534/4091 4668/1535/4092 4669/1532/4093
f 4670/1539/4094 4668/1535/4092 4667/1534/4091
f 4670/1539/4094 4671/1540/4095 4668/1535/4092
f 4670/1539/4094 4667/1534/4091 4672/1541/4096
f 4673/1542/4097 4671/1540/4095 4670/1539/4094
f 4673/1542/4097 4674/1543/4098 4671/1540/4095
f 4670/1539/4094 4672/1541/4096 4675/1544/4099
f 4675/1544/4099 4673/1542/4097 4670/1539/4094
f 4672/1541/4096 4676/1565/4100 4675/1544/4099
f 4676/1565/4100 4672/1541/4096 4677/1567/4101
f 4674/1543/4098 4673/1542/4097 4678/1545/4102
f 4678/1545/4102 4679/1546/4103 4674/1543/4098
f 4679/1546/4103 4678/1545/4102 4680/1547/3780
f 4677/1567/4101 4681/1740/4104 4676/1565/4100
f 4681/1740/4104 4677/1567/4101 4682/1741/4105
f 4680/1547/3780 4678/1545/4102 4683/1550/4106
f 4683/1550/4106 4684/1551/3593 4680/1547/3780
f 4683/1550/4106 4685/1552/3592 4684/1551/3593
f 4683/1550/4106 4678/1545/4102 4686/1549/4107
f 4678/1545/4102 4673/1542/4097 4686/1549/4107
f 4685/1552/3592 4683/1550/4106 4687/1553/2671
f 4687/1553/2671 4683/1550/4106 4686/1549/4107
f 4673/1542/4097 4688/1548/4108 4686/1549/4107
f 4673/1542/4097 4675/1544/4099 4688/1548/4108
f 4687/1553/2671 4686/1549/4107 4689/1554/4109
f 4686/1549/4107 4688/1548/4108 4689/1554/4109
f 4690/1555/4110 4685/1552/3592 4687/1553/2671
f 4685/1552/3592 4690/1555/4110 4691/1556/3588
f 4690/1555/4110 4692/1742/3587 4691/1556/3588
f 4693/1558/4111 4687/1553/2671 4689/1554/4109
f 4687/1553/2671 4693/1558/4111 4690/1555/4110
f 4693/1558/4111 4689/1554/4109 4688/1548/4108
f 4692/1742/3587 4690/1555/4110 4694/1743/4112
f 4693/1558/4111 4694/1743/4112 4690/1555/4110
f 4675/1544/4099 4695/1563/4113 4688/1548/4108
f 4688/1548/4108 4695/1563/4113 4693/1558/4111
f 4695/1563/4113 4675/1544/4099 4676/1565/4100
f 4694/1743/4112 4693/1558/4111 4696/1744/4114
f 4695/1563/4113 4696/1744/4114 4693/1558/4111
f 4694/1743/4112 4697/1644/4115 4692/1742/3587
f 4696/1744/4114 4697/1644/4115 4694/1743/4112
f 4698/1642/3584 4692/1742/3587 4697/1644/4115
f 4676/1565/4100 4699/1745/4116 4695/1563/4113
f 4696/1744/4114 4695/1563/4113 4699/1745/4116
f 4699/1745/4116 4676/1565/4100 4681/1740/4104
f 4699/1745/4116 4700/1645/4117 4696/1744/4114
f 4697/1644/4115 4696/1744/4114 4700/1645/4117
f 4681/1740/4104 4701/1647/4118 4699/1745/4116
f 4700/1645/4117 4699/1745/4116 4701/1647/4118
f 4698/1642/3584 4697/1644/4115 4702/1640/4119
f 4703/1641/4120 4698/1642/3584 4702/1640/4119
f 4703/1641/4120 4702/1640/4119 4704/1636/3578
f 4697/1644/4115 4700/1645/4117 4705/1643/4121
f 4702/1640/4119 4697/1644/4115 4705/1643/4121
f 4706/1646/4122 4700/1645/4117 4701/1647/4118
f 4700/1645/4117 4706/1646/4122 4705/1643/4121
f 4701/1647/4118 4681/1740/4104 4707/1648/4123
f 4706/1646/4122 4701/1647/4118 4707/1648/4123
f 4682/1741/4105 4707/1648/4123 4681/1740/4104
f 4707/1648/4123 4682/1741/4105 4708/1649/4124
f 4702/1640/4119 4705/1643/4121 4709/1637/2748
f 4704/1636/3578 4702/1640/4119 4709/1637/2748
f 4706/1646/4122 4710/1638/2749 4705/1643/4121
f 4709/1637/2748 4705/1643/4121 4710/1638/2749
f 4706/1646/4122 4707/1648/4123 4711/1639/1935
f 4710/1638/2749 4706/1646/4122 4711/1639/1935
f 4707/1648/4123 4708/1649/4124 4712/1624/4125
f 4711/1639/1935 4707/1648/4123 4712/1624/4125
f 4712/1624/4125 4708/1649/4124 4713/1618/4126
f 4714/1630/4127 4710/1638/2749 4711/1639/1935
f 4712/1624/4125 4714/1630/4127 4711/1639/1935
f 4715/1633/4128 4709/1637/2748 4710/1638/2749
f 4710/1638/2749 4714/1630/4127 4715/1633/4128
f 4716/1634/4129 4704/1636/3578 4709/1637/2748
f 4709/1637/2748 4715/1633/4128 4716/1634/4129
f 4704/1636/3578 4716/1634/4129 4717/1635/2747
f 4716/1634/4129 4718/1632/4130 4717/1635/2747
f 4718/1632/4130 4716/1634/4129 4719/1631/4131
f 4715/1633/4128 4719/1631/4131 4716/1634/4129
f 4720/1628/4132 4718/1632/4130 4719/1631/4131
f 4719/1631/4131 4715/1633/4128 4721/1629/2741
f 4719/1631/4131 4721/1629/2741 4720/1628/4132
f 4714/1630/4127 4721/1629/2741 4715/1633/4128
f 4720/1628/4132 4721/1629/2741 4722/1625/4133
f 4723/1627/4134 4720/1628/4132 4722/1625/4133
f 4723/1627/4134 4722/1625/4133 4724/1626/4098
f 4725/1623/4135 4724/1626/4098 4722/1625/4133
f 4721/1629/2741 4714/1630/4127 4726/1622/4136
f 4721/1629/2741 4726/1622/4136 4722/1625/4133
f 4722/1625/4133 4726/1622/4136 4725/1623/4135
f 4712/1624/4125 4726/1622/4136 4714/1630/4127
f 4725/1623/4135 4726/1622/4136 4727/1620/4137
f 4726/1622/4136 4712/1624/4125 4728/1619/4138
f 4726/1622/4136 4728/1619/4138 4727/1620/4137
f 4713/1618/4126 4728/1619/4138 4712/1624/4125
f 4729/1616/4139 4727/1620/4137 4728/1619/4138
f 4728/1619/4138 4713/1618/4126 4730/1615/4140
f 4728/1619/4138 4730/1615/4140 4729/1616/4139
f 4731/587/3976 4732/588/3832 4733/589/1122
f 4734/590/4141 4731/587/3976 4733/589/1122
f 4735/591/3979 4731/587/3976 4734/590/4141
f 4736/592/1125 4734/590/4141 4733/589/1122
f 4735/591/3979 4734/590/4141 4737/593/4142
f 4737/593/4142 4734/590/4141 4736/592/1125
f 4738/594/3981 4735/591/3979 4737/593/4142
f 4737/593/4142 4739/598/4143 4738/594/3981
f 4736/592/1125 4740/595/4144 4737/593/4142
f 4740/595/4144 4736/592/1125 4741/596/1129
f 4739/598/4143 4737/593/4142 4742/597/4145
f 4737/593/4142 4740/595/4144 4742/597/4145
f 4743/599/4146 4739/598/4143 4742/597/4145
f 4741/596/1129 4744/600/4147 4740/595/4144
f 4744/600/4147 4741/596/1129 4745/601/694
f 4745/601/694 4746/602/4148 4744/600/4147
f 4747/603/4149 4743/599/4146 4742/597/4145
f 4747/603/4149 4748/604/4150 4743/599/4146
f 4742/597/4145 4740/595/4144 4749/605/4151
f 4748/604/4150 4747/603/4149 4750/606/4152
f 4751/607/4153 4748/604/4150 4750/606/4152
f 4742/597/4145 4752/608/3992 4747/603/4149
f 4752/608/3992 4750/606/4152 4747/603/4149
f 4752/608/3992 4742/597/4145 4749/605/4151
f 4753/609/4154 4751/607/4153 4750/606/4152
f 4750/606/4152 4752/608/3992 4754/610/4155
f 4754/610/4155 4753/609/4154 4750/606/4152
f 4749/605/4151 4755/611/4156 4752/608/3992
f 4754/610/4155 4752/608/3992 4755/611/4156
f 4749/605/4151 4740/595/4144 4756/612/4157
f 4755/611/4156 4749/605/4151 4756/612/4157
f 4740/595/4144 4744/600/4147 4756/612/4157
f 4755/611/4156 4757/613/4158 4754/610/4155
f 4757/613/4158 4753/609/4154 4754/610/4155
f 4755/611/4156 4756/612/4157 4758/614/4159
f 4758/614/4159 4757/613/4158 4755/611/4156
f 4756/612/4157 4759/616/4160 4758/614/4159
f 4760/617/4161 4757/613/4158 4758/614/4159
f 4760/617/4161 4758/614/4159 4759/616/4160
f 4761/615/4005 4759/616/4160 4756/612/4157
f 4744/600/4147 4761/615/4005 4756/612/4157
f 4762/619/4162 4760/617/4161 4759/616/4160
f 4762/619/4162 4759/616/4160 4761/615/4005
f 4757/613/4158 4760/617/4161 4763/618/4163
f 4763/618/4163 4753/609/4154 4757/613/4158
f 4744/600/4147 4764/620/4164 4761/615/4005
f 4744/600/4147 4746/602/4148 4764/620/4164
f 4765/621/4165 4762/619/4162 4761/615/4005
f 4764/620/4164 4765/621/4165 4761/615/4005
f 4746/602/4148 4766/623/4166 4764/620/4164
f 4746/602/4148 4767/624/1155 4766/623/4166
f 4767/624/1155 4768/625/4007 4766/623/4166
f 4766/623/4166 4769/626/4008 4764/620/4164
f 4766/623/4166 4768/625/4007 4769/626/4008
f 4765/621/4165 4764/620/4164 4770/627/4167
f 4764/620/4164 4769/626/4008 4770/627/4167
f 4768/625/4007 4771/628/4168 4769/626/4008
f 4768/625/4007 4772/629/3838 4771/628/4168
f 4771/628/4168 4772/629/3838 4773/630/3841
f 4771/628/4168 4774/631/4169 4769/626/4008
f 4774/631/4169 4771/628/4168 4773/630/3841
f 4770/627/4167 4769/626/4008 4774/631/4169
f 4775/632/4170 4774/631/4169 4773/630/3841
f 4775/632/4170 4773/630/3841 4776/633/4015
f 4770/627/4167 4774/631/4169 4777/634/4171
f 4775/632/4170 4776/633/4015 4778/635/4172
f 4778/635/4172 4776/633/4015 4779/636/4018
f 4778/635/4172 4779/636/4018 4780/637/3862
f 4781/638/1165 4774/631/4169 4775/632/4170
f 4777/634/4171 4774/631/4169 4781/638/1165
f 4782/639/1166 4775/632/4170 4778/635/4172
f 4781/638/1165 4775/632/4170 4782/639/1166
f 4783/640/1855 4778/635/4172 4780/637/3862
f 4782/639/1166 4778/635/4172 4783/640/1855
f 4784/641/4173 4783/640/1855 4780/637/3862
f 4785/642/4023 4784/641/4173 4780/637/3862
f 4786/643/4174 4782/639/1166 4783/640/1855
f 4786/643/4174 4783/640/1855 4784/641/4173
f 4787/644/4175 4781/638/1165 4782/639/1166
f 4787/644/4175 4782/639/1166 4786/643/4174
f 4788/645/4176 4784/641/4173 4785/642/4023
f 4788/645/4176 4785/642/4023 4789/646/1173
f 4790/647/4177 4788/645/4176 4789/646/1173
f 4791/648/4178 4786/643/4174 4784/641/4173
f 4788/645/4176 4791/648/4178 4784/641/4173
f 4792/649/1175 4788/645/4176 4790/647/4177
f 4788/645/4176 4792/649/1175 4791/648/4178
f 4790/647/4177 4793/650/3976 4792/649/1175
f 4794/651/4029 4786/643/4174 4791/648/4178
f 4787/644/4175 4786/643/4174 4794/651/4029
f 4793/650/3976 4795/652/4030 4792/649/1175
f 4795/652/4030 4791/648/4178 4792/649/1175
f 4795/652/4030 4793/650/3976 4796/653/3979
f 4794/651/4029 4791/648/4178 4797/654/4179
f 4797/654/4179 4791/648/4178 4795/652/4030
f 4787/644/4175 4794/651/4029 4798/655/4180
f 4797/654/4179 4798/655/4180 4794/651/4029
f 4787/644/4175 4799/656/4181 4781/638/1165
f 4798/655/4180 4799/656/4181 4787/644/4175
f 4777/634/4171 4781/638/1165 4799/656/4181
f 4800/657/4182 4797/654/4179 4795/652/4030
f 4798/655/4180 4797/654/4179 4800/657/4182
f 4796/653/3979 4801/658/4036 4795/652/4030
f 4795/652/4030 4801/658/4036 4800/657/4182
f 4801/658/4036 4796/653/3979 4802/659/3981
f 4801/658/4036 4802/659/3981 4803/660/4143
f 4804/661/4183 4801/658/4036 4803/660/4143
f 4804/661/4183 4800/657/4182 4801/658/4036
f 4804/661/4183 4803/660/4143 4805/671/4184
f 4800/657/4182 4806/662/4185 4798/655/4180
f 4800/657/4182 4804/661/4183 4806/662/4185
f 4798/655/4180 4807/663/1187 4799/656/4181
f 4807/663/1187 4777/634/4171 4799/656/4181
f 4808/664/4186 4807/663/1187 4798/655/4180
f 4798/655/4180 4806/662/4185 4808/664/4186
f 4807/663/1187 4809/665/4187 4777/634/4171
f 4808/664/4186 4809/665/4187 4807/663/1187
f 4770/627/4167 4777/634/4171 4809/665/4187
f 4770/627/4167 4809/665/4187 4765/621/4165
f 4810/666/4188 4765/621/4165 4809/665/4187
f 4808/664/4186 4810/666/4188 4809/665/4187
f 4765/621/4165 4810/666/4188 4762/619/4162
f 4811/667/1191 4810/666/4188 4808/664/4186
f 4811/667/1191 4808/664/4186 4806/662/4185
f 4812/622/4189 4762/619/4162 4810/666/4188
f 4810/666/4188 4811/667/1191 4812/622/4189
f 4762/619/4162 4812/622/4189 4760/617/4161
f 4811/667/1191 4806/662/4185 4813/668/4190
f 4813/668/4190 4806/662/4185 4804/661/4183
f 4814/669/4191 4812/622/4189 4811/667/1191
f 4814/669/4191 4811/667/1191 4813/668/4190
f 4815/680/4192 4760/617/4161 4812/622/4189
f 4812/622/4189 4814/669/4191 4815/680/4192
f 4760/617/4161 4815/680/4192 4763/618/4163
f 4813/668/4190 4804/661/4183 4816/670/4193
f 4816/670/4193 4804/661/4183 4805/671/4184
f 4817/672/4194 4813/668/4190 4816/670/4193
f 4817/672/4194 4814/669/4191 4813/668/4190
f 4805/671/4184 4818/673/4195 4816/670/4193
f 4818/673/4195 4817/672/4194 4816/670/4193
f 4818/673/4195 4805/671/4184 4819/674/4150
f 4818/673/4195 4819/674/4150 4820/675/4153
f 4817/672/4194 4821/676/4196 4814/669/4191
f 4817/672/4194 4818/673/4195 4821/676/4196
f 4822/677/4197 4818/673/4195 4820/675/4153
f 4821/676/4196 4818/673/4195 4822/677/4197
f 4753/609/4154 4822/677/4197 4820/675/4153
f 4821/676/4196 4823/679/4198 4814/669/4191
f 4814/669/4191 4823/679/4198 4815/680/4192
f 4823/679/4198 4763/618/4163 4815/680/4192
f 4822/677/4197 4824/678/4199 4821/676/4196
f 4821/676/4196 4824/678/4199 4823/679/4198
f 4822/677/4197 4753/609/4154 4824/678/4199
f 4763/618/4163 4823/679/4198 4824/678/4199
f 4753/609/4154 4763/618/4163 4824/678/4199
f 4825/681/3813 4826/682/3386 4827/683/4200
f 4827/683/4200 4828/684/4201 4825/681/3813
f 4829/685/1208 4828/684/4201 4827/683/4200
f 4828/684/4201 4830/686/3815 4825/681/3813
f 4828/684/4201 4829/685/1208 4831/687/1210
f 4832/688/4063 4831/687/1210 4829/685/1208
f 4830/686/3815 4828/684/4201 4833/689/4202
f 4833/689/4202 4828/684/4201 4831/687/1210
f 4831/687/1210 4832/688/4063 4834/700/4065
f 4835/703/505 4834/700/4065 4832/688/4063
f 4833/689/4202 4831/687/1210 4836/697/1220
f 4836/697/1220 4831/687/1210 4834/700/4065
f 4834/700/4065 4835/703/505 4837/702/4067
f 4835/703/505 4838/704/1 4837/702/4067
f 4839/701/1224 4836/697/1220 4834/700/4065
f 4839/701/1224 4834/700/4065 4837/702/4067
f 4838/704/1 4840/705/1226 4837/702/4067
f 4840/705/1226 4839/701/1224 4837/702/4067
f 4838/704/1 4841/706/374 4840/705/1226
f 4842/698/4203 4836/697/1220 4839/701/1224
f 4840/705/1226 4841/706/374 4843/711/4204
f 4839/701/1224 4840/705/1226 4844/707/4070
f 4844/707/4070 4842/698/4203 4839/701/1224
f 4845/712/4071 4843/711/4204 4841/706/374
f 4841/706/374 4846/713/378 4845/712/4071
f 4847/710/1230 4840/705/1226 4843/711/4204
f 4847/710/1230 4844/707/4070 4840/705/1226
f 4845/712/4071 4847/710/1230 4843/711/4204
f 4842/698/4203 4844/707/4070 4848/708/4205
f 4847/710/1230 4848/708/4205 4844/707/4070
f 4846/713/378 4849/718/4206 4845/712/4071
f 4849/718/4206 4846/713/378 4850/719/1237
f 4847/710/1230 4845/712/4071 4851/717/4073
f 4849/718/4206 4851/717/4073 4845/712/4071
f 4848/708/4205 4847/710/1230 4852/714/1233
f 4850/719/1237 4853/723/4207 4849/718/4206
f 4853/723/4207 4850/719/1237 4854/724/4208
f 4855/715/4077 4852/714/1233 4847/710/1230
f 4855/715/4077 4847/710/1230 4851/717/4073
f 4856/709/1229 4848/708/4205 4852/714/1233
f 4855/715/4077 4856/709/1229 4852/714/1233
f 4848/708/4205 4856/709/1229 4857/699/1222
f 4842/698/4203 4848/708/4205 4857/699/1222
f 4856/709/1229 4855/715/4077 4858/716/127
f 4857/699/1222 4859/696/1219 4842/698/4203
f 4858/716/127 4855/715/4077 4860/720/4078
f 4851/717/4073 4860/720/4078 4855/715/4077
f 4861/721/4209 4858/716/127 4860/720/4078
f 4859/696/1219 4862/695/4210 4842/698/4203
f 4842/698/4203 4862/695/4210 4836/697/1220
f 4862/695/4210 4859/696/1219 4863/694/4081
f 4862/695/4210 4833/689/4202 4836/697/1220
f 4863/694/4081 4864/690/4082 4862/695/4210
f 4862/695/4210 4864/690/4082 4833/689/4202
f 4864/690/4082 4863/694/4081 4865/693/4211
f 4864/690/4082 4830/686/3815 4833/689/4202
f 4864/690/4082 4865/693/4211 4866/692/3614
f 4867/691/4084 4830/686/3815 4864/690/4082
f 4866/692/3614 4867/691/4084 4864/690/4082
f 4868/725/4212 4861/721/4209 4860/720/4078
f 4861/721/4209 4868/725/4212 4869/726/1244
f 4860/720/4078 4851/717/4073 4870/722/4213
f 4860/720/4078 4870/722/4213 4868/725/4212
f 4851/717/4073 4849/718/4206 4870/722/4213
f 4870/722/4213 4849/718/4206 4871/727/4214
f 4868/725/4212 4870/722/4213 4871/727/4214
f 4849/718/4206 4853/723/4207 4871/727/4214
f 4872/728/4215 4869/726/1244 4868/725/4212
f 4872/728/4215 4868/725/4212 4871/727/4214
f 4871/727/4214 4853/723/4207 4872/728/4215
f 4869/726/1244 4872/728/4215 4873/729/4216
f 4854/724/4208 4872/728/4215 4853/723/4207
f 4872/728/4215 4854/724/4208 4873/729/4216
f 4874/1534/4217 4875/1535/4218 4876/1532/4219
f 4877/1539/4220 4875/1535/4218 4874/1534/4217
f 4877/1539/4220 4878/1540/4221 4875/1535/4218
f 4877/1539/4220 4874/1534/4217 4879/1541/4222
f 4880/1542/4223 4878/1540/4221 4877/1539/4220
f 4880/1542/4223 4881/1543/4224 4878/1540/4221
f 4877/1539/4220 4879/1541/4222 4882/1544/4225
f 4882/1544/4225 4880/1542/4223 4877/1539/4220
f 4879/1541/4222 4883/1565/4226 4882/1544/4225
f 4883/1565/4226 4879/1541/4222 4884/1567/4227
f 4881/1543/4224 4880/1542/4223 4885/1545/4228
f 4885/1545/4228 4886/1546/3969 4881/1543/4224
f 4886/1546/3969 4885/1545/4228 4887/1547/4229
f 4884/1567/4227 4888/1740/4230 4883/1565/4226
f 4888/1740/4230 4884/1567/4227 4889/1741/4231
f 4887/1547/4229 4885/1545/4228 4890/1550/4232
f 4890/1550/4232 4891/1551/3806 4887/1547/4229
f 4890/1550/4232 4892/1552/3805 4891/1551/3806
f 4890/1550/4232 4885/1545/4228 4893/1549/4233
f 4885/1545/4228 4880/1542/4223 4893/1549/4233
f 4892/1552/3805 4890/1550/4232 4894/1553/2671
f 4894/1553/2671 4890/1550/4232 4893/1549/4233
f 4895/1548/2655 4893/1549/4233 4880/1542/4223
f 4880/1542/4223 4882/1544/4225 4895/1548/2655
f 4894/1553/2671 4893/1549/4233 4896/1554/2672
f 4893/1549/4233 4895/1548/2655 4896/1554/2672
f 4897/1555/4110 4892/1552/3805 4894/1553/2671
f 4892/1552/3805 4897/1555/4110 4898/1556/4234
f 4897/1555/4110 4899/1742/3587 4898/1556/4234
f 4900/1558/4111 4894/1553/2671 4896/1554/2672
f 4894/1553/2671 4900/1558/4111 4897/1555/4110
f 4900/1558/4111 4896/1554/2672 4895/1548/2655
f 4899/1742/3587 4897/1555/4110 4901/1743/4235
f 4900/1558/4111 4901/1743/4235 4897/1555/4110
f 4882/1544/4225 4902/1563/4236 4895/1548/2655
f 4895/1548/2655 4902/1563/4236 4900/1558/4111
f 4902/1563/4236 4882/1544/4225 4883/1565/4226
f 4902/1563/4236 4903/1744/4237 4900/1558/4111
f 4901/1743/4235 4900/1558/4111 4903/1744/4237
f 4883/1565/4226 4904/1745/4238 4902/1563/4236
f 4903/1744/4237 4902/1563/4236 4904/1745/4238
f 4904/1745/4238 4883/1565/4226 4888/1740/4230
f 4905/1645/4239 4901/1743/4235 4903/1744/4237
f 4904/1745/4238 4905/1645/4239 4903/1744/4237
f 4901/1743/4235 4906/1644/4240 4899/1742/3587
f 4901/1743/4235 4905/1645/4239 4906/1644/4240
f 4907/1642/4241 4899/1742/3587 4906/1644/4240
f 4905/1645/4239 4904/1745/4238 4908/1647/4242
f 4888/1740/4230 4908/1647/4242 4904/1745/4238
f 4907/1642/4241 4906/1644/4240 4909/1640/2751
f 4910/1641/4120 4907/1642/4241 4909/1640/2751
f 4910/1641/4120 4909/1640/2751 4911/1636/3578
f 4906/1644/4240 4905/1645/4239 4912/1643/4243
f 4909/1640/2751 4906/1644/4240 4912/1643/4243
f 4913/1646/4244 4905/1645/4239 4908/1647/4242
f 4905/1645/4239 4913/1646/4244 4912/1643/4243
f 4908/1647/4242 4888/1740/4230 4914/1648/4245
f 4913/1646/4244 4908/1647/4242 4914/1648/4245
f 4889/1741/4231 4914/1648/4245 4888/1740/4230
f 4914/1648/4245 4889/1741/4231 4915/1649/4246
f 4909/1640/2751 4912/1643/4243 4916/1637/2748
f 4911/1636/3578 4909/1640/2751 4916/1637/2748
f 4913/1646/4244 4917/1638/2749 4912/1643/4243
f 4916/1637/2748 4912/1643/4243 4917/1638/2749
f 4913/1646/4244 4914/1648/4245 4918/1639/4247
f 4917/1638/2749 4913/1646/4244 4918/1639/4247
f 4914/1648/4245 4915/1649/4246 4919/1624/4248
f 4918/1639/4247 4914/1648/4245 4919/1624/4248
f 4919/1624/4248 4915/1649/4246 4920/1618/4249
f 4921/1630/4250 4917/1638/2749 4918/1639/4247
f 4919/1624/4248 4921/1630/4250 4918/1639/4247
f 4922/1633/2745 4916/1637/2748 4917/1638/2749
f 4917/1638/2749 4921/1630/4250 4922/1633/2745
f 4923/1634/4251 4911/1636/3578 4916/1637/2748
f 4916/1637/2748 4922/1633/2745 4923/1634/4251
f 4911/1636/3578 4923/1634/4251 4924/1635/520
f 4923/1634/4251 4925/1632/4252 4924/1635/520
f 4925/1632/4252 4923/1634/4251 4926/1631/4131
f 4922/1633/2745 4926/1631/4131 4923/1634/4251
f 4927/1628/4253 4925/1632/4252 4926/1631/4131
f 4926/1631/4131 4922/1633/2745 4928/1629/4254
f 4926/1631/4131 4928/1629/4254 4927/1628/4253
f 4921/1630/4250 4928/1629/4254 4922/1633/2745
f 4927/1628/4253 4928/1629/4254 4929/1625/4255
f 4929/1625/4255 4930/1627/4256 4927/1628/4253
f 4930/1627/4256 4929/1625/4255 4931/1626/4224
f 4932/1623/4221 4931/1626/4224 4929/1625/4255
f 4928/1629/4254 4921/1630/4250 4933/1622/4257
f 4928/1629/4254 4933/1622/4257 4929/1625/4255
f 4929/1625/4255 4933/1622/4257 4932/1623/4221
f 4919/1624/4248 4933/1622/4257 4921/1630/4250
f 4932/1623/4221 4933/1622/4257 4934/1620/4258
f 4933/1622/4257 4919/1624/4248 4935/1619/4259
f 4933/1622/4257 4935/1619/4259 4934/1620/4258
f 4920/1618/4249 4935/1619/4259 4919/1624/4248
f 4936/1616/4260 4934/1620/4258 4935/1619/4259
f 4935/1619/4259 4920/1618/4249 4937/1615/4261
f 4935/1619/4259 4937/1615/4261 4936/1616/4260
f 4938/587/4262 4939/589/4263 4940/588/3275
f 4941/590/4264 4939/589/4263 4938/587/4262
f 4942/591/4265 4941/590/4264 4938/587/4262
f 4943/592/1505 4939/589/4263 4941/590/4264
f 4942/591/4265 4944/593/4266 4941/590/4264
f 4944/593/4266 4943/592/1505 4941/590/4264
f 4945/594/4267 4944/593/4266 4942/591/4265
f 4944/593/4266 4945/594/4267 4946/598/4268
f 4943/592/1505 4944/593/4266 4947/595/4269
f 4943/592/1505 4947/595/4269 4948/596/4270
f 4946/598/4268 4949/597/4271 4944/593/4266
f 4949/597/4271 4947/595/4269 4944/593/4266
f 4950/599/4272 4949/597/4271 4946/598/4268
f 4951/600/4273 4948/596/4270 4947/595/4269
f 4948/596/4270 4951/600/4273 4952/601/4274
f 4952/601/4274 4951/600/4273 4953/602/4275
f 4954/603/4276 4949/597/4271 4950/599/4272
f 4955/604/4277 4954/603/4276 4950/599/4272
f 4949/597/4271 4956/605/4278 4947/595/4269
f 4954/603/4276 4955/604/4277 4957/606/4279
f 4958/607/4280 4957/606/4279 4955/604/4277
f 4959/608/4281 4949/597/4271 4954/603/4276
f 4957/606/4279 4959/608/4281 4954/603/4276
f 4949/597/4271 4959/608/4281 4956/605/4278
f 4960/609/4282 4957/606/4279 4958/607/4280
f 4959/608/4281 4957/606/4279 4961/610/4283
f 4961/610/4283 4957/606/4279 4960/609/4282
f 4962/611/4284 4956/605/4278 4959/608/4281
f 4961/610/4283 4962/611/4284 4959/608/4281
f 4956/605/4278 4963/612/4285 4947/595/4269
f 4956/605/4278 4962/611/4284 4963/612/4285
f 4947/595/4269 4963/612/4285 4951/600/4273
f 4962/611/4284 4961/610/4283 4964/613/4286
f 4964/613/4286 4961/610/4283 4960/609/4282
f 4965/614/4287 4963/612/4285 4962/611/4284
f 4965/614/4287 4962/611/4284 4964/613/4286
f 4966/615/4288 4951/600/4273 4963/612/4285
f 4963/612/4285 4965/614/4287 4967/616/4289
f 4966/615/4288 4963/612/4285 4967/616/4289
f 4964/613/4286 4968/617/4290 4965/614/4287
f 4968/617/4290 4967/616/4289 4965/614/4287
f 4951/600/4273 4966/615/4288 4969/620/4291
f 4951/600/4273 4969/620/4291 4953/602/4275
f 4967/616/4289 4970/621/4292 4966/615/4288
f 4970/621/4292 4969/620/4291 4966/615/4288
f 4967/616/4289 4968/617/4290 4971/619/4293
f 4970/621/4292 4967/616/4289 4971/619/4293
f 4953/602/4275 4969/620/4291 4972/623/4294
f 4953/602/4275 4972/623/4294 4973/624/4295
f 4973/624/4295 4972/623/4294 4974/625/4296
f 4975/626/4297 4972/623/4294 4969/620/4291
f 4972/623/4294 4975/626/4297 4974/625/4296
f 4969/620/4291 4970/621/4292 4976/627/4298
f 4969/620/4291 4976/627/4298 4975/626/4297
f 4974/625/4296 4975/626/4297 4977/628/4299
f 4974/625/4296 4977/628/4299 4978/629/4300
f 4977/628/4299 4979/630/4301 4978/629/4300
f 4977/628/4299 4975/626/4297 4980/631/4302
f 4980/631/4302 4979/630/4301 4977/628/4299
f 4976/627/4298 4980/631/4302 4975/626/4297
f 4981/632/4303 4979/630/4301 4980/631/4302
f 4981/632/4303 4982/633/3245 4979/630/4301
f 4976/627/4298 4983/634/4304 4980/631/4302
f 4981/632/4303 4984/635/4305 4982/633/3245
f 4984/635/4305 4985/636/4306 4982/633/3245
f 4984/635/4305 4986/637/4307 4985/636/4306
f 4987/638/4308 4981/632/4303 4980/631/4302
f 4983/634/4304 4987/638/4308 4980/631/4302
f 4988/639/4309 4984/635/4305 4981/632/4303
f 4987/638/4308 4988/639/4309 4981/632/4303
f 4989/640/4310 4986/637/4307 4984/635/4305
f 4988/639/4309 4989/640/4310 4984/635/4305
f 4990/641/4311 4986/637/4307 4989/640/4310
f 4991/642/4312 4986/637/4307 4990/641/4311
f 4992/643/4313 4989/640/4310 4988/639/4309
f 4992/643/4313 4990/641/4311 4989/640/4310
f 4993/644/4314 4988/639/4309 4987/638/4308
f 4993/644/4314 4992/643/4313 4988/639/4309
f 4994/645/4315 4991/642/4312 4990/641/4311
f 4994/645/4315 4995/646/1555 4991/642/4312
f 4996/647/4316 4995/646/1555 4994/645/4315
f 4997/648/4317 4990/641/4311 4992/643/4313
f 4997/648/4317 4994/645/4315 4990/641/4311
f 4998/649/1557 4996/647/4316 4994/645/4315
f 4998/649/1557 4994/645/4315 4997/648/4317
f 4999/650/4262 4996/647/4316 4998/649/1557
f 5000/651/4318 4997/648/4317 4992/643/4313
f 4993/644/4314 5000/651/4318 4992/643/4313
f 5001/652/4319 4999/650/4262 4998/649/1557
f 4997/648/4317 5001/652/4319 4998/649/1557
f 4999/650/4262 5001/652/4319 5002/653/4320
f 5000/651/4318 5003/654/4321 4997/648/4317
f 5001/652/4319 4997/648/4317 5003/654/4321
f 4993/644/4314 5004/655/4322 5000/651/4318
f 5004/655/4322 5003/654/4321 5000/651/4318
f 5005/658/4323 5002/653/4320 5001/652/4319
f 5002/653/4320 5005/658/4323 5006/659/4267
f 5005/658/4323 5007/660/4268 5006/659/4267
f 5008/657/4324 5001/652/4319 5003/654/4321
f 5005/658/4323 5001/652/4319 5008/657/4324
f 5003/654/4321 5004/655/4322 5008/657/4324
f 5007/660/4268 5005/658/4323 5009/661/4325
f 5008/657/4324 5009/661/4325 5005/658/4323
f 5009/661/4325 5010/671/4326 5007/660/4268
f 5009/661/4325 5008/657/4324 5011/662/4327
f 5008/657/4324 5004/655/4322 5011/662/4327
f 5010/671/4326 5009/661/4325 5012/670/4328
f 5011/662/4327 5013/668/4329 5009/661/4325
f 5012/670/4328 5009/661/4325 5013/668/4329
f 5014/673/4330 5010/671/4326 5012/670/4328
f 5010/671/4326 5014/673/4330 5015/674/4331
f 5014/673/4330 5016/675/4280 5015/674/4331
f 5017/672/4332 5012/670/4328 5013/668/4329
f 5014/673/4330 5012/670/4328 5017/672/4332
f 5016/675/4280 5014/673/4330 5018/677/4333
f 5018/677/4333 4960/609/4282 5016/675/4280
f 5017/672/4332 5019/676/4334 5014/673/4330
f 5019/676/4334 5018/677/4333 5014/673/4330
f 4960/609/4282 5018/677/4333 5020/678/4335
f 5018/677/4333 5019/676/4334 5020/678/4335
f 5021/618/4336 4960/609/4282 5020/678/4335
f 4960/609/4282 5021/618/4336 4964/613/4286
f 4968/617/4290 4964/613/4286 5021/618/4336
f 5020/678/4335 5019/676/4334 5022/679/4337
f 5022/679/4337 5021/618/4336 5020/678/4335
f 5017/672/4332 5023/669/4338 5019/676/4334
f 5019/676/4334 5023/669/4338 5022/679/4337
f 5017/672/4332 5013/668/4329 5023/669/4338
f 5021/618/4336 5022/679/4337 5024/680/2477
f 5024/680/2477 4968/617/4290 5021/618/4336
f 5023/669/4338 5024/680/2477 5022/679/4337
f 4968/617/4290 5024/680/2477 5025/622/4339
f 5023/669/4338 5025/622/4339 5024/680/2477
f 5025/622/4339 4971/619/4293 4968/617/4290
f 5023/669/4338 5013/668/4329 5026/667/4340
f 5025/622/4339 5023/669/4338 5026/667/4340
f 5013/668/4329 5011/662/4327 5026/667/4340
f 4971/619/4293 5025/622/4339 5027/666/4341
f 5026/667/4340 5027/666/4341 5025/622/4339
f 5027/666/4341 4970/621/4292 4971/619/4293
f 5026/667/4340 5011/662/4327 5028/664/4342
f 5027/666/4341 5026/667/4340 5028/664/4342
f 5004/655/4322 5028/664/4342 5011/662/4327
f 4970/621/4292 5027/666/4341 5029/665/4343
f 5028/664/4342 5029/665/4343 5027/666/4341
f 4976/627/4298 4970/621/4292 5029/665/4343
f 4976/627/4298 5029/665/4343 4983/634/4304
f 5030/663/1585 5029/665/4343 5028/664/4342
f 5029/665/4343 5030/663/1585 4983/634/4304
f 5028/664/4342 5004/655/4322 5030/663/1585
f 5031/656/4344 4983/634/4304 5030/663/1585
f 5004/655/4322 5031/656/4344 5030/663/1585
f 4983/634/4304 5031/656/4344 4987/638/4308
f 5004/655/4322 4993/644/4314 5031/656/4344
f 4993/644/4314 4987/638/4308 5031/656/4344
f 5032/681/4345 5033/683/3339 5034/682/4346
f 5033/683/3339 5032/681/4345 5035/684/4347
f 5035/684/4347 5036/685/1208 5033/683/3339
f 5035/684/4347 5032/681/4345 5037/686/4348
f 5036/685/1208 5035/684/4347 5038/687/4349
f 5038/687/4349 5039/688/4350 5036/685/1208
f 5040/689/4351 5035/684/4347 5037/686/4348
f 5040/689/4351 5038/687/4349 5035/684/4347
f 5039/688/4350 5038/687/4349 5041/700/4352
f 5041/700/4352 5042/703/505 5039/688/4350
f 5040/689/4351 5043/697/1600 5038/687/4349
f 5043/697/1600 5041/700/4352 5038/687/4349
f 5042/703/505 5041/700/4352 5044/702/4353
f 5044/702/4353 5045/704/3150 5042/703/505
f 5043/697/1600 5046/701/4354 5041/700/4352
f 5044/702/4353 5041/700/4352 5046/701/4354
f 5045/704/3150 5044/702/4353 5047/705/1606
f 5046/701/4354 5047/705/1606 5044/702/4353
f 5047/705/1606 5048/706/374 5045/704/3150
f 5043/697/1600 5049/698/4355 5046/701/4354
f 5048/706/374 5047/705/1606 5050/711/4356
f 5046/701/4354 5051/707/4357 5047/705/1606
f 5049/698/4355 5051/707/4357 5046/701/4354
f 5050/711/4356 5052/712/4358 5048/706/374
f 5048/706/374 5052/712/4358 5053/713/4359
f 5050/711/4356 5047/705/1606 5054/710/1610
f 5051/707/4357 5054/710/1610 5047/705/1606
f 5054/710/1610 5052/712/4358 5050/711/4356
f 5049/698/4355 5055/708/1608 5051/707/4357
f 5055/708/1608 5054/710/1610 5051/707/4357
f 5056/718/4360 5053/713/4359 5052/712/4358
f 5053/713/4359 5056/718/4360 5057/719/1618
f 5052/712/4358 5054/710/1610 5058/717/4361
f 5058/717/4361 5056/718/4360 5052/712/4358
f 5054/710/1610 5055/708/1608 5059/714/4362
f 5060/723/4363 5057/719/1618 5056/718/4360
f 5057/719/1618 5060/723/4363 5061/724/4076
f 5059/714/4362 5062/715/4364 5054/710/1610
f 5058/717/4361 5054/710/1610 5062/715/4364
f 5059/714/4362 5055/708/1608 5063/709/1609
f 5063/709/1609 5062/715/4364 5059/714/4362
f 5063/709/1609 5055/708/1608 5064/699/1602
f 5055/708/1608 5049/698/4355 5064/699/1602
f 5062/715/4364 5063/709/1609 5065/716/1615
f 5064/699/1602 5049/698/4355 5066/696/1599
f 5065/716/1615 5067/720/4365 5062/715/4364
f 5067/720/4365 5058/717/4361 5062/715/4364
f 5067/720/4365 5065/716/1615 5068/721/4366
f 5049/698/4355 5069/695/4367 5066/696/1599
f 5049/698/4355 5043/697/1600 5069/695/4367
f 5066/696/1599 5069/695/4367 5070/694/4368
f 5040/689/4351 5069/695/4367 5043/697/1600
f 5070/694/4368 5069/695/4367 5071/690/4369
f 5069/695/4367 5040/689/4351 5071/690/4369
f 5070/694/4368 5071/690/4369 5072/1738/4370
f 5071/690/4369 5040/689/4351 5037/686/4348
f 5071/690/4369 5073/1739/3614 5072/1738/4370
f 5074/691/4371 5071/690/4369 5037/686/4348
f 5073/1739/3614 5071/690/4369 5074/691/4371
f 5058/717/4361 5067/720/4365 5075/722/4372
f 5056/718/4360 5058/717/4361 5075/722/4372
f 5075/722/4372 5067/720/4365 5076/725/4373
f 5068/721/4366 5076/725/4373 5067/720/4365
f 5077/727/4374 5056/718/4360 5075/722/4372
f 5076/725/4373 5077/727/4374 5075/722/4372
f 5056/718/4360 5077/727/4374 5060/723/4363
f 5076/725/4373 5068/721/4366 5078/726/4375
f 5077/727/4374 5079/728/4376 5060/723/4363
f 5079/728/4376 5077/727/4374 5076/725/4373
f 5078/726/4375 5079/728/4376 5076/725/4373
f 5061/724/4076 5060/723/4363 5079/728/4376
f 5079/728/4376 5078/726/4375 5080/729/4090
f 5079/728/4376 5080/729/4090 5061/724/4076
f 5081/1534/4377 5082/1532/4378 5083/1535/4379
f 5084/1539/4380 5081/1534/4377 5083/1535/4379
f 5084/1539/4380 5083/1535/4379 5085/1540/4381
f 5084/1539/4380 5086/1541/4382 5081/1534/4377
f 5087/1542/4383 5084/1539/4380 5085/1540/4381
f 5087/1542/4383 5085/1540/4381 5088/1543/4384
f 5084/1539/4380 5089/1544/4385 5086/1541/4382
f 5087/1542/4383 5089/1544/4385 5084/1539/4380
f 5090/1565/4386 5086/1541/4382 5089/1544/4385
f 5090/1565/4386 5091/1567/4387 5086/1541/4382
f 5088/1543/4384 5092/1545/4388 5087/1542/4383
f 5092/1545/4388 5088/1543/4384 5093/1546/4389
f 5093/1546/4389 5094/1547/4390 5092/1545/4388
f 5091/1567/4387 5090/1565/4386 5095/1740/4391
f 5095/1740/4391 5096/1741/4392 5091/1567/4387
f 5094/1547/4390 5097/1550/4393 5092/1545/4388
f 5097/1550/4393 5094/1547/4390 5098/1551/4394
f 5099/1552/4395 5097/1550/4393 5098/1551/4394
f 5097/1550/4393 5100/1549/4396 5092/1545/4388
f 5087/1542/4383 5092/1545/4388 5100/1549/4396
f 5097/1550/4393 5099/1552/4395 5101/1553/2926
f 5101/1553/2926 5100/1549/4396 5097/1550/4393
f 5102/1548/4397 5087/1542/4383 5100/1549/4396
f 5089/1544/4385 5087/1542/4383 5102/1548/4397
f 5100/1549/4396 5101/1553/2926 5103/1554/4398
f 5103/1554/4398 5102/1548/4397 5100/1549/4396
f 5099/1552/4395 5104/1555/4399 5101/1553/2926
f 5104/1555/4399 5099/1552/4395 5105/1556/4400
f 5101/1553/2926 5106/1558/4401 5103/1554/4398
f 5106/1558/4401 5102/1548/4397 5103/1554/4398
f 5106/1558/4401 5101/1553/2926 5104/1555/4399
f 5105/1556/4400 5107/1742/4402 5104/1555/4399
f 5108/1563/4403 5089/1544/4385 5102/1548/4397
f 5108/1563/4403 5102/1548/4397 5106/1558/4401
f 5108/1563/4403 5090/1565/4386 5089/1544/4385
f 5104/1555/4399 5109/1743/4404 5106/1558/4401
f 5107/1742/4402 5109/1743/4404 5104/1555/4399
f 5106/1558/4401 5110/1744/4405 5108/1563/4403
f 5109/1743/4404 5110/1744/4405 5106/1558/4401
f 5108/1563/4403 5111/1745/4406 5090/1565/4386
f 5110/1744/4405 5111/1745/4406 5108/1563/4403
f 5111/1745/4406 5095/1740/4391 5090/1565/4386
f 5107/1742/4402 5112/1644/4407 5109/1743/4404
f 5109/1743/4404 5112/1644/4407 5110/1744/4405
f 5107/1742/4402 5113/1642/4408 5112/1644/4407
f 5110/1744/4405 5114/1645/4409 5111/1745/4406
f 5114/1645/4409 5110/1744/4405 5112/1644/4407
f 5111/1745/4406 5115/1647/4410 5095/1740/4391
f 5114/1645/4409 5115/1647/4410 5111/1745/4406
f 5113/1642/4408 5116/1640/4411 5112/1644/4407
f 5116/1640/4411 5113/1642/4408 5117/1641/3165
f 5117/1641/3165 5118/1636/3164 5116/1640/4411
f 5112/1644/4407 5119/1643/4412 5114/1645/4409
f 5119/1643/4412 5112/1644/4407 5116/1640/4411
f 5114/1645/4409 5120/1646/4413 5115/1647/4410
f 5120/1646/4413 5114/1645/4409 5119/1643/4412
f 5115/1647/4410 5121/1648/4414 5095/1740/4391
f 5120/1646/4413 5121/1648/4414 5115/1647/4410
f 5096/1741/4392 5095/1740/4391 5121/1648/4414
f 5121/1648/4414 5122/1649/4415 5096/1741/4392
f 5123/1639/4416 5121/1648/4414 5120/1646/4413
f 5121/1648/4414 5124/1624/4417 5122/1649/4415
f 5123/1639/4416 5124/1624/4417 5121/1648/4414
f 5124/1624/4417 5125/1618/4418 5122/1649/4415
f 5120/1646/4413 5126/1638/2950 5123/1639/4416
f 5126/1638/2950 5120/1646/4413 5119/1643/4412
f 5124/1624/4417 5123/1639/4416 5127/1630/4419
f 5126/1638/2950 5127/1630/4419 5123/1639/4416
f 5128/1619/1013 5125/1618/4418 5124/1624/4417
f 5125/1618/4418 5128/1619/1013 5129/1615/4420
f 5128/1619/1013 5130/1616/4421 5129/1615/4420
f 5130/1616/4421 5128/1619/1013 5131/1620/4422
f 5124/1624/4417 5132/1622/4423 5128/1619/1013
f 5132/1622/4423 5131/1620/4422 5128/1619/1013
f 5132/1622/4423 5124/1624/4417 5127/1630/4419
f 5133/1623/4424 5131/1620/4422 5132/1622/4423
f 5134/1625/4425 5133/1623/4424 5132/1622/4423
f 5133/1623/4424 5134/1625/4425 5135/1626/4426
f 5134/1625/4425 5136/1627/4427 5135/1626/4426
f 5137/1628/4428 5136/1627/4427 5134/1625/4425
f 5138/1629/2955 5134/1625/4425 5132/1622/4423
f 5137/1628/4428 5134/1625/4425 5138/1629/2955
f 5127/1630/4419 5138/1629/2955 5132/1622/4423
f 5139/1631/4429 5137/1628/4428 5138/1629/2955
f 5137/1628/4428 5139/1631/4429 5140/1632/4430
f 5138/1629/2955 5127/1630/4419 5141/1633/2953
f 5139/1631/4429 5138/1629/2955 5141/1633/2953
f 5127/1630/4419 5126/1638/2950 5141/1633/2953
f 5142/1634/4431 5140/1632/4430 5139/1631/4429
f 5141/1633/2953 5142/1634/4431 5139/1631/4429
f 5140/1632/4430 5142/1634/4431 5143/1635/9
f 5142/1634/4431 5118/1636/3164 5143/1635/9
f 5144/1637/2948 5141/1633/2953 5126/1638/2950
f 5141/1633/2953 5144/1637/2948 5142/1634/4431
f 5118/1636/3164 5142/1634/4431 5144/1637/2948
f 5144/1637/2948 5126/1638/2950 5119/1643/4412
f 5118/1636/3164 5144/1637/2948 5116/1640/4411
f 5116/1640/4411 5144/1637/2948 5119/1643/4412
f 5145/587/4432 5146/589/4433 5147/588/3409
f 5148/590/4434 5146/589/4433 5145/587/4432
f 5149/591/4320 5148/590/4434 5145/587/4432
f 5150/592/4435 5146/589/4433 5148/590/4434
f 5149/591/4320 5151/593/4436 5148/590/4434
f 5151/593/4436 5150/592/4435 5148/590/4434
f 5152/594/4267 5151/593/4436 5149/591/4320
f 5151/593/4436 5152/594/4267 5153/598/4437
f 5150/592/4435 5151/593/4436 5154/595/4269
f 5150/592/4435 5154/595/4269 5155/596/1509
f 5153/598/4437 5156/597/4438 5151/593/4436
f 5156/597/4438 5154/595/4269 5151/593/4436
f 5157/599/4439 5156/597/4438 5153/598/4437
f 5158/600/4440 5155/596/1509 5154/595/4269
f 5155/596/1509 5158/600/4440 5159/601/4274
f 5159/601/4274 5158/600/4440 5160/602/3412
f 5161/603/4441 5156/597/4438 5157/599/4439
f 5162/604/4442 5161/603/4441 5157/599/4439
f 5156/597/4438 5163/605/4278 5154/595/4269
f 5161/603/4441 5162/604/4442 5164/606/4443
f 5165/607/4444 5164/606/4443 5162/604/4442
f 5166/608/4445 5156/597/4438 5161/603/4441
f 5164/606/4443 5166/608/4445 5161/603/4441
f 5156/597/4438 5166/608/4445 5163/605/4278
f 5167/609/4446 5164/606/4443 5165/607/4444
f 5166/608/4445 5164/606/4443 5168/610/4447
f 5168/610/4447 5164/606/4443 5167/609/4446
f 5169/611/4448 5163/605/4278 5166/608/4445
f 5168/610/4447 5169/611/4448 5166/608/4445
f 5163/605/4278 5170/612/4449 5154/595/4269
f 5163/605/4278 5169/611/4448 5170/612/4449
f 5154/595/4269 5170/612/4449 5158/600/4440
f 5169/611/4448 5168/610/4447 5171/613/4450
f 5171/613/4450 5168/610/4447 5167/609/4446
f 5172/614/4451 5170/612/4449 5169/611/4448
f 5172/614/4451 5169/611/4448 5171/613/4450
f 5170/612/4449 5172/614/4451 5173/616/4452
f 5171/613/4450 5174/617/4453 5172/614/4451
f 5174/617/4453 5173/616/4452 5172/614/4451
f 5175/615/4294 5170/612/4449 5173/616/4452
f 5175/615/4294 5158/600/4440 5170/612/4449
f 5173/616/4452 5174/617/4453 5176/619/4454
f 5176/619/4454 5175/615/4294 5173/616/4452
f 5174/617/4453 5171/613/4450 5177/618/4455
f 5167/609/4446 5177/618/4455 5171/613/4450
f 5158/600/4440 5175/615/4294 5178/620/4456
f 5158/600/4440 5178/620/4456 5160/602/3412
f 5175/615/4294 5176/619/4454 5179/621/4457
f 5179/621/4457 5178/620/4456 5175/615/4294
f 5160/602/3412 5178/620/4456 5180/623/4458
f 5160/602/3412 5180/623/4458 5181/624/144
f 5181/624/144 5180/623/4458 5182/625/4296
f 5183/626/4297 5180/623/4458 5178/620/4456
f 5180/623/4458 5183/626/4297 5182/625/4296
f 5178/620/4456 5179/621/4457 5184/627/4459
f 5178/620/4456 5184/627/4459 5183/626/4297
f 5182/625/4296 5183/626/4297 5185/628/4460
f 5182/625/4296 5185/628/4460 5186/629/3417
f 5185/628/4460 5187/630/3420 5186/629/3417
f 5185/628/4460 5183/626/4297 5188/631/4461
f 5188/631/4461 5187/630/3420 5185/628/4460
f 5184/627/4459 5188/631/4461 5183/626/4297
f 5189/632/4462 5187/630/3420 5188/631/4461
f 5189/632/4462 5190/633/4463 5187/630/3420
f 5184/627/4459 5191/634/4464 5188/631/4461
f 5189/632/4462 5192/635/4465 5190/633/4463
f 5192/635/4465 5193/636/3249 5190/633/4463
f 5192/635/4465 5194/637/4466 5193/636/3249
f 5195/638/1547 5189/632/4462 5188/631/4461
f 5191/634/4464 5195/638/1547 5188/631/4461
f 5196/639/1548 5192/635/4465 5189/632/4462
f 5195/638/1547 5196/639/1548 5189/632/4462
f 5197/640/1440 5194/637/4466 5192/635/4465
f 5196/639/1548 5197/640/1440 5192/635/4465
f 5198/641/4467 5194/637/4466 5197/640/1440
f 5199/642/4312 5194/637/4466 5198/641/4467
f 5200/643/4468 5197/640/1440 5196/639/1548
f 5200/643/4468 5198/641/4467 5197/640/1440
f 5201/644/4469 5196/639/1548 5195/638/1547
f 5201/644/4469 5200/643/4468 5196/639/1548
f 5202/645/4470 5199/642/4312 5198/641/4467
f 5202/645/4470 5203/646/1555 5199/642/4312
f 5204/647/4471 5203/646/1555 5202/645/4470
f 5205/648/4472 5198/641/4467 5200/643/4468
f 5205/648/4472 5202/645/4470 5198/641/4467
f 5206/649/1557 5204/647/4471 5202/645/4470
f 5206/649/1557 5202/645/4470 5205/648/4472
f 5207/650/4473 5204/647/4471 5206/649/1557
f 5208/651/4318 5205/648/4472 5200/643/4468
f 5201/644/4469 5208/651/4318 5200/643/4468
f 5209/652/4319 5207/650/4473 5206/649/1557
f 5205/648/4472 5209/652/4319 5206/649/1557
f 5207/650/4473 5209/652/4319 5210/653/4320
f 5208/651/4318 5211/654/4474 5205/648/4472
f 5209/652/4319 5205/648/4472 5211/654/4474
f 5201/644/4469 5212/655/4475 5208/651/4318
f 5212/655/4475 5211/654/4474 5208/651/4318
f 5213/658/4323 5210/653/4320 5209/652/4319
f 5210/653/4320 5213/658/4323 5214/659/4476
f 5213/658/4323 5215/660/4477 5214/659/4476
f 5216/657/4478 5209/652/4319 5211/654/4474
f 5213/658/4323 5209/652/4319 5216/657/4478
f 5211/654/4474 5212/655/4475 5216/657/4478
f 5215/660/4477 5213/658/4323 5217/661/4479
f 5216/657/4478 5217/661/4479 5213/658/4323
f 5217/661/4479 5218/671/4439 5215/660/4477
f 5217/661/4479 5216/657/4478 5219/662/4480
f 5216/657/4478 5212/655/4475 5219/662/4480
f 5218/671/4439 5217/661/4479 5220/670/4481
f 5219/662/4480 5221/668/4482 5217/661/4479
f 5220/670/4481 5217/661/4479 5221/668/4482
f 5222/673/4483 5218/671/4439 5220/670/4481
f 5218/671/4439 5222/673/4483 5223/674/4484
f 5222/673/4483 5224/675/4485 5223/674/4484
f 5225/672/4486 5220/670/4481 5221/668/4482
f 5222/673/4483 5220/670/4481 5225/672/4486
f 5224/675/4485 5222/673/4483 5226/677/4487
f 5226/677/4487 5167/609/4446 5224/675/4485
f 5225/672/4486 5227/676/4488 5222/673/4483
f 5227/676/4488 5226/677/4487 5222/673/4483
f 5167/609/4446 5226/677/4487 5228/678/4489
f 5226/677/4487 5227/676/4488 5228/678/4489
f 5177/618/4455 5167/609/4446 5228/678/4489
f 5228/678/4489 5227/676/4488 5229/679/4490
f 5229/679/4490 5177/618/4455 5228/678/4489
f 5225/672/4486 5230/669/4491 5227/676/4488
f 5227/676/4488 5230/669/4491 5229/679/4490
f 5225/672/4486 5221/668/4482 5230/669/4491
f 5177/618/4455 5229/679/4490 5231/680/4492
f 5230/669/4491 5231/680/4492 5229/679/4490
f 5231/680/4492 5174/617/4453 5177/618/4455
f 5230/669/4491 5221/668/4482 5232/667/1580
f 5221/668/4482 5219/662/4480 5232/667/1580
f 5230/669/4491 5233/622/4493 5231/680/4492
f 5174/617/4453 5231/680/4492 5233/622/4493
f 5233/622/4493 5230/669/4491 5232/667/1580
f 5233/622/4493 5176/619/4454 5174/617/4453
f 5176/619/4454 5233/622/4493 5234/666/4494
f 5232/667/1580 5234/666/4494 5233/622/4493
f 5234/666/4494 5179/621/4457 5176/619/4454
f 5232/667/1580 5219/662/4480 5235/664/4495
f 5234/666/4494 5232/667/1580 5235/664/4495
f 5212/655/4475 5235/664/4495 5219/662/4480
f 5179/621/4457 5234/666/4494 5236/665/4496
f 5235/664/4495 5236/665/4496 5234/666/4494
f 5184/627/4459 5179/621/4457 5236/665/4496
f 5184/627/4459 5236/665/4496 5191/634/4464
f 5237/663/1585 5236/665/4496 5235/664/4495
f 5236/665/4496 5237/663/1585 5191/634/4464
f 5235/664/4495 5212/655/4475 5237/663/1585
f 5238/656/4497 5191/634/4464 5237/663/1585
f 5212/655/4475 5238/656/4497 5237/663/1585
f 5191/634/4464 5238/656/4497 5195/638/1547
f 5212/655/4475 5201/644/4469 5238/656/4497
f 5201/644/4469 5195/638/1547 5238/656/4497
f 5239/681/3387 5240/683/4498 5241/682/3386
f 5240/683/4498 5239/681/3387 5242/684/4499
f 5242/684/4499 5243/685/1208 5240/683/4498
f 5242/684/4499 5239/681/3387 5244/686/3389
f 5243/685/1208 5242/684/4499 5245/687/4500
f 5245/687/4500 5246/688/4350 5243/685/1208
f 5244/686/3389 5247/689/4501 5242/684/4499
f 5247/689/4501 5245/687/4500 5242/684/4499
f 5246/688/4350 5245/687/4500 5248/700/4502
f 5248/700/4502 5249/703/505 5246/688/4350
f 5247/689/4501 5250/697/1600 5245/687/4500
f 5250/697/1600 5248/700/4502 5245/687/4500
f 5249/703/505 5248/700/4502 5251/702/4353
f 5251/702/4353 5252/704/1 5249/703/505
f 5250/697/1600 5253/701/1604 5248/700/4502
f 5251/702/4353 5248/700/4502 5253/701/1604
f 5252/704/1 5251/702/4353 5254/705/1606
f 5253/701/1604 5254/705/1606 5251/702/4353
f 5254/705/1606 5255/706/374 5252/704/1
f 5250/697/1600 5256/698/4355 5253/701/1604
f 5255/706/374 5254/705/1606 5257/711/1611
f 5253/701/1604 5258/707/4503 5254/705/1606
f 5256/698/4355 5258/707/4503 5253/701/1604
f 5259/712/4358 5255/706/374 5257/711/1611
f 5255/706/374 5259/712/4358 5260/713/378
f 5257/711/1611 5254/705/1606 5261/710/1610
f 5258/707/4503 5261/710/1610 5254/705/1606
f 5261/710/1610 5259/712/4358 5257/711/1611
f 5256/698/4355 5262/708/1608 5258/707/4503
f 5262/708/1608 5261/710/1610 5258/707/4503
f 5263/718/4504 5260/713/378 5259/712/4358
f 5260/713/378 5263/718/4504 5264/719/1618
f 5259/712/4358 5261/710/1610 5265/717/4505
f 5265/717/4505 5263/718/4504 5259/712/4358
f 5261/710/1610 5262/708/1608 5266/714/1613
f 5267/723/4506 5264/719/1618 5263/718/4504
f 5264/719/1618 5267/723/4506 5268/724/4076
f 5266/714/1613 5269/715/4507 5261/710/1610
f 5265/717/4505 5261/710/1610 5269/715/4507
f 5266/714/1613 5262/708/1608 5270/709/1609
f 5270/709/1609 5269/715/4507 5266/714/1613
f 5270/709/1609 5262/708/1608 5271/699/1602
f 5262/708/1608 5256/698/4355 5271/699/1602
f 5269/715/4507 5270/709/1609 5272/716/127
f 5271/699/1602 5256/698/4355 5273/696/1599
f 5272/716/127 5274/720/4365 5269/715/4507
f 5274/720/4365 5265/717/4505 5269/715/4507
f 5274/720/4365 5272/716/127 5275/721/4508
f 5256/698/4355 5276/695/4509 5273/696/1599
f 5256/698/4355 5250/697/1600 5276/695/4509
f 5273/696/1599 5276/695/4509 5277/694/4368
f 5247/689/4501 5276/695/4509 5250/697/1600
f 5277/694/4368 5276/695/4509 5278/690/4369
f 5276/695/4509 5247/689/4501 5278/690/4369
f 5277/694/4368 5278/690/4369 5279/693/4370
f 5278/690/4369 5247/689/4501 5244/686/3389
f 5278/690/4369 5280/692/3614 5279/693/4370
f 5281/691/4371 5278/690/4369 5244/686/3389
f 5280/692/3614 5278/690/4369 5281/691/4371
f 5265/717/4505 5274/720/4365 5282/722/4510
f 5263/718/4504 5265/717/4505 5282/722/4510
f 5282/722/4510 5274/720/4365 5283/725/4373
f 5275/721/4508 5283/725/4373 5274/720/4365
f 5284/727/4511 5263/718/4504 5282/722/4510
f 5283/725/4373 5284/727/4511 5282/722/4510
f 5263/718/4504 5284/727/4511 5267/723/4506
f 5283/725/4373 5275/721/4508 5285/726/1244
f 5284/727/4511 5286/728/4512 5267/723/4506
f 5286/728/4512 5284/727/4511 5283/725/4373
f 5285/726/1244 5286/728/4512 5283/725/4373
f 5268/724/4076 5267/723/4506 5286/728/4512
f 5286/728/4512 5285/726/1244 5287/729/4513
f 5286/728/4512 5287/729/4513 5268/724/4076
f 5288/1534/4514 5289/1532/4515 5290/1535/4516
f 5291/1539/4517 5288/1534/4514 5290/1535/4516
f 5291/1539/4517 5290/1535/4516 5292/1540/4518
f 5291/1539/4517 5293/1541/4519 5288/1534/4514
f 5294/1542/4520 5291/1539/4517 5292/1540/4518
f 5294/1542/4520 5292/1540/4518 5295/1543/4521
f 5291/1539/4517 5296/1544/4522 5293/1541/4519
f 5294/1542/4520 5296/1544/4522 5291/1539/4517
f 5297/1565/4523 5293/1541/4519 5296/1544/4522
f 5297/1565/4523 5298/1567/4524 5293/1541/4519
f 5295/1543/4521 5299/1545/4525 5294/1542/4520
f 5299/1545/4525 5295/1543/4521 5300/1546/3540
f 5300/1546/3540 5301/1547/4526 5299/1545/4525
f 5298/1567/4524 5297/1565/4523 5302/1740/4527
f 5302/1740/4527 5303/1741/4528 5298/1567/4524
f 5301/1547/4526 5304/1550/4529 5299/1545/4525
f 5304/1550/4529 5301/1547/4526 5305/1551/3543
f 5306/1552/4530 5304/1550/4529 5305/1551/3543
f 5304/1550/4529 5307/1549/2923 5299/1545/4525
f 5294/1542/4520 5299/1545/4525 5307/1549/2923
f 5304/1550/4529 5306/1552/4530 5308/1553/2926
f 5308/1553/2926 5307/1549/2923 5304/1550/4529
f 5309/1548/4531 5294/1542/4520 5307/1549/2923
f 5296/1544/4522 5294/1542/4520 5309/1548/4531
f 5307/1549/2923 5308/1553/2926 5310/1554/2927
f 5310/1554/2927 5309/1548/4531 5307/1549/2923
f 5306/1552/4530 5311/1555/4399 5308/1553/2926
f 5311/1555/4399 5306/1552/4530 5312/1556/3546
f 5308/1553/2926 5313/1558/4401 5310/1554/2927
f 5313/1558/4401 5309/1548/4531 5310/1554/2927
f 5313/1558/4401 5308/1553/2926 5311/1555/4399
f 5312/1556/3546 5314/1742/4402 5311/1555/4399
f 5296/1544/4522 5309/1548/4531 5315/1563/4532
f 5315/1563/4532 5309/1548/4531 5313/1558/4401
f 5315/1563/4532 5297/1565/4523 5296/1544/4522
f 5311/1555/4399 5316/1743/4533 5313/1558/4401
f 5314/1742/4402 5316/1743/4533 5311/1555/4399
f 5313/1558/4401 5317/1744/4534 5315/1563/4532
f 5316/1743/4533 5317/1744/4534 5313/1558/4401
f 5315/1563/4532 5318/1745/4535 5297/1565/4523
f 5317/1744/4534 5318/1745/4535 5315/1563/4532
f 5318/1745/4535 5302/1740/4527 5297/1565/4523
f 5316/1743/4533 5319/1645/4536 5317/1744/4534
f 5317/1744/4534 5319/1645/4536 5318/1745/4535
f 5314/1742/4402 5320/1644/4537 5316/1743/4533
f 5319/1645/4536 5316/1743/4533 5320/1644/4537
f 5314/1742/4402 5321/1642/4408 5320/1644/4537
f 5319/1645/4536 5322/1647/4538 5318/1745/4535
f 5318/1745/4535 5322/1647/4538 5302/1740/4527
f 5321/1642/4408 5323/1640/4539 5320/1644/4537
f 5323/1640/4539 5321/1642/4408 5324/1641/3165
f 5324/1641/3165 5325/1636/3164 5323/1640/4539
f 5320/1644/4537 5326/1643/4540 5319/1645/4536
f 5323/1640/4539 5326/1643/4540 5320/1644/4537
f 5319/1645/4536 5327/1646/4541 5322/1647/4538
f 5327/1646/4541 5319/1645/4536 5326/1643/4540
f 5322/1647/4538 5328/1648/4542 5302/1740/4527
f 5327/1646/4541 5328/1648/4542 5322/1647/4538
f 5303/1741/4528 5302/1740/4527 5328/1648/4542
f 5328/1648/4542 5329/1649/4543 5303/1741/4528
f 5323/1640/4539 5330/1637/2948 5326/1643/4540
f 5325/1636/3164 5330/1637/2948 5323/1640/4539
f 5328/1648/4542 5331/1624/4544 5329/1649/4543
f 5331/1624/4544 5332/1618/4545 5329/1649/4543
f 5333/1639/4546 5328/1648/4542 5327/1646/4541
f 5333/1639/4546 5331/1624/4544 5328/1648/4542
f 5334/1638/2950 5327/1646/4541 5326/1643/4540
f 5327/1646/4541 5334/1638/2950 5333/1639/4546
f 5330/1637/2948 5334/1638/2950 5326/1643/4540
f 5334/1638/2950 5335/1630/4547 5333/1639/4546
f 5331/1624/4544 5333/1639/4546 5335/1630/4547
f 5330/1637/2948 5336/1633/2953 5334/1638/2950
f 5335/1630/4547 5334/1638/2950 5336/1633/2953
f 5325/1636/3164 5337/1634/4431 5330/1637/2948
f 5336/1633/2953 5330/1637/2948 5337/1634/4431
f 5337/1634/4431 5325/1636/3164 5338/1635/9
f 5339/1632/4548 5337/1634/4431 5338/1635/9
f 5337/1634/4431 5339/1632/4548 5340/1631/4429
f 5336/1633/2953 5337/1634/4431 5340/1631/4429
f 5341/1628/4549 5340/1631/4429 5339/1632/4548
f 5340/1631/4429 5342/1629/2955 5336/1633/2953
f 5340/1631/4429 5341/1628/4549 5342/1629/2955
f 5342/1629/2955 5335/1630/4547 5336/1633/2953
f 5341/1628/4549 5343/1625/4550 5342/1629/2955
f 5341/1628/4549 5344/1627/3540 5343/1625/4550
f 5343/1625/4550 5344/1627/3540 5345/1626/4521
f 5346/1623/4518 5343/1625/4550 5345/1626/4521
f 5335/1630/4547 5342/1629/2955 5347/1622/4551
f 5342/1629/2955 5343/1625/4550 5347/1622/4551
f 5343/1625/4550 5346/1623/4518 5347/1622/4551
f 5347/1622/4551 5331/1624/4544 5335/1630/4547
f 5346/1623/4518 5348/1620/4552 5347/1622/4551
f 5331/1624/4544 5347/1622/4551 5349/1619/4553
f 5347/1622/4551 5348/1620/4552 5349/1619/4553
f 5349/1619/4553 5332/1618/4545 5331/1624/4544
f 5350/1616/4554 5349/1619/4553 5348/1620/4552
f 5332/1618/4545 5349/1619/4553 5351/1615/4555
f 5349/1619/4553 5350/1616/4554 5351/1615/4555
f 5352/380/4556 5353/383/3151 5354/384/1
f 5352/380/4556 5355/382/4557 5353/383/3151
f 5356/375/4390 5353/383/3151 5355/382/4557
f 5357/1729/4558 5355/382/4557 5352/380/4556
f 5357/1729/4558 5356/375/4390 5355/382/4557
f 5358/1726/3536 5357/1729/4558 5352/380/4556
f 5356/375/4390 5357/1729/4558 5359/39/4559
f 5360/1724/3534 5357/1729/4558 5358/1726/3536
f 5358/1726/3536 5361/1725/4560 5360/1724/3534
f 5362/381/4561 5360/1724/3534 5361/1725/4560
f 5359/39/4559 5357/1729/4558 5363/1728/4562
f 5360/1724/3534 5363/1728/4562 5357/1729/4558
f 5360/1724/3534 5362/381/4561 5364/385/4563
f 5365/386/4564 5364/385/4563 5362/381/4561
f 5366/1723/3533 5363/1728/4562 5360/1724/3534
f 5364/385/4563 5366/1723/3533 5360/1724/3534
f 5367/388/1270 5368/389/3970 5365/386/4564
f 5368/389/3970 5369/387/4565 5365/386/4564
f 5369/387/4565 5364/385/4563 5365/386/4564
f 5369/387/4565 5368/389/3970 5370/390/3973
f 5370/390/3973 5371/391/4566 5369/387/4565
f 5364/385/4563 5369/387/4565 5371/391/4566
f 5364/385/4563 5371/391/4566 3561/1718/3320
f 3561/1718/3320 5371/391/4566 5372/392/4567
f 5366/1723/3533 5364/385/4563 3561/1718/3320
f 3561/1718/3320 5373/1722/4568 5366/1723/3533
f 5373/1722/4568 3561/1718/3320 3554/1715/3313
f 3554/1715/3313 3552/1714/3311 5373/1722/4568
f 5374/1727/3537 5366/1723/3533 5373/1722/4568
f 3552/1714/3311 5374/1727/3537 5373/1722/4568
f 5366/1723/3533 5374/1727/3537 5363/1728/4562
f 3552/1714/3311 5375/1730/4569 5374/1727/3537
f 5375/1730/4569 3552/1714/3311 3551/1713/3310
f 5376/37/4570 5363/1728/4562 5374/1727/3537
f 5376/37/4570 5359/39/4559 5363/1728/4562
f 5359/39/4559 5376/37/4570 5377/38/4571
f 5376/37/4570 5378/32/4572 5377/38/4571
f 5375/1730/4569 5379/40/3548 5374/1727/3537
f 5376/37/4570 5374/1727/3537 5379/40/3548
f 5378/32/4572 5376/37/4570 5380/34/4573
f 5379/40/3548 5380/34/4573 5376/37/4570
f 5380/34/4573 5381/1731/4574 5378/32/4572
f 5381/1731/4574 5382/1732/4402 5378/32/4572
f 5381/1731/4574 5383/25/3552 5382/1732/4402
f 5379/40/3548 5384/1733/3553 5380/34/4573
f 5381/1731/4574 5380/34/4573 5384/1733/3553
f 5375/1730/4569 5385/42/3554 5379/40/3548
f 5385/42/3554 5384/1733/3553 5379/40/3548
f 3551/1713/3310 5385/42/3554 5375/1730/4569
f 5383/25/3552 5381/1731/4574 5386/24/3555
f 5384/1733/3553 5386/24/3555 5381/1731/4574
f 5386/24/3555 3388/21/3165 5383/25/3552
f 3551/1713/3310 5387/45/4575 5385/42/3554
f 3422/1702/3196 5387/45/4575 3551/1713/3310
f 3388/21/3165 5386/24/3555 5388/20/4576
f 3386/16/3163 3388/21/3165 5388/20/4576
f 5389/26/3558 5388/20/4576 5386/24/3555
f 5386/24/3555 5384/1733/3553 5389/26/3558
f 5390/22/3559 3386/16/3163 5388/20/4576
f 5388/20/4576 5389/26/3558 5390/22/3559
f 5390/22/3559 3389/18/18 3386/16/3163
f 3399/23/3174 3389/18/18 5390/22/3559
f 5391/1734/3560 5389/26/3558 5384/1733/3553
f 5385/42/3554 5391/1734/3560 5384/1733/3553
f 5391/1734/3560 5385/42/3554 5387/45/4575
f 5392/33/3561 5390/22/3559 5389/26/3558
f 5389/26/3558 5391/1734/3560 5392/33/3561
f 5390/22/3559 5392/33/3561 3399/23/3174
f 5387/45/4575 5393/1735/3562 5391/1734/3560
f 5393/1735/3562 5392/33/3561 5391/1734/3560
f 5394/50/4577 3399/23/3174 5392/33/3561
f 5392/33/3561 5393/1735/3562 5394/50/4577
f 3399/23/3174 5394/50/4577 3398/53/3173
f 5393/1735/3562 5387/45/4575 5395/49/4578
f 5387/45/4575 3422/1702/3196 5395/49/4578
f 3412/77/3187 5395/49/4578 3422/1702/3196
f 5396/1736/3565 5394/50/4577 5393/1735/3562
f 5395/49/4578 5396/1736/3565 5393/1735/3562
f 5397/54/3566 3398/53/3173 5394/50/4577
f 5394/50/4577 5396/1736/3565 5397/54/3566
f 3398/53/3173 5397/54/3566 3396/56/3171
f 3396/56/3171 5397/54/3566 3406/64/3181
f 5397/54/3566 5396/1736/3565 3406/64/3181
f 5395/49/4578 3412/77/3187 5398/74/3567
f 5396/1736/3565 5395/49/4578 5398/74/3567
f 3412/77/3187 3408/1690/3183 5398/74/3567
f 5399/1737/3568 3406/64/3181 5396/1736/3565
f 3408/1690/3183 3406/64/3181 5399/1737/3568
f 5398/74/3567 5399/1737/3568 5396/1736/3565
f 5398/74/3567 3408/1690/3183 5399/1737/3568
f 5400/1057/4579 5401/1056/4580 5402/1054/4581
f 5400/1057/4579 5403/1059/4582 5401/1056/4580
f 5404/1060/4583 5403/1059/4582 5400/1057/4579
f 5405/1061/4584 5401/1056/4580 5403/1059/4582
f 5401/1056/4580 5405/1061/4584 5406/1058/4585
f 5404/1060/4583 5407/1062/4586 5403/1059/4582
f 5407/1062/4586 5405/1061/4584 5403/1059/4582
f 5408/1063/4587 5407/1062/4586 5404/1060/4583
f 5405/1061/4584 5409/1071/4588 5406/1058/4585
f 5410/1064/4589 5407/1062/4586 5408/1063/4587
f 5410/1064/4589 5408/1063/4587 5411/1065/3790
f 5411/1065/3790 5412/1066/4590 5410/1064/4589
f 5407/1062/4586 5413/1067/4591 5405/1061/4584
f 5410/1064/4589 5413/1067/4591 5407/1062/4586
f 5409/1071/4588 5405/1061/4584 5414/1070/4592
f 5413/1067/4591 5414/1070/4592 5405/1061/4584
f 5412/1066/4590 5415/1068/4593 5410/1064/4589
f 5415/1068/4593 5413/1067/4591 5410/1064/4589
f 5414/1070/4592 5416/1074/4594 5409/1071/4588
f 5416/1074/4594 5417/1075/4595 5409/1071/4588
f 5416/1074/4594 5418/1081/4596 5417/1075/4595
f 5414/1070/4592 5413/1067/4591 5419/1069/4597
f 5415/1068/4593 5419/1069/4597 5413/1067/4591
f 5420/1072/4598 5416/1074/4594 5414/1070/4592
f 5419/1069/4597 5420/1072/4598 5414/1070/4592
f 5418/1081/4596 5416/1074/4594 5421/1076/4599
f 5420/1072/4598 5421/1076/4599 5416/1074/4594
f 5421/1076/4599 5422/1090/4600 5418/1081/4596
f 5423/1123/4601 5420/1072/4598 5419/1069/4597
f 5421/1076/4599 5424/1102/4602 5422/1090/4600
f 5424/1102/4602 5425/1100/4603 5422/1090/4600
f 5420/1072/4598 5426/1105/4604 5421/1076/4599
f 5426/1105/4604 5424/1102/4602 5421/1076/4599
f 5423/1123/4601 5426/1105/4604 5420/1072/4598
f 5424/1102/4602 5427/1103/4605 5425/1100/4603
f 5425/1100/4603 5428/1104/4579 5429/1101/4606
f 5428/1104/4579 5425/1100/4603 5427/1103/4605
f 5430/1106/4607 5427/1103/4605 5424/1102/4602
f 5426/1105/4604 5430/1106/4607 5424/1102/4602
f 5431/1107/4608 5428/1104/4579 5427/1103/4605
f 5430/1106/4607 5431/1107/4608 5427/1103/4605
f 5431/1107/4608 5432/1108/4609 5428/1104/4579
f 5426/1105/4604 5433/1109/4610 5430/1106/4607
f 5433/1109/4610 5431/1107/4608 5430/1106/4607
f 5434/1110/4611 5432/1108/4609 5431/1107/4608
f 5431/1107/4608 5433/1109/4610 5434/1110/4611
f 5435/1111/4612 5432/1108/4609 5434/1110/4611
f 5435/1111/4612 5434/1110/4611 5436/1112/4613
f 5437/1113/4614 5436/1112/4613 5434/1110/4611
f 5437/1113/4614 5434/1110/4611 5433/1109/4610
f 5433/1109/4610 5426/1105/4604 5438/1120/4615
f 5426/1105/4604 5423/1123/4601 5438/1120/4615
f 5439/1114/4616 5437/1113/4614 5433/1109/4610
f 5437/1113/4614 5439/1114/4616 5440/1115/1978
f 5440/1115/1978 5439/1114/4616 5441/1116/3745
f 5442/1117/4617 5441/1116/3745 5439/1114/4616
f 5443/1118/4618 5439/1114/4616 5433/1109/4610
f 5439/1114/4616 5443/1118/4618 5442/1117/4617
f 5443/1118/4618 5433/1109/4610 5438/1120/4615
f 5443/1118/4618 5444/1746/4619 5442/1117/4617
f 5438/1120/4615 5445/1747/4620 5443/1118/4618
f 5444/1746/4619 5443/1118/4618 5445/1747/4620
f 5445/1747/4620 5438/1120/4615 5423/1123/4601
f 5445/1747/4620 5446/1125/3756 5444/1746/4619
f 5446/1125/3756 5445/1747/4620 5447/1127/4621
f 5423/1123/4601 5447/1127/4621 5445/1747/4620
f 5446/1125/3756 5447/1127/4621 5448/1128/4622
f 5447/1127/4621 5423/1123/4601 5449/1126/4623
f 5449/1126/4623 5423/1123/4601 5419/1069/4597
f 5419/1069/4597 5415/1068/4593 5449/1126/4623
f 5415/1068/4593 5447/1127/4621 5449/1126/4623
f 5448/1128/4622 5447/1127/4621 5450/1129/4624
f 5447/1127/4621 5415/1068/4593 5450/1129/4624
f 5451/1130/4625 5448/1128/4622 5450/1129/4624
f 5412/1066/4590 5450/1129/4624 5415/1068/4593
f 5452/1131/3783 5451/1130/4625 5450/1129/4624
f 5452/1131/3783 5450/1129/4624 5412/1066/4590
f 5453/1057/4626 5454/1056/4627 5455/1054/4628
f 5453/1057/4626 5456/1059/4629 5454/1056/4627
f 5457/1060/4630 5456/1059/4629 5453/1057/4626
f 5458/1061/4631 5454/1056/4627 5456/1059/4629
f 5454/1056/4627 5458/1061/4631 5459/1058/4632
f 5457/1060/4630 5460/1062/4633 5456/1059/4629
f 5460/1062/4633 5458/1061/4631 5456/1059/4629
f 5461/1063/4634 5460/1062/4633 5457/1060/4630
f 5458/1061/4631 5462/1071/4635 5459/1058/4632
f 5463/1064/4636 5460/1062/4633 5461/1063/4634
f 5464/1065/4637 5463/1064/4636 5461/1063/4634
f 5464/1065/4637 5465/1066/4638 5463/1064/4636
f 5463/1064/4636 5466/1067/4639 5460/1062/4633
f 5460/1062/4633 5466/1067/4639 5458/1061/4631
f 5465/1066/4638 5467/1068/4640 5463/1064/4636
f 5467/1068/4640 5466/1067/4639 5463/1064/4636
f 5466/1067/4639 5468/1069/4641 5458/1061/4631
f 5467/1068/4640 5468/1069/4641 5466/1067/4639
f 5462/1071/4635 5458/1061/4631 5469/1070/4642
f 5468/1069/4641 5469/1070/4642 5458/1061/4631
f 5469/1070/4642 5470/1074/4643 5462/1071/4635
f 5470/1074/4643 5471/1075/4644 5462/1071/4635
f 5470/1074/4643 5472/1081/4645 5471/1075/4644
f 5473/1072/4646 5470/1074/4643 5469/1070/4642
f 5468/1069/4641 5473/1072/4646 5469/1070/4642
f 5472/1081/4645 5470/1074/4643 5474/1076/4647
f 5473/1072/4646 5474/1076/4647 5470/1074/4643
f 5474/1076/4647 5475/1090/4648 5472/1081/4645
f 5476/1123/4649 5473/1072/4646 5468/1069/4641
f 5474/1076/4647 5477/1102/4650 5475/1090/4648
f 5477/1102/4650 5478/1100/4651 5475/1090/4648
f 5473/1072/4646 5479/1105/4652 5474/1076/4647
f 5479/1105/4652 5477/1102/4650 5474/1076/4647
f 5476/1123/4649 5479/1105/4652 5473/1072/4646
f 5477/1102/4650 5480/1103/4653 5478/1100/4651
f 5480/1103/4653 5481/1101/4654 5478/1100/4651
f 5480/1103/4653 5482/1104/4655 5481/1101/4654
f 5483/1106/4656 5480/1103/4653 5477/1102/4650
f 5479/1105/4652 5483/1106/4656 5477/1102/4650
f 5484/1107/4657 5482/1104/4655 5480/1103/4653
f 5483/1106/4656 5484/1107/4657 5480/1103/4653
f 5484/1107/4657 5485/1108/4658 5482/1104/4655
f 5479/1105/4652 5486/1109/4659 5483/1106/4656
f 5486/1109/4659 5484/1107/4657 5483/1106/4656
f 5487/1110/4660 5485/1108/4658 5484/1107/4657
f 5484/1107/4657 5486/1109/4659 5487/1110/4660
f 5488/1111/4634 5485/1108/4658 5487/1110/4660
f 5488/1111/4634 5487/1110/4660 5489/1112/4637
f 5490/1113/3931 5489/1112/4637 5487/1110/4660
f 5490/1113/3931 5487/1110/4660 5486/1109/4659
f 5486/1109/4659 5479/1105/4652 5491/1120/4661
f 5479/1105/4652 5476/1123/4649 5491/1120/4661
f 5492/1114/4662 5490/1113/3931 5486/1109/4659
f 5490/1113/3931 5492/1114/4662 5493/1115/1978
f 5493/1115/1978 5492/1114/4662 5494/1116/1090
f 5495/1117/3933 5494/1116/1090 5492/1114/4662
f 5496/1118/4663 5492/1114/4662 5486/1109/4659
f 5492/1114/4662 5496/1118/4663 5495/1117/3933
f 5496/1118/4663 5486/1109/4659 5491/1120/4661
f 5496/1118/4663 5497/1746/4619 5495/1117/3933
f 5491/1120/4661 5498/1747/4664 5496/1118/4663
f 5497/1746/4619 5496/1118/4663 5498/1747/4664
f 5498/1747/4664 5491/1120/4661 5476/1123/4649
f 5498/1747/4664 5499/1125/3756 5497/1746/4619
f 5499/1125/3756 5498/1747/4664 5500/1127/4665
f 5476/1123/4649 5500/1127/4665 5498/1747/4664
f 5499/1125/3756 5500/1127/4665 5501/1128/4666
f 5500/1127/4665 5476/1123/4649 5502/1126/4667
f 5502/1126/4667 5476/1123/4649 5468/1069/4641
f 5468/1069/4641 5467/1068/4640 5502/1126/4667
f 5467/1068/4640 5500/1127/4665 5502/1126/4667
f 5501/1128/4666 5500/1127/4665 5503/1129/4668
f 5500/1127/4665 5467/1068/4640 5503/1129/4668
f 5504/1130/4669 5501/1128/4666 5503/1129/4668
f 5465/1066/4638 5503/1129/4668 5467/1068/4640
f 5505/1131/4670 5504/1130/4669 5503/1129/4668
f 5505/1131/4670 5503/1129/4668 5465/1066/4638
f 5506/1056/4671 5507/1057/4672 5508/1054/4673
f 5507/1057/4672 5506/1056/4671 5509/1059/4674
f 5509/1059/4674 5510/1060/4675 5507/1057/4672
f 5506/1056/4671 5511/1061/4676 5509/1059/4674
f 5511/1061/4676 5506/1056/4671 5512/1058/4677
f 5510/1060/4675 5509/1059/4674 5513/1062/4678
f 5511/1061/4676 5513/1062/4678 5509/1059/4674
f 5514/1063/4679 5510/1060/4675 5513/1062/4678
f 5515/1071/4680 5511/1061/4676 5512/1058/4677
f 5516/1064/4681 5514/1063/4679 5513/1062/4678
f 5516/1064/4681 5517/1065/4682 5514/1063/4679
f 5518/1066/4683 5517/1065/4682 5516/1064/4681
f 5513/1062/4678 5511/1061/4676 5519/1067/4684
f 5516/1064/4681 5513/1062/4678 5519/1067/4684
f 5511/1061/4676 5515/1071/4680 5520/1070/4685
f 5520/1070/4685 5519/1067/4684 5511/1061/4676
f 5516/1064/4681 5521/1068/4686 5518/1066/4683
f 5521/1068/4686 5516/1064/4681 5519/1067/4684
f 5520/1070/4685 5515/1071/4680 5522/1074/4687
f 5522/1074/4687 5515/1071/4680 5523/1075/4688
f 5524/1081/4689 5522/1074/4687 5523/1075/4688
f 5519/1067/4684 5520/1070/4685 5525/1069/4690
f 5525/1069/4690 5521/1068/4686 5519/1067/4684
f 5526/1072/4691 5520/1070/4685 5522/1074/4687
f 5525/1069/4690 5520/1070/4685 5526/1072/4691
f 5522/1074/4687 5524/1081/4689 5527/1076/4692
f 5527/1076/4692 5526/1072/4691 5522/1074/4687
f 5528/1090/4693 5527/1076/4692 5524/1081/4689
f 5529/1123/2063 5525/1069/4690 5526/1072/4691
f 5527/1076/4692 5528/1090/4693 5530/1102/4694
f 5531/1100/4695 5530/1102/4694 5528/1090/4693
f 5526/1072/4691 5527/1076/4692 5532/1105/4696
f 5530/1102/4694 5532/1105/4696 5527/1076/4692
f 5532/1105/4696 5529/1123/2063 5526/1072/4691
f 5530/1102/4694 5531/1100/4695 5533/1103/4697
f 5534/1104/4698 5531/1100/4695 5535/1101/4699
f 5531/1100/4695 5534/1104/4698 5533/1103/4697
f 5533/1103/4697 5536/1106/4700 5530/1102/4694
f 5532/1105/4696 5530/1102/4694 5536/1106/4700
f 5534/1104/4698 5537/1107/4701 5533/1103/4697
f 5536/1106/4700 5533/1103/4697 5537/1107/4701
f 5537/1107/4701 5534/1104/4698 5538/1108/4675
f 5539/1109/4702 5532/1105/4696 5536/1106/4700
f 5537/1107/4701 5539/1109/4702 5536/1106/4700
f 5540/1110/1110 5537/1107/4701 5538/1108/4675
f 5539/1109/4702 5537/1107/4701 5540/1110/1110
f 5541/1111/4703 5540/1110/1110 5538/1108/4675
f 5542/1112/4682 5540/1110/1110 5541/1111/4703
f 5542/1112/4682 5543/1113/4704 5540/1110/1110
f 5543/1113/4704 5539/1109/4702 5540/1110/1110
f 5532/1105/4696 5539/1109/4702 5544/1120/4705
f 5529/1123/2063 5532/1105/4696 5544/1120/4705
f 5545/1114/4706 5539/1109/4702 5543/1113/4704
f 5543/1113/4704 5546/1115/4707 5545/1114/4706
f 5546/1115/4707 5547/1116/4708 5545/1114/4706
f 5548/1117/4709 5545/1114/4706 5547/1116/4708
f 5549/1118/4710 5539/1109/4702 5545/1114/4706
f 5545/1114/4706 5548/1117/4709 5549/1118/4710
f 5539/1109/4702 5549/1118/4710 5544/1120/4705
f 5548/1117/4709 5550/1746/4711 5549/1118/4710
f 5549/1118/4710 5551/1747/4712 5544/1120/4705
f 5550/1746/4711 5551/1747/4712 5549/1118/4710
f 5551/1747/4712 5529/1123/2063 5544/1120/4705
f 5550/1746/4711 5552/1125/3317 5551/1747/4712
f 5552/1125/3317 5553/1127/4713 5551/1747/4712
f 5553/1127/4713 5529/1123/2063 5551/1747/4712
f 5553/1127/4713 5552/1125/3317 5554/1128/4714
f 5529/1123/2063 5553/1127/4713 5555/1126/4715
f 5525/1069/4690 5529/1123/2063 5555/1126/4715
f 5521/1068/4686 5525/1069/4690 5555/1126/4715
f 5553/1127/4713 5521/1068/4686 5555/1126/4715
f 5554/1128/4714 5556/1129/4716 5553/1127/4713
f 5521/1068/4686 5553/1127/4713 5556/1129/4716
f 5557/1130/4717 5556/1129/4716 5554/1128/4714
f 5556/1129/4716 5518/1066/4683 5521/1068/4686
f 5558/1131/4567 5556/1129/4716 5557/1130/4717
f 5558/1131/4567 5518/1066/4683 5556/1129/4716
f 5559/1056/4718 5560/1057/4719 5561/1054/4720
f 5560/1057/4719 5559/1056/4718 5562/1059/4721
f 5562/1059/4721 5563/1060/4722 5560/1057/4719
f 5559/1056/4718 5564/1061/4723 5562/1059/4721
f 5564/1061/4723 5559/1056/4718 5565/1058/4676
f 5563/1060/4722 5562/1059/4721 5566/1062/4724
f 5564/1061/4723 5566/1062/4724 5562/1059/4721
f 5567/1063/4725 5563/1060/4722 5566/1062/4724
f 5568/1071/4726 5564/1061/4723 5565/1058/4676
f 5569/1064/4727 5567/1063/4725 5566/1062/4724
f 5569/1064/4727 5570/1065/3525 5567/1063/4725
f 5570/1065/3525 5569/1064/4727 5571/1066/4728
f 5569/1064/4727 5566/1062/4724 5572/1067/4729
f 5566/1062/4724 5564/1061/4723 5572/1067/4729
f 5569/1064/4727 5573/1068/4730 5571/1066/4728
f 5573/1068/4730 5569/1064/4727 5572/1067/4729
f 5572/1067/4729 5564/1061/4723 5574/1069/4731
f 5574/1069/4731 5573/1068/4730 5572/1067/4729
f 5564/1061/4723 5568/1071/4726 5575/1070/4732
f 5574/1069/4731 5564/1061/4723 5575/1070/4732
f 5575/1070/4732 5568/1071/4726 5576/1074/4733
f 5576/1074/4733 5568/1071/4726 5577/1075/4734
f 5578/1081/4735 5576/1074/4733 5577/1075/4734
f 5579/1072/4736 5575/1070/4732 5576/1074/4733
f 5574/1069/4731 5575/1070/4732 5579/1072/4736
f 5576/1074/4733 5578/1081/4735 5580/1076/4737
f 5580/1076/4737 5579/1072/4736 5576/1074/4733
f 5581/1090/4738 5580/1076/4737 5578/1081/4735
f 5582/1123/4739 5574/1069/4731 5579/1072/4736
f 5580/1076/4737 5581/1090/4738 5583/1102/4740
f 5584/1100/4741 5583/1102/4740 5581/1090/4738
f 5579/1072/4736 5580/1076/4737 5585/1105/4742
f 5583/1102/4740 5585/1105/4742 5580/1076/4737
f 5585/1105/4742 5582/1123/4739 5579/1072/4736
f 5583/1102/4740 5584/1100/4741 5586/1103/4743
f 5587/1101/4744 5586/1103/4743 5584/1100/4741
f 5586/1103/4743 5587/1101/4744 5588/1104/4745
f 5586/1103/4743 5589/1106/4746 5583/1102/4740
f 5585/1105/4742 5583/1102/4740 5589/1106/4746
f 5588/1104/4745 5590/1107/4747 5586/1103/4743
f 5589/1106/4746 5586/1103/4743 5590/1107/4747
f 5590/1107/4747 5588/1104/4745 5591/1108/4748
f 5592/1109/4749 5585/1105/4742 5589/1106/4746
f 5590/1107/4747 5592/1109/4749 5589/1106/4746
f 5593/1110/4750 5590/1107/4747 5591/1108/4748
f 5592/1109/4749 5590/1107/4747 5593/1110/4750
f 5594/1111/4751 5593/1110/4750 5591/1108/4748
f 5595/1112/4752 5593/1110/4750 5594/1111/4751
f 5595/1112/4752 5596/1113/407 5593/1110/4750
f 5596/1113/407 5592/1109/4749 5593/1110/4750
f 5585/1105/4742 5592/1109/4749 5597/1120/4753
f 5582/1123/4739 5585/1105/4742 5597/1120/4753
f 5598/1114/2097 5592/1109/4749 5596/1113/407
f 5596/1113/407 5599/1115/2098 5598/1114/2097
f 5599/1115/2098 5600/1116/4754 5598/1114/2097
f 5601/1117/4755 5598/1114/2097 5600/1116/4754
f 5602/1118/4756 5592/1109/4749 5598/1114/2097
f 5598/1114/2097 5601/1117/4755 5602/1118/4756
f 5592/1109/4749 5602/1118/4756 5597/1120/4753
f 5602/1118/4756 5601/1117/4755 5603/1746/4711
f 5602/1118/4756 5604/1747/4757 5597/1120/4753
f 5603/1746/4711 5604/1747/4757 5602/1118/4756
f 5604/1747/4757 5582/1123/4739 5597/1120/4753
f 5603/1746/4711 5605/1125/3317 5604/1747/4757
f 5605/1125/3317 5606/1127/4758 5604/1747/4757
f 5606/1127/4758 5582/1123/4739 5604/1747/4757
f 5606/1127/4758 5605/1125/3317 5607/1128/4759
f 5582/1123/4739 5606/1127/4758 5608/1126/4760
f 5574/1069/4731 5582/1123/4739 5608/1126/4760
f 5573/1068/4730 5574/1069/4731 5608/1126/4760
f 5606/1127/4758 5573/1068/4730 5608/1126/4760
f 5607/1128/4759 5609/1129/4761 5606/1127/4758
f 5573/1068/4730 5606/1127/4758 5609/1129/4761
f 5610/1130/3516 5609/1129/4761 5607/1128/4759
f 5609/1129/4761 5571/1066/4728 5573/1068/4730
f 5611/1131/3528 5609/1129/4761 5610/1130/3516
f 5611/1131/3528 5571/1066/4728 5609/1129/4761
f 4131/430/3734 4163/343/3758 5612/341/3941
f 4128/434/3731 4131/430/3734 5612/341/3941
f 4163/343/3758 4177/338/3772 5612/341/3941
f 5612/341/3941 5613/437/1112 4128/434/3731
f 5613/437/1112 4127/438/3730 4128/434/3731
f 4177/338/3772 5614/336/1113 5612/341/3941
f 5612/341/3941 5614/336/1113 5613/437/1112
f 4030/335/3644 5614/336/1113 4177/338/3772
f 5614/336/1113 4030/335/3644 4028/334/676
f 5614/336/1113 4028/334/676 5615/331/3886
f 5614/336/1113 5615/331/3886 5613/437/1112
f 4028/334/676 4031/122/3645 5615/331/3886
f 4127/438/3730 5613/437/1112 5616/439/4762
f 5615/331/3886 5616/439/4762 5613/437/1112
f 4127/438/3730 5616/439/4762 5617/443/4763
f 4127/438/3730 5617/443/4763 4123/441/3728
f 5616/439/4762 5615/331/3886 5618/332/4764
f 5619/445/4765 4123/441/3728 5617/443/4763
f 4123/441/3728 5619/445/4765 4119/471/3725
f 4119/471/3725 5619/445/4765 4118/465/3724
f 5616/439/4762 5620/442/4766 5617/443/4763
f 5620/442/4766 5616/439/4762 5618/332/4764
f 5619/445/4765 5617/443/4763 5621/447/4767
f 5620/442/4766 5621/447/4767 5617/443/4763
f 5622/470/4768 4118/465/3724 5619/445/4765
f 5622/470/4768 5619/445/4765 5621/447/4767
f 5623/467/4769 4118/465/3724 5622/470/4768
f 5621/447/4767 5620/442/4766 5624/444/4770
f 4118/465/3724 5623/467/4769 5625/461/4771
f 4118/465/3724 5625/461/4771 4108/462/3716
f 4108/462/3716 5625/461/4771 4105/459/3713
f 5625/461/4771 4101/457/3709 4105/459/3713
f 5620/442/4766 5626/333/4772 5624/444/4770
f 5618/332/4764 5626/333/4772 5620/442/4766
f 5627/455/4773 4101/457/3709 5625/461/4771
f 5628/328/4774 5626/333/4772 5618/332/4764
f 4101/457/3709 5627/455/4773 5629/454/4775
f 4101/457/3709 5629/454/4775 4098/456/3706
f 4096/309/3704 4098/456/3706 5629/454/4775
f 5630/464/4776 5627/455/4773 5625/461/4771
f 5630/464/4776 5625/461/4771 5623/467/4769
f 4096/309/3704 5629/454/4775 5631/321/4777
f 4093/314/3701 4096/309/3704 5631/321/4777
f 5627/455/4773 5632/451/4778 5629/454/4775
f 5629/454/4775 5632/451/4778 5631/321/4777
f 5630/464/4776 5633/453/4779 5627/455/4773
f 5627/455/4773 5633/453/4779 5632/451/4778
f 5634/468/4780 5630/464/4776 5623/467/4769
f 5634/468/4780 5623/467/4769 5622/470/4768
f 5635/466/4781 5630/464/4776 5634/468/4780
f 5635/466/4781 5633/453/4779 5630/464/4776
f 5636/469/4782 5634/468/4780 5622/470/4768
f 5635/466/4781 5634/468/4780 5636/469/4782
f 5622/470/4768 5621/447/4767 5636/469/4782
f 5637/452/4783 5635/466/4781 5636/469/4782
f 5637/452/4783 5633/453/4779 5635/466/4781
f 5621/447/4767 5637/452/4783 5636/469/4782
f 5638/450/4784 5633/453/4779 5637/452/4783
f 5633/453/4779 5638/450/4784 5632/451/4778
f 5637/452/4783 5621/447/4767 5639/449/891
f 5639/449/891 5638/450/4784 5637/452/4783
f 5621/447/4767 5640/446/4785 5639/449/891
f 5624/444/4770 5640/446/4785 5621/447/4767
f 5638/450/4784 5639/449/891 5641/448/4786
f 5641/448/4786 5639/449/891 5640/446/4785
f 5632/451/4778 5638/450/4784 5642/322/4787
f 5642/322/4787 5638/450/4784 5641/448/4786
f 5631/321/4777 5632/451/4778 5642/322/4787
f 5624/444/4770 5643/330/882 5640/446/4785
f 5643/330/882 5624/444/4770 5626/333/4772
f 5628/328/4774 5643/330/882 5626/333/4772
f 5644/318/3874 5631/321/4777 5642/322/4787
f 4093/314/3701 5631/321/4777 5644/318/3874
f 5640/446/4785 5643/330/882 5645/323/4788
f 5645/323/4788 5641/448/4786 5640/446/4785
f 5641/448/4786 5646/320/3878 5642/322/4787
f 5646/320/3878 5641/448/4786 5645/323/4788
f 5646/320/3878 5644/318/3874 5642/322/4787
f 5647/326/4789 5645/323/4788 5643/330/882
f 5643/330/882 5628/328/4774 5647/326/4789
f 5645/323/4788 5648/324/3879 5646/320/3878
f 5645/323/4788 5647/326/4789 5648/324/3879
f 5649/315/4790 4093/314/3701 5644/318/3874
f 5649/315/4790 4085/312/3693 4093/314/3701
f 4086/313/3694 4085/312/3693 5649/315/4790
f 5650/316/866 5649/315/4790 5644/318/3874
f 4086/313/3694 5649/315/4790 5650/316/866
f 5650/316/866 5644/318/3874 5646/320/3878
f 5651/317/3875 4086/313/3694 5650/316/866
f 5651/317/3875 5650/316/866 5652/138/3833
f 5653/319/3877 5650/316/866 5646/320/3878
f 5652/138/3833 5650/316/866 5653/319/3877
f 5648/324/3879 5653/319/3877 5646/320/3878
f 5654/137/4791 5652/138/3833 5653/319/3877
f 5653/319/3877 5648/324/3879 5654/137/4791
f 4055/135/3664 5652/138/3833 5654/137/4791
f 4054/130/3663 4055/135/3664 5654/137/4791
f 5648/324/3879 5655/325/4792 5654/137/4791
f 5655/325/4792 5648/324/3879 5647/326/4789
f 5654/137/4791 5656/129/4793 4054/130/3663
f 5655/325/4792 5656/129/4793 5654/137/4791
f 4033/124/3646 4054/130/3663 5656/129/4793
f 4032/123/680 4033/124/3646 5656/129/4793
f 4032/123/680 5656/129/4793 5655/325/4792
f 5647/326/4789 5657/327/4794 5655/325/4792
f 5655/325/4792 5657/327/4794 4032/123/680
f 5647/326/4789 5628/328/4774 5657/327/4794
f 5657/327/4794 4031/122/3645 4032/123/680
f 5628/328/4774 5658/329/4795 5657/327/4794
f 4031/122/3645 5657/327/4794 5658/329/4795
f 5618/332/4764 5658/329/4795 5628/328/4774
f 5658/329/4795 5615/331/3886 4031/122/3645
f 5615/331/3886 5658/329/4795 5618/332/4764
